Workbook

Sheet Yoriqnoma
A1: YO‘RIQNOMA / ИНСТРУКЦИЯ — Doya kabineti (QVP / oilaviy poliklinika)
A2: Кабинет доя (СВП / семейная поликлиника)
A3: MAXFIY / КОНФИДЕНЦИАЛЬНО — bu fayl shaxsiy va tibbiy ma’lumotlarni saqlaydi (shifokorlik siri). Faqat o‘zingizda saqlang, parol qo‘ying; o‘rinbosarga FAQAT «Chop_etish» varag‘i (qog‘oz) va «Eksport» qatori (yig‘ma sonlar) topshiriladi. / Файл хранит персональные и медицинские данные (врачебная тайна). Храните у себя, поставьте пароль; заместителю сдаются ТОЛЬКО лист «Chop_etish» (бумага) и строка «Eksport» (агрегаты).
B4: Kim to‘ldiradi / Кто заполняет | C4: Doya kabineti (QVP / oilaviy poliklinika) / Кабинет доя (СВП / семейная поликлиника)
B5: Kimga topshiriladi / Кому сдаётся | C5: Birlashma boshlig'ining onalik va bolalikni muhofaza qilish bo'yicha o'rinbosari / Заместитель начальника объединения по охране материнства и детства
B6: Muddat / Срок | C6: Har hafta juma kuni soat 12:00 gacha / каждую пятницу до 12:00
B7: Papkalar / Папки | C7: № 3, 7, 8, 9, 10, 11, 12
A9: 1. Qanday ishlash kerak / Как работать
A10: № | B10: Qadam / Шаг | C10: O‘zbekcha (lotin) | D10: Русский
A11: 1 | B11: Ayollarni bir marta yozing | C11: Yangi homilador — «Homiladorlar» varag‘iga; uchastkadagi boshqa ayollar — «Fertil_ayollar»ga; dispanser, nogiron — o‘z varag‘iga. F.I.Sh. va tug‘ilgan sanani yozing. | D11: Новую беременную — на лист «Homiladorlar»; остальных женщин участка — в «Fertil_ayollar»; диспансерных и инвалидов — на свои листы. Впишите ФИО и дату рождения.
A12: 2 | B12: Diagnozni hujjatdan ko‘chiring | C12: Xavf guruhi, diagnoz va MKB-10 — faqat davolovchi shifokor hujjatidan; hujjat raqami va shifokor F.I.Sh.ni yozing. | D12: Группа риска, диагноз и МКБ-10 — только из документа лечащего врача; укажите № документа и ФИО врача.
A13: 3 | B13: Har kuni va har tashrifda yozing | C13: Qabul kuni — «Qabul_jurnali»; patronaj — «Patronaj»; skrining — «Skrining»; uyga borish — «Nogiron_yordam»; suhbat — «Targibot». Ayolni ro‘yxatdan tanlang. | D13: Приём — «Qabul_jurnali»; патронаж — «Patronaj»; скрининг — «Skrining»; выезд на дом — «Nogiron_yordam»; беседа — «Targibot». Женщину выбирайте из списка.
A14: 4 | B14: Qizil qatorlar | C14: Qizil qator — ko‘rik/tashrif muddati o‘tgan ayol: unga bog‘laning. «Xavfli_homiladorlar» va «Voyaga_yetmaganlar» ro‘yxatlari o‘zi to‘ladi. | D14: Красная строка — просрочен осмотр/визит: свяжитесь с женщиной. Списки «Xavfli_homiladorlar» и «Voyaga_yetmaganlar» заполняются сами.
A15: 5 | B15: «Boshqaruv» varag‘i | C15: Davr boshi va oxirini (C9, C10), muassasa va F.I.Sh.ni kiriting. Ko‘rsatkichlar jurnallardan o‘zi hisoblanadi; sariq ko‘rsatkichlarni qo‘lda kiriting. «TAYYORLIK» qatori «✔ TAYYOR» bo‘lishi kerak. | D15: Введите начало и конец периода (C9, C10), учреждение и ФИО. Показатели считаются сами из журналов; жёлтые показатели введите вручную. Строка «ГОТОВНОСТЬ» должна показать «✔ ГОТОВО».
A16: 6 | B16: «Chop_etish» varag‘i | C16: A4 qog‘ozga bir bet qilib chop eting, «Tayyorladi»ga imzo qo‘ying, rahbarga imzolating, M.O. joyiga muhr bosdiring. Qog‘ozdagi raqamlar Excel bilan bir xil bo‘lsin. | D16: Распечатайте на одном листе А4, подпишите («Подготовил(а)»), заверьте у руководителя и поставьте печать в поле М.П. Цифры на бумаге должны совпадать с Excel.
A17: 7 | B17: «Eksport» qatori va yuborish | C17: «Eksport» varag‘ining 4-qatori — yig‘ma sonlar (shaxsiy ma’lumotsiz). Faylni EMAS, faqat shu qatorni (yoki «Chop_etish»ni) yuboring. Fayl nomi: Rol_Muassasa_Davr.xlsx. | D17: Строка 4 листа «Eksport» — агрегированные числа (без персональных данных). Отправляйте не файл, а только эту строку (или «Chop_etish»). Имя файла: Роль_Учреждение_Период.xlsx.
A19: 2. Varaqlar va jurnallar / Листы и журналы
A20: № | B20: Varaq / Лист | C20: Nima uchun / Для чего (uz) | D20: Для чего (ru)
A21: 1 | B21: Homiladorlar | C21: Uchastkadagi barcha homilador va tuqqan ayollar: kim, qachon hisobga olingan, xavf guruhi, diagnoz (hujjat bo‘yicha), ko‘riklar, skrining. Ko‘rsatkichlar 1–4, 14, 15, 18, 24, 25 shundan hisoblanadi. | D21: Все беременные и родильницы участка: кто, когда взята на учёт, группа риска, диагноз (по документам), осмотры, скрининг. Показатели 1–4, 14, 15, 18, 24, 25 считаются отсюда.
A22: 2 | B22: Xavfli_homiladorlar | C22: Xavf guruhidagi homiladorlar ro‘yxati (ism, diagnoz, ko‘rik muddati) — avtomatik; qog‘ozga chiqarish mumkin. | D22: Список беременных группы риска (ФИО, диагноз, сроки осмотра) — автоматически; можно печатать.
A23: 3 | B23: Voyaga_yetmaganlar | C23: 18 yoshgacha homiladorlar ro‘yxati — avtomatik. | D23: Список беременных до 18 лет — автоматически.
A24: 4 | B24: Fertil_ayollar | C24: Uchastka ayollari ro‘yxati: tug‘ish yoshidagilar soni (5), kontratseptiv qo‘llayotganlar (6), qamrab olish choralari (17). | D24: Список женщин участка: число женщин фертильного возраста (5), использующих контрацепцию (6), меры по охвату (17).
A25: 5 | B25: Dispanser | C25: Dispanser nazoratidagi ayollar va o‘smir qizlar (ko‘rsatkichlar 7, 8): diagnoz, sog‘lomlashtirish rejasi, ko‘rik muddati. | D25: Женщины и девочки-подростки на диспансерном учёте (показатели 7, 8): диагноз, план оздоровления, сроки осмотров.
A26: 6 | B26: Nogiron_ayollar | C26: Uchastkadagi nogiron ayollar (ko‘rsatkich 9). Uyga borib ko‘rsatilgan yordam «Nogiron_yordam» varag‘ida yoziladi. | D26: Женщины-инвалиды участка (показатель 9). Выезды с помощью на дом записываются на листе «Nogiron_yordam».
A27: 7 | B27: Nogiron_yordam | C27: Har bir uyga borish yozuvi: sana, qaysi ayol, qanday yordam, dalolatnoma raqami (ko‘rsatkich 10). | D27: Журнал выездов на дом: дата, женщина, вид помощи, № акта (показатель 10).
A28: 8 | B28: Patronaj | C28: Patronaj tashriflari: sana, ayol, turi, universal-progressiv patronajmi. Ko‘rsatkichlar 11 va 13 shundan hisoblanadi (13 — har bir ayol bir marta). | D28: Патронажные посещения: дата, женщина, тип, универсально-прогрессивный ли. Показатели 11 и 13 считаются отсюда (13 — каждая женщина один раз).
A29: 9 | B29: Skrining | C29: Saraton skriningi: kim, qachon, qaysi tur, natija, xavf guruhimi. Ko‘rsatkichlar 16, 22, 23 shundan hisoblanadi. | D29: Скрининг рака: кто, когда, какой вид, результат, группа риска ли. Показатели 16, 22, 23 считаются отсюда.
A30: 10 | B30: Qabul_jurnali | C30: Qabul kunlari: rejalashtirilgan va haqiqiy tashriflar (ko‘rsatkichlar 19–21, reja bajarilishi % avtomatik). | D30: Дни приёма: запланированные и фактические визиты (показатели 19–21, % выполнения плана — авто).
A31: 11 | B31: Targibot | C31: Targ‘ibot suhbatlari (ko‘rsatkich 12) va «Qizlar salomatlik markazi» bilan tadbirlar (27). | D31: Пропагандистские беседы (показатель 12) и мероприятия с «Центром здоровья девочек» (27).
A32: 12 | B32: Qizlar_maslahat | C32: Reproduktiv salomatlik bo‘yicha maslahat olgan 15–17 yoshli qizlar (ko‘rsatkich 26). | D32: Девочки 15–17 лет, получившие консультацию по репродуктивному здоровью (показатель 26).
... A36: 16 | B36: Eksport | C36: O‘rinbosarga yuboriladigan bir qator. | D36: Строка для отправки заместителю.
A38: 3. Qoidalar / Правила
A39: № | B39: Qoida / Правило | C39: O‘zbekcha (lotin) | D39: Русский
A40: 1 | B40: Ranglar | C40: Sariq katak — kiritiladi. Yashil — avtomatik (tegmang). Kulrang — yordamchi ustun. Qizil — xato/muddat o‘tgan. Ustun sarlavhasi: ko‘k — kiritish, yashil — avtomatik. | D40: Жёлтая — ввод. Зелёная — авто (не трогать). Серая — вспомогательная. Красная — ошибка/просрочка. Заголовок: синий — ввод, зелёный — авто.
A41: 2 | B41: Bir marta yozing | C41: Har bir shaxs/hodisa bitta qatorga yoziladi; takror yozuv qizil bo‘ladi. Sanani kun.oy.yil ko‘rinishida kiriting. | D41: Каждый человек/событие — одна строка; дубль подсвечивается красным. Даты вводите как дд.мм.гггг.
A42: 3 | B42: Tashxis va xavf | C42: Tashxis va xavf sababini faqat davolovchi shifokor hujjatidan (karta, xulosa) ko‘chiring — o‘zingizdan yozmang; hujjat raqamini ham yozing. | D42: Диагноз и причину риска переписывайте только из документа лечащего врача (карта, заключение), не от себя; укажите № документа.
A43: 4 | B43: Maxfiylik | C43: Fayl faqat sizda; guruhga yubormang. PINFL — 14 ta raqam, «PINFL» ustuniga; faylni parol bilan himoyalang. Yig‘ma ma’lumot — «Eksport» va «Chop_etish». | D43: Файл только у вас; в группы не отправлять. ПИНФЛ — 14 цифр, в столбец «ПИНФЛ»; защитите файл паролем. Агрегаты — «Eksport» и «Chop_etish».
A44: 5 | B44: Nusxa | C44: Har oy oxirida faylning zaxira nusxasini saqlang (Fayl → Boshqacha saqlash). | D44: В конце каждого месяца сохраняйте резервную копию файла.
A45: 6 | B45: Eng ko‘p xatolar | C45: Sanani matn qilib yozish; yashil katakni o‘zgartirish; ro‘yxatdan tashqari qiymat; davrni (C9, C10) kiritmaslik; qog‘oz va Excel raqamlari mos kelmasligi; imzo/muhrsiz topshirish. | D45: Дата текстом; правка зелёных ячеек; значение не из списка; не введён период (C9, C10); цифры на бумаге и в Excel не совпадают; сдача без подписи/печати.
A47: 4. Eslatmalar / Примечания
A48: 1 | B48: Antenatal standart | C48: Homiladorlik muddati sanasi OHS (oxirgi hayz 1-kuni) dan hisoblanadi (280 kun). Birinchi tashrif 12 haftagacha — erta hisobga olish hisoblanadi (180-son buyruq, 2025). | D48: Срок считается от первого дня последних месячных (280 дней). Первый визит до 12 недель — ранний учёт (приказ № 180, 2025).
A49: 2 | B49: Skrining oynasi | C49: I trimestr skrining muddati oynasi (11–13⁶ hafta) «Spravochnik»dagi parametrlarda — buyruq bilan solishtirib tekshiring. | D49: Окно сроков скрининга I триместра (11–13⁶ нед.) задано параметрами на «Spravochnik» — сверьте с приказом.

Sheet Boshqaruv
A1: BOSHQARUV VA KO‘RSATKICHLAR / УПРАВЛЕНИЕ И ПОКАЗАТЕЛИ — Doya kabineti (QVP / oilaviy poliklinika)
A2: Кабинет доя (СВП / семейная поликлиника)
A3: Bu yerda faqat davr va ma’lumotlarni kiriting; ko‘rsatkichlar jurnallardan O‘ZI hisoblanadi (yashil). Sariq katak — qo‘lda kiritiladi. / Здесь вводятся период и реквизиты; показатели считаются САМИ из журналов (зелёные). Жёлтая ячейка — вводится вручную.
B5: Muassasa (nomi, №) / Учреждение | C5: СВП №3 (тест)
B6: F.I.Sh. (to‘ldiruvchi) / Ф.И.О. (заполняющий) | C6: Тестова Дильфуза
B7: Lavozimi / Должность | C7: Doya (QVP / oilaviy poliklinika) / Доя (СВП)
B8: Telefon / Телефон | C8: +998900000001
B9: Davr boshi (sana) / Начало периода (дата) | C9: 46311 | D9: ← masalan / напр.: 01.09.2026
B10: Davr oxiri (sana) / Конец периода (дата) | C10: 46318 | D10: ← masalan / напр.: 30.09.2026
B11: Davr (avto) / Период (авто) | C11: =IF(OR(C9="",C10=""),"",DAY(C9)&"."&MONTH(C9)&"."&YEAR(C9)&" – "&DAY(C10)&"."&MONTH(C10)&"."&YEAR(C10)) -> 16.10.2026 – 23.10.2026
B12: Hisob sanasi (avto: davr oxiri, bo‘sh bo‘lsa — bugun) / Дата расчёта (авто: конец периода, иначе сегодня) | C12: =IF(C10="",TODAY(),C10) -> 46318
B13: TAYYORLIK / ГОТОВНОСТЬ | C13: =IF(IF(OR(C9="",C10=""),"davrni kiriting (C9, C10); ","")&IF(AND(C9<>"",C10<>"",C10<C9),"davr oxiri boshidan oldin; ","")&IF(OR(C5="",C6=""),"muassasa va F.I.Sh.; ","")&IF(SUM(D47,D48,D49,D50,D52,D53,D56,D57,D60,D61,D62,D63,D64,D66,D67,D68,D69,D71)>0,"jurnallarda xatolar bor (pastga qarang); ","")="","✔ TAYYOR / ГОТОВО","✖ TO‘LIQ EMAS / НЕ ПОЛНО: "&IF(OR(C9="",C10=""),"davrni kiriting (C9, C10); ","")&IF(AND(C9<>"",C10<>"",C10<C9),"davr oxiri boshidan oldin; ","")&IF(OR(C5="",C6=""),"muassasa va F.I.Sh.; ","")&IF(SUM(D47,D48,D49,D50,D52,D53,D56,D57,D60,D61,D62,D63,D64,D66,D67,D68,D69,D71)>0,"jurnallarda xatolar bor (pastga qarang); ","")) -> ✖ TO‘LIQ EMAS / НЕ ПОЛНО: jurnallarda xatolar bor (pastga qarang);
B14: HUJJATLAR / ДОКУМЕНТЫ | C14: =IF(COUNTBLANK(Hujjatlar!E5:E19)=0,"✔ Hammasi belgilangan / Всё отмечено","✖ Hujjatlar varag‘ida belgilanmagan: "&COUNTBLANK(Hujjatlar!E5:E19)&" ta") -> ✖ Hujjatlar varag‘ida belgilanmagan: 15 ta
A16: T/r | B16: Ko‘rsatkich | C16: Показатель | D16: Birlik | E16: Papka | F16: Qiymat / Значение | G16: Manba / Источник и как считается
A17: 1 | B17: Hisobdagi homilador ayollar soni | C17: Число беременных на учёте | D17: nafar | E17: 10 | F17: =IF(OR(Boshqaruv!$C$9="",Boshqaruv!$C$10=""),"",(COUNTIFS(Homiladorlar!$I$5:$I$404,"<="&Boshqaruv!$C$10,Homiladorlar!$AG$5:$AG$404,"")+COUNTIFS(Homiladorlar!$I$5:$I$404,"<="&Boshqaruv!$C$10,Homiladorlar!$AG$5:$AG$404,">"&Boshqaruv!$C$10))) -> 12 | G17: AVTOMATIK: «Homiladorlar»: davr oxiriga hisobda turgan homiladorlar (hisobga olingan ≤ davr oxiri, chiqish sanasi yo‘q yoki undan keyin). / АВТОМАТИЧЕСКИ: «Homiladorlar»: состоящие на учёте на конец периода (взята ≤ конца периода, нет даты выбытия или она позже).
A18: 2 | B18: Shundan 12 haftagacha hisobga olinganlar | C18: Из них взято на учёт до 12 недель | D18: nafar | E18: 10 | F18: =IF(OR(Boshqaruv!$C$9="",Boshqaruv!$C$10=""),"",(COUNTIFS(Homiladorlar!$I$5:$I$404,"<="&Boshqaruv!$C$10,Homiladorlar!$AG$5:$AG$404,"",Homiladorlar!$N$5:$N$404,"Ha")+COUNTIFS(Homiladorlar!$I$5:$I$404,"<="&Boshqaruv!$C$10,Homiladorlar!$AG$5:$AG$404,">"&Boshqaruv!$C$10,Homiladorlar!$N$5:$N$404,"Ha"))) -> 12 | G18: AVTOMATIK: «Homiladorlar»: shundan «12 haftagacha hisobga olingan = Ha». / АВТОМАТИЧЕСКИ: «Homiladorlar»: из них «взята до 12 нед. = Ha».
A19: 3 | B19: Erta hisobga olish ulushi | C19: Доля раннего учёта | D19: % | E19: 10 | F19: =IF(OR(Boshqaruv!$C$9="",Boshqaruv!$C$10=""),"",IF(N($F$17)=0,"",$F$18/$F$17)) -> 1 | G19: AVTOMATIK: 2-qator / 1-qator. / АВТОМАТИЧЕСКИ: Строка 2 / строка 1.
A20: 4 | B20: Xavf guruhidagi homiladorlar | C20: Беременные группы риска | D20: nafar | E20: 7 | F20: =IF(OR(Boshqaruv!$C$9="",Boshqaruv!$C$10=""),"",(COUNTIFS(Homiladorlar!$I$5:$I$404,"<="&Boshqaruv!$C$10,Homiladorlar!$AG$5:$AG$404,"",Homiladorlar!$Q$5:$Q$404,"Ha")+COUNTIFS(Homiladorlar!$I$5:$I$404,"<="&Boshqaruv!$C$10,Homiladorlar!$AG$5:$AG$404,">"&Boshqaruv!$C$10,Homiladorlar!$Q$5:$Q$404,"Ha"))) -> 4 | G20: AVTOMATIK: «Homiladorlar»: xavf guruhi = Ha (davr oxiriga hisobda). / АВТОМАТИЧЕСКИ: «Homiladorlar»: группа риска = Ha (на учёте на конец периода).
A21: 5 | B21: Tug'ish yoshidagi ayollar soni (uchastkada) | C21: Женщин фертильного возраста на участке | D21: nafar | E21: 13 | F21: =IF(OR(Boshqaruv!$C$9="",Boshqaruv!$C$10=""),"",(COUNTIFS(Fertil_ayollar!$B$5:$B$2504,"<>",Fertil_ayollar!$K$5:$K$2504,"",Fertil_ayollar!$L$5:$L$2504,"",Fertil_ayollar!$I$5:$I$2504,"Ha")+COUNTIFS(Fertil_ayollar!$B$5:$B$2504,"<>",Fertil_ayollar!$K$5:$K$2504,"",Fertil_ayollar!$L$5:$L$2504,">"&Boshqaruv!$C$10,Fertil_ayollar!$I$5:$I$2504,"Ha")+COUNTIFS(Fertil_ayollar!$B$5:$B$2504,"<>",Fertil_ayollar!$K$5:$K$2504,"<="&Boshqaruv!$C$10,Fertil_ayollar!$L$5:$L$2504,"",Fertil_ayollar!$I$5:$I$2504,"Ha")+COUNTIFS(Fertil_ayollar!$B$5:$B$2504,"<>",Fertil_ayollar!$K$5:$K$2504,"<="&Boshqaruv!$C$10,Fertil_ayollar!$L$5:$L$2504,">"&Boshqaruv!$C$10,Fertil_ayollar!$I$5:$I$2504,"Ha"))) -> 0 | G21: AVTOMATIK: «Fertil_ayollar»: 15–49 yoshdagi ayollar (davr oxiriga yosh). / АВТОМАТИЧЕСКИ: «Fertil_ayollar»: женщины 15–49 лет (возраст на конец периода).
A22: 6 | B22: Kontratseptiv qo'llayotgan ayollar | C22: Женщины, использующие контрацептивы | D22: nafar | E22: 12 | F22: =IF(OR(Boshqaruv!$C$9="",Boshqaruv!$C$10=""),"",(COUNTIFS(Fertil_ayollar!$B$5:$B$2504,"<>",Fertil_ayollar!$N$5:$N$2504,"",Fertil_ayollar!$O$5:$O$2504,"",Fertil_ayollar!$I$5:$I$2504,"Ha",Fertil_ayollar!$M$5:$M$2504,"<>")+COUNTIFS(Fertil_ayollar!$B$5:$B$2504,"<>",Fertil_ayollar!$N$5:$N$2504,"",Fertil_ayollar!$O$5:$O$2504,">"&Boshqaruv!$C$10,Fertil_ayollar!$I$5:$I$2504,"Ha",Fertil_ayollar!$M$5:$M$2504,"<>")+COUNTIFS(Fertil_ayollar!$B$5:$B$2504,"<>",Fertil_ayollar!$N$5:$N$2504,"<="&Boshqaruv!$C$10,Fertil_ayollar!$O$5:$O$2504,"",Fertil_ayollar!$I$5:$I$2504,"Ha",Fertil_ayollar!$M$5:$M$2504,"<>")+COUNTIFS(Fertil_ayollar!$B$5:$B$2504,"<>",Fertil_ayollar!$N$5:$N$2504,"<="&Boshqaruv!$C$10,Fertil_ayollar!$O$5:$O$2504,">"&Boshqaruv!$C$10,Fertil_ayollar!$I$5:$I$2504,"Ha",Fertil_ayollar!$M$5:$M$2504,"<>"))) -> 0 | G22: AVTOMATIK: «Fertil_ayollar»: usuli tanlangan, to‘xtatilmagan (boshlangan ≤ davr oxiri). / АВТОМАТИЧЕСКИ: «Fertil_ayollar»: метод выбран, не прекращён (начало ≤ конца периода).
A23: 7 | B23: Dispanser hisobidagi ayollar | C23: Женщины на диспансерном учёте | D23: nafar | E23: 9 | F23: =IF(OR(Boshqaruv!$C$9="",Boshqaruv!$C$10=""),"",(COUNTIFS(Dispanser!$B$5:$B$304,"<>",Dispanser!$M$5:$M$304,"",Dispanser!$S$5:$S$304,"",Dispanser!$I$5:$I$304,"Ayol")+COUNTIFS(Dispanser!$B$5:$B$304,"<>",Dispanser!$M$5:$M$304,"",Dispanser!$S$5:$S$304,">"&Boshqaruv!$C$10,Dispanser!$I$5:$I$304,"Ayol")+COUNTIFS(Dispanser!$B$5:$B$304,"<>",Dispanser!$M$5:$M$304,"<="&Boshqaruv!$C$10,Dispanser!$S$5:$S$304,"",Dispanser!$I$5:$I$304,"Ayol")+COUNTIFS(Dispanser!$B$5:$B$304,"<>",Dispanser!$M$5:$M$304,"<="&Boshqaruv!$C$10,Dispanser!$S$5:$S$304,">"&Boshqaruv!$C$10,Dispanser!$I$5:$I$304,"Ayol"))) -> 0 | G23: AVTOMATIK: «Dispanser»: toifa = Ayol, hisobda. / АВТОМАТИЧЕСКИ: «Dispanser»: категория = Ayol, на учёте.
A24: 8 | B24: Dispanser hisobidagi o'smir qizlar | C24: Девочки-подростки на диспансерном учёте | D24: nafar | E24: 9 | F24: =IF(OR(Boshqaruv!$C$9="",Boshqaruv!$C$10=""),"",(COUNTIFS(Dispanser!$B$5:$B$304,"<>",Dispanser!$M$5:$M$304,"",Dispanser!$S$5:$S$304,"",Dispanser!$I$5:$I$304,"O'smir qiz")+COUNTIFS(Dispanser!$B$5:$B$304,"<>",Dispanser!$M$5:$M$304,"",Dispanser!$S$5:$S$304,">"&Boshqaruv!$C$10,Dispanser!$I$5:$I$304,"O'smir qiz")+COUNTIFS(Dispanser!$B$5:$B$304,"<>",Dispanser!$M$5:$M$304,"<="&Boshqaruv!$C$10,Dispanser!$S$5:$S$304,"",Dispanser!$I$5:$I$304,"O'smir qiz")+COUNTIFS(Dispanser!$B$5:$B$304,"<>",Dispanser!$M$5:$M$304,"<="&Boshqaruv!$C$10,Dispanser!$S$5:$S$304,">"&Boshqaruv!$C$10,Dispanser!$I$5:$I$304,"O'smir qiz"))) -> 0 | G24: AVTOMATIK: «Dispanser»: toifa = O‘smir qiz, hisobda. / АВТОМАТИЧЕСКИ: «Dispanser»: категория = O‘smir qiz, на учёте.
A25: 9 | B25: Nogiron ayollar soni | C25: Число женщин-инвалидов | D25: nafar | E25: 8 | F25: =IF(OR(Boshqaruv!$C$9="",Boshqaruv!$C$10=""),"",(COUNTIFS(Nogiron_ayollar!$B$5:$B$124,"<>",Nogiron_ayollar!$J$5:$J$124,"",Nogiron_ayollar!$K$5:$K$124,"")+COUNTIFS(Nogiron_ayollar!$B$5:$B$124,"<>",Nogiron_ayollar!$J$5:$J$124,"",Nogiron_ayollar!$K$5:$K$124,">"&Boshqaruv!$C$10)+COUNTIFS(Nogiron_ayollar!$B$5:$B$124,"<>",Nogiron_ayollar!$J$5:$J$124,"<="&Boshqaruv!$C$10,Nogiron_ayollar!$K$5:$K$124,"")+COUNTIFS(Nogiron_ayollar!$B$5:$B$124,"<>",Nogiron_ayollar!$J$5:$J$124,"<="&Boshqaruv!$C$10,Nogiron_ayollar!$K$5:$K$124,">"&Boshqaruv!$C$10))) -> 0 | G25: AVTOMATIK: «Nogiron_ayollar»: ro‘yxatda turganlar. / АВТОМАТИЧЕСКИ: «Nogiron_ayollar»: состоящие в списке.
A26: 10 | B26: Nogiron ayollarga uyga borib ko'rsatilgan yordam | C26: Выезды к женщинам-инвалидам | D26: marta | E26: 8 | F26: =IF(OR(Boshqaruv!$C$9="",Boshqaruv!$C$10=""),"",COUNTIFS(Nogiron_yordam!$B$5:$B$504,">="&Boshqaruv!$C$9,Nogiron_yordam!$B$5:$B$504,"<="&Boshqaruv!$C$10,Nogiron_yordam!$C$5:$C$504,"<>")) -> 0 | G26: AVTOMATIK: «Nogiron_yordam»: davrdagi borishlar soni. / АВТОМАТИЧЕСКИ: «Nogiron_yordam»: число выездов за период.
A27: 11 | B27: Patronaj tashriflari (homilador va tuqqan ayollar) | C27: Патронажные посещения (беременные и родильницы) | D27: marta | E27: 7 | F27: =IF(OR(Boshqaruv!$C$9="",Boshqaruv!$C$10=""),"",COUNTIFS(Patronaj!$B$5:$B$1504,">="&Boshqaruv!$C$9,Patronaj!$B$5:$B$1504,"<="&Boshqaruv!$C$10,Patronaj!$C$5:$C$1504,"<>")) -> 0 | G27: AVTOMATIK: «Patronaj»: davrdagi tashriflar soni. / АВТОМАТИЧЕСКИ: «Patronaj»: число посещений за период.
A28: 12 | B28: Targ'ibot suhbatlari (kontratseptsiya, sog'lom turmush) | C28: Беседы-пропаганда (контрацепция, ЗОЖ) | D28: marta | E28: 10 | F28: =IF(OR(Boshqaruv!$C$9="",Boshqaruv!$C$10=""),"",COUNTIFS(Targibot!$B$5:$B$304,">="&Boshqaruv!$C$9,Targibot!$B$5:$B$304,"<="&Boshqaruv!$C$10,Targibot!$C$5:$C$304,"Targ'ibot suhbati")) -> 0 | G28: AVTOMATIK: «Targibot»: turi = Targ‘ibot suhbati, davrda. / АВТОМАТИЧЕСКИ: «Targibot»: вид = Targ‘ibot suhbati, за период.
A29: 13 | B29: Universal-progressiv patronaj bilan qamrab olingan homilador va tuqqan ayollar | C29: Охвачено универсально-прогрессивным патронажем беременных и родильниц | D29: nafar | E29: 10 | F29: =IF(OR(Boshqaruv!$C$9="",Boshqaruv!$C$10=""),"",COUNTIFS(Patronaj!$L$5:$L$1504,1)) -> 0 | G29: AVTOMATIK: «Patronaj»: universal-progressiv = Ha bo‘lgan ayollar (har biri 1 marta). / АВТОМАТИЧЕСКИ: «Patronaj»: женщины с УПП = Ha (каждая один раз). [Asos: 263-son buyruq (2022), doya vazifalari]
A30: 14 | B30: Antenatal ko‘rikka yo‘llangan homiladorlar | C30: Направлено беременных на антенатальные осмотры | D30: nafar | E30: 10 | F30: =IF(OR(Boshqaruv!$C$9="",Boshqaruv!$C$10=""),"",COUNTIFS(Homiladorlar!$Y$5:$Y$404,">="&Boshqaruv!$C$9,Homiladorlar!$Y$5:$Y$404,"<="&Boshqaruv!$C$10,Homiladorlar!$B$5:$B$404,"<>")) -> 0 | G30: AVTOMATIK: «Homiladorlar»: antenatal ko‘rikka yo‘llangan sana davrda. / АВТОМАТИЧЕСКИ: «Homiladorlar»: дата направления на антенат. осмотр в периоде. [Asos: 263-son buyruq (2022), doya vazifalari]
A31: 15 | B31: Prenatal skriningdan o‘z vaqtida o‘tgan homiladorlar | C31: Прошли пренатальный скрининг в срок | D31: nafar | E31: 11 | F31: =IF(OR(Boshqaruv!$C$9="",Boshqaruv!$C$10=""),"",COUNTIFS(Homiladorlar!$Z$5:$Z$404,">="&Boshqaruv!$C$9,Homiladorlar!$Z$5:$Z$404,"<="&Boshqaruv!$C$10,Homiladorlar!$AB$5:$AB$404,"Ha")) -> 0 | G31: AVTOMATIK: «Homiladorlar»: skrining sanasi davrda va muddat oynasida (parametr: Spravochnik). / АВТОМАТИЧЕСКИ: «Homiladorlar»: дата скрининга в периоде и в окне сроков (параметр на Spravochnik). [Asos: 263-son buyruq (2022), doya vazifalari]
A32: 16 | B32: Xavf guruhidagi ayollardan skrining ko‘rigidan o‘tganlar | C32: Женщин группы риска, прошедших скрининг-осмотр | D32: nafar | E32: 9 | F32: =IF(OR(Boshqaruv!$C$9="",Boshqaruv!$C$10=""),"",COUNTIFS(Skrining!$B$5:$B$1504,">="&Boshqaruv!$C$9,Skrining!$B$5:$B$1504,"<="&Boshqaruv!$C$10,Skrining!$M$5:$M$1504,"Ha")) -> 0 | G32: AVTOMATIK: «Skrining»: xavf guruhi = Ha, davrda. / АВТОМАТИЧЕСКИ: «Skrining»: группа риска = Ha, за период. [Asos: 263-son buyruq (2022), doya vazifalari]
A33: 17 | B33: Kontratseptiv bilan qamrab olish choralari ko‘rilgan fertil yoshdagi ayollar | C33: Женщин фертильного возраста, охваченных мерами по контрацепции | D33: nafar | E33: 12 | F33: =IF(OR(Boshqaruv!$C$9="",Boshqaruv!$C$10=""),"",COUNTIFS(Fertil_ayollar!$S$5:$S$2504,">="&Boshqaruv!$C$9,Fertil_ayollar!$S$5:$S$2504,"<="&Boshqaruv!$C$10,Fertil_ayollar!$B$5:$B$2504,"<>",Fertil_ayollar!$I$5:$I$2504,"Ha")) -> 0 | G33: AVTOMATIK: «Fertil_ayollar»: qamrab olish chorasi sanasi davrda (15–49 yosh). / АВТОМАТИЧЕСКИ: «Fertil_ayollar»: дата меры по охвату в периоде (15–49 лет). [Asos: 263-son buyruq (2022), doya vazifalari]
A34: 18 | B34: Xavf omillari aniqlanib, individual kuzatuv rejasi tuzilgan homilador va tuqqan ayollar | C34: Выявлены факторы риска и составлен индивидуальный план наблюдения | D34: nafar | E34: 7 | F34: =IF(OR(Boshqaruv!$C$9="",Boshqaruv!$C$10=""),"",COUNTIFS(Homiladorlar!$X$5:$X$404,">="&Boshqaruv!$C$9,Homiladorlar!$X$5:$X$404,"<="&Boshqaruv!$C$10,Homiladorlar!$W$5:$W$404,"Ha")) -> 0 | G34: AVTOMATIK: «Homiladorlar»: individual reja tuzilgan sana davrda. / АВТОМАТИЧЕСКИ: «Homiladorlar»: дата составления индивид. плана в периоде. [Asos: 263-son buyruq (2022), doya vazifalari]
A35: 19 | B35: Doya qabuliga rejalashtirilgan tashriflar | C35: Запланировано визитов на приём доя | D35: ta | E35: 3 | F35: =IF(OR(Boshqaruv!$C$9="",Boshqaruv!$C$10=""),"",SUMIFS(Qabul_jurnali!$C$5:$C$404,Qabul_jurnali!$B$5:$B$404,">="&Boshqaruv!$C$9,Qabul_jurnali!$B$5:$B$404,"<="&Boshqaruv!$C$10)) -> 0 | G35: AVTOMATIK: «Qabul_jurnali»: rejalashtirilgan tashriflar yig‘indisi. / АВТОМАТИЧЕСКИ: «Qabul_jurnali»: сумма запланированных визитов. [Asos: 178-son buyruq (2023), reyting mezonlari]
A36: 20 | B36: Doya qabuliga haqiqiy tashriflar | C36: Фактические визиты на приём доя | D36: ta | E36: 3 | F36: =IF(OR(Boshqaruv!$C$9="",Boshqaruv!$C$10=""),"",SUMIFS(Qabul_jurnali!$D$5:$D$404,Qabul_jurnali!$B$5:$B$404,">="&Boshqaruv!$C$9,Qabul_jurnali!$B$5:$B$404,"<="&Boshqaruv!$C$10)) -> 0 | G36: AVTOMATIK: «Qabul_jurnali»: haqiqiy tashriflar yig‘indisi. / АВТОМАТИЧЕСКИ: «Qabul_jurnali»: сумма фактических визитов. [Asos: 178-son buyruq (2023), reyting mezonlari]
A37: 21 | B37: Doya qabuli rejasi bajarilishi | C37: Выполнение плана приёма доя | D37: % | E37: 3 | F37: =IF(OR(Boshqaruv!$C$9="",Boshqaruv!$C$10=""),"",IF(N($F$35)=0,"",$F$36/$F$35)) | G37: AVTOMATIK: 20-qator / 19-qator. / АВТОМАТИЧЕСКИ: Строка 20 / строка 19. [Asos: 178-son buyruq (2023), reyting mezonlari]
A38: 22 | B38: Bachadon bo‘yni saratoni skriningi bilan qamrab olingan ayollar (35–55 yosh) | C38: Охвачено скринингом рака шейки матки (женщины 35–55 лет) | D38: nafar | E38: 9 | F38: =IF(OR(Boshqaruv!$C$9="",Boshqaruv!$C$10=""),"",COUNTIFS(Skrining!$B$5:$B$1504,">="&Boshqaruv!$C$9,Skrining!$B$5:$B$1504,"<="&Boshqaruv!$C$10,Skrining!$I$5:$I$1504,"Bachadon bo'yni",Skrining!$K$5:$K$1504,"Ha")) -> 0 | G38: AVTOMATIK: «Skrining»: bachadon bo‘yni, 35–55 yosh, davrda. / АВТОМАТИЧЕСКИ: «Skrining»: шейка матки, 35–55 лет, за период. [Asos: 47-T buyrug‘i (Surxondaryo, 2024), skrining shtabi]
A39: 23 | B39: Ko‘krak bezi saratoni skriningi bilan qamrab olingan ayollar (45–65 yosh) | C39: Охвачено скринингом рака молочной железы (женщины 45–65 лет) | D39: nafar | E39: 9 | F39: =IF(OR(Boshqaruv!$C$9="",Boshqaruv!$C$10=""),"",COUNTIFS(Skrining!$B$5:$B$1504,">="&Boshqaruv!$C$9,Skrining!$B$5:$B$1504,"<="&Boshqaruv!$C$10,Skrining!$I$5:$I$1504,"Ko'krak bezi",Skrining!$K$5:$K$1504,"Ha")) -> 0 | G39: AVTOMATIK: «Skrining»: ko‘krak bezi, 45–65 yosh, davrda. / АВТОМАТИЧЕСКИ: «Skrining»: молочная железа, 45–65 лет, за период. [Asos: 47-T buyrug‘i (Surxondaryo, 2024), skrining shtabi]
A40: 24 | B40: [Voyaga yetmaganlar] Hisobdagi homilador qizlar (18 yoshgacha) | C40: [Несовершеннолетние] Беременные девочки на учёте (до 18 лет) | D40: nafar | E40: 10 | F40: =IF(OR(Boshqaruv!$C$9="",Boshqaruv!$C$10=""),"",(COUNTIFS(Homiladorlar!$I$5:$I$404,"<="&Boshqaruv!$C$10,Homiladorlar!$AG$5:$AG$404,"",Homiladorlar!$P$5:$P$404,"Ha")+COUNTIFS(Homiladorlar!$I$5:$I$404,"<="&Boshqaruv!$C$10,Homiladorlar!$AG$5:$AG$404,">"&Boshqaruv!$C$10,Homiladorlar!$P$5:$P$404,"Ha"))) -> 0 | G40: AVTOMATIK: «Homiladorlar»: hisobga olishda 18 yoshdan kichik, davr oxiriga hisobda. / АВТОМАТИЧЕСКИ: «Homiladorlar»: младше 18 при постановке, на учёте на конец периода. [Asos: 363-son buyruq (2020), tibbiy hisob shakllari]
A41: 25 | B41: [Voyaga yetmaganlar] Davr ichida tuqqan qizlar (18 yoshgacha) | C41: [Несовершеннолетние] Родившие за период (до 18 лет) | D41: nafar | E41: 7 | F41: =IF(OR(Boshqaruv!$C$9="",Boshqaruv!$C$10=""),"",COUNTIFS(Homiladorlar!$AG$5:$AG$404,">="&Boshqaruv!$C$9,Homiladorlar!$AG$5:$AG$404,"<="&Boshqaruv!$C$10,Homiladorlar!$P$5:$P$404,"Ha",Homiladorlar!$AF$5:$AF$404,"Tug'di")) -> 0 | G41: AVTOMATIK: «Homiladorlar»: 18 yoshgacha, holati Tug‘di, chiqish sanasi davrda. / АВТОМАТИЧЕСКИ: «Homiladorlar»: до 18 лет, статус Tug‘di, дата выбытия в периоде. [Asos: 263-son buyruq (2022), doya vazifalari]
A42: 26 | B42: [Voyaga yetmaganlar] Reproduktiv salomatlik bo‘yicha maslahat olgan o‘smir qizlar (15–17 yosh) | C42: [Несовершеннолетние] Подростки 15–17 лет, получившие консультацию по репродуктивному здоровью | D42: nafar | E42: 9 | F42: =IF(OR(Boshqaruv!$C$9="",Boshqaruv!$C$10=""),"",COUNTIFS(Qizlar_maslahat!$B$5:$B$304,">="&Boshqaruv!$C$9,Qizlar_maslahat!$B$5:$B$304,"<="&Boshqaruv!$C$10,Qizlar_maslahat!$H$5:$H$304,">="&15,Qizlar_maslahat!$H$5:$H$304,"<="&17)) -> 0 | G42: AVTOMATIK: «Qizlar_maslahat»: 15–17 yosh, davrda. / АВТОМАТИЧЕСКИ: «Qizlar_maslahat»: 15–17 лет, за период. [Asos: 263-son buyruq (2022), doya vazifalari]
A43: 27 | B43: [Voyaga yetmaganlar] «Qizlar salomatlik markazi» bilan o‘tkazilgan tadbirlar | C43: [Несовершеннолетние] Мероприятия совместно с «Центром здоровья девочек» | D43: marta | E43: 9 | F43: =IF(OR(Boshqaruv!$C$9="",Boshqaruv!$C$10=""),"",COUNTIFS(Targibot!$B$5:$B$304,">="&Boshqaruv!$C$9,Targibot!$B$5:$B$304,"<="&Boshqaruv!$C$10,Targibot!$C$5:$C$304,"Qizlar salomatlik markazi bilan tadbir")) -> 0 | G43: AVTOMATIK: «Targibot»: turi = Qizlar salomatlik markazi bilan tadbir. / АВТОМАТИЧЕСКИ: «Targibot»: вид = мероприятие с Центром здоровья девочек. [Asos: 263-son buyruq (2022), doya vazifalari]
A45: TEKSHIRUV / ПРОВЕРКА MA’LUMOT SIFATI
B46: Tekshiruv | C46: Проверка | D46: Soni | F46: Holat | G46: Nima qilish kerak / Что делать
B47: Hisobga olish sanasi yo‘q yozuvlar — Homiladorlar | C47: Нет даты постановки — Homiladorlar | D47: =COUNTIFS(Homiladorlar!$B$5:$B$404,"<>",Homiladorlar!$I$5:$I$404,"") -> 0 | F47: =IF(N(D47)=0,"✔ OK",IF("err"="err","✖ XATO / ОШИБКА","⚠ DIQQAT / ВНИМАНИЕ")) -> ✔ OK | G47: «Hisobga olingan sana»ni kiriting / Введите дату постановки
B48: Tug‘ilgan sanasi yo‘q — Homiladorlar | C48: Нет даты рождения — Homiladorlar | D48: =COUNTIFS(Homiladorlar!$B$5:$B$404,"<>",Homiladorlar!$C$5:$C$404,"") -> 0 | F48: =IF(N(D48)=0,"✔ OK",IF("err"="err","✖ XATO / ОШИБКА","⚠ DIQQAT / ВНИМАНИЕ")) -> ✔ OK | G48: Tug‘ilgan sanani kiriting / Введите дату рождения
B49: Holati «Homilador» emas, lekin chiqish sanasi yo‘q | C49: Статус не «Homilador», но нет даты выбытия | D49: =COUNTIFS(Homiladorlar!$AF$5:$AF$404,"<>Homilador",Homiladorlar!$AF$5:$AF$404,"<>",Homiladorlar!$AG$5:$AG$404,"") -> 0 | F49: =IF(N(D49)=0,"✔ OK",IF("err"="err","✖ XATO / ОШИБКА","⚠ DIQQAT / ВНИМАНИЕ")) -> ✔ OK | G49: «Chiqish sanasi»ni kiriting / Введите дату выбытия
B50: Xavf guruhida, lekin diagnoz yozilmagan | C50: Группа риска, но диагноз не указан | D50: =COUNTIFS(Homiladorlar!$Q$5:$Q$404,"Ha",Homiladorlar!$T$5:$T$404,"") -> 4 | F50: =IF(N(D50)=0,"✔ OK",IF("err"="err","✖ XATO / ОШИБКА","⚠ DIQQAT / ВНИМАНИЕ")) -> ✖ XATO / ОШИБКА | G50: Diagnozni hujjat bo‘yicha yozing / Впишите диагноз по документу
B51: Ko‘rik muddati o‘tgan homiladorlar | C51: Просрочен осмотр у беременных | D51: =COUNTIF(Homiladorlar!$AE$5:$AE$404,"Ha") -> 0 | F51: =IF(N(D51)=0,"✔ OK",IF("warn"="err","✖ XATO / ОШИБКА","⚠ DIQQAT / ВНИМАНИЕ")) -> ✔ OK | G51: Qizil qatorlar: ayolga bog‘laning / Красные строки: свяжитесь с женщиной
B52: Takror yozuvlar — Homiladorlar | C52: Дубли — Homiladorlar | D52: =COUNTIF(Homiladorlar!$AL$5:$AL$404,"Takror") -> 0 | F52: =IF(N(D52)=0,"✔ OK",IF("err"="err","✖ XATO / ОШИБКА","⚠ DIQQAT / ВНИМАНИЕ")) -> ✔ OK | G52: Qizil qatorni toping va takrorni o‘chiring / Найдите красные строки и удалите дубль
B53: Tug‘ilgan sanasi yo‘q — Fertil_ayollar | C53: Нет даты рождения — Fertil_ayollar | D53: =COUNTIFS(Fertil_ayollar!$B$5:$B$2504,"<>",Fertil_ayollar!$C$5:$C$2504,"") -> 0 | F53: =IF(N(D53)=0,"✔ OK",IF("err"="err","✖ XATO / ОШИБКА","⚠ DIQQAT / ВНИМАНИЕ")) -> ✔ OK | G53: Tug‘ilgan sanani kiriting / Введите дату рождения
B54: Usul tanlangan, lekin boshlangan sana yo‘q | C54: Метод выбран, но нет даты начала | D54: =COUNTIFS(Fertil_ayollar!$M$5:$M$2504,"<>",Fertil_ayollar!$N$5:$N$2504,"") -> 0 | F54: =IF(N(D54)=0,"✔ OK",IF("warn"="err","✖ XATO / ОШИБКА","⚠ DIQQAT / ВНИМАНИЕ")) -> ✔ OK | G54: Boshlangan sanani yozing / Укажите дату начала
B55: Tashrif muddati o‘tgan kontratseptiv qo‘llovchilar | C55: Просрочен визит у пользователей контрацепции | D55: =COUNTIF(Fertil_ayollar!$R$5:$R$2504,"Ha") -> 0 | F55: =IF(N(D55)=0,"✔ OK",IF("warn"="err","✖ XATO / ОШИБКА","⚠ DIQQAT / ВНИМАНИЕ")) -> ✔ OK | G55: Ayolga bog‘laning / Свяжитесь с женщиной
B56: Takror yozuvlar — Fertil_ayollar | C56: Дубли — Fertil_ayollar | D56: =COUNTIF(Fertil_ayollar!$W$5:$W$2504,"Takror") -> 0 | F56: =IF(N(D56)=0,"✔ OK",IF("err"="err","✖ XATO / ОШИБКА","⚠ DIQQAT / ВНИМАНИЕ")) -> ✔ OK | G56: Qizil qatorni toping va takrorni o‘chiring / Найдите красные строки и удалите дубль
B57: Toifa tanlanmagan — Dispanser | C57: Не выбрана категория — Dispanser | D57: =COUNTIFS(Dispanser!$B$5:$B$304,"<>",Dispanser!$I$5:$I$304,"") -> 0 | F57: =IF(N(D57)=0,"✔ OK",IF("err"="err","✖ XATO / ОШИБКА","⚠ DIQQAT / ВНИМАНИЕ")) -> ✔ OK | G57: «Toifa»ni tanlang / Выберите категорию
B58: Hisobga olingan sana yo‘q — Dispanser (barcha davrda hisobda deb olinadi) | C58: Нет даты постановки — Dispanser (считается на учёте всегда) | D58: =COUNTIFS(Dispanser!$B$5:$B$304,"<>",Dispanser!$M$5:$M$304,"") -> 0 | F58: =IF(N(D58)=0,"✔ OK",IF("warn"="err","✖ XATO / ОШИБКА","⚠ DIQQAT / ВНИМАНИЕ")) -> ✔ OK | G58: Sanani kiriting / Введите дату
B59: «O‘smir qiz» toifasida, lekin 18 va undan katta | C59: Категория «O‘smir qiz», но возраст 18+ | D59: =COUNTIFS(Dispanser!$I$5:$I$304,"O'smir qiz",Dispanser!$H$5:$H$304,"Yo'q") -> 0 | F59: =IF(N(D59)=0,"✔ OK",IF("warn"="err","✖ XATO / ОШИБКА","⚠ DIQQAT / ВНИМАНИЕ")) -> ✔ OK | G59: Toifani tekshiring / Проверьте категорию
B60: Takror yozuvlar — Dispanser | C60: Дубли — Dispanser | D60: =COUNTIF(Dispanser!$W$5:$W$304,"Takror") -> 0 | F60: =IF(N(D60)=0,"✔ OK",IF("err"="err","✖ XATO / ОШИБКА","⚠ DIQQAT / ВНИМАНИЕ")) -> ✔ OK | G60: Qizil qatorni toping va takrorni o‘chiring / Найдите красные строки и удалите дубль
B61: Tug‘ilgan sanasi yo‘q — Nogiron_ayollar | C61: Нет даты рождения — Nogiron_ayollar | D61: =COUNTIFS(Nogiron_ayollar!$B$5:$B$124,"<>",Nogiron_ayollar!$C$5:$C$124,"") -> 0 | F61: =IF(N(D61)=0,"✔ OK",IF("err"="err","✖ XATO / ОШИБКА","⚠ DIQQAT / ВНИМАНИЕ")) -> ✔ OK | G61: Sanani kiriting / Введите дату
B62: Takror yozuvlar — Nogiron_ayollar | C62: Дубли — Nogiron_ayollar | D62: =COUNTIF(Nogiron_ayollar!$N$5:$N$124,"Takror") -> 0 | F62: =IF(N(D62)=0,"✔ OK",IF("err"="err","✖ XATO / ОШИБКА","⚠ DIQQAT / ВНИМАНИЕ")) -> ✔ OK | G62: Qizil qatorni toping va takrorni o‘chiring / Найдите красные строки и удалите дубль
B63: Sanasi yo‘q borishlar | C63: Выезды без даты | D63: =COUNTIFS(Nogiron_yordam!$C$5:$C$504,"<>",Nogiron_yordam!$B$5:$B$504,"") -> 0 | F63: =IF(N(D63)=0,"✔ OK",IF("err"="err","✖ XATO / ОШИБКА","⚠ DIQQAT / ВНИМАНИЕ")) -> ✔ OK | G63: Sanani kiriting / Введите дату
B64: Tashrif sanasi yo‘q | C64: Посещения без даты | D64: =COUNTIFS(Patronaj!$C$5:$C$1504,"<>",Patronaj!$B$5:$B$1504,"") -> 0 | F64: =IF(N(D64)=0,"✔ OK",IF("err"="err","✖ XATO / ОШИБКА","⚠ DIQQAT / ВНИМАНИЕ")) -> ✔ OK | G64: Sanani kiriting / Введите дату
B65: Yoshi mos kelmaydigan skrininglar (sanalmaydi) | C65: Скрининги не по возрасту (не засчитываются) | D65: =COUNTIF(Skrining!$K$5:$K$1504,"Yo'q") -> 0 | F65: =IF(N(D65)=0,"✔ OK",IF("warn"="err","✖ XATO / ОШИБКА","⚠ DIQQAT / ВНИМАНИЕ")) -> ✔ OK | G65: Sanasi va tug‘ilgan sanani tekshiring / Проверьте даты
B66: Tug‘ilgan sanasi yo‘q — Skrining | C66: Нет даты рождения — Skrining | D66: =COUNTIFS(Skrining!$C$5:$C$1504,"<>",Skrining!$D$5:$D$1504,"") -> 0 | F66: =IF(N(D66)=0,"✔ OK",IF("err"="err","✖ XATO / ОШИБКА","⚠ DIQQAT / ВНИМАНИЕ")) -> ✔ OK | G66: Sanani kiriting / Введите дату
B67: Takror yozuvlar — Skrining | C67: Дубли — Skrining | D67: =COUNTIF(Skrining!$P$5:$P$1504,"Takror") -> 0 | F67: =IF(N(D67)=0,"✔ OK",IF("err"="err","✖ XATO / ОШИБКА","⚠ DIQQAT / ВНИМАНИЕ")) -> ✔ OK | G67: Qizil qatorni toping va takrorni o‘chiring / Найдите красные строки и удалите дубль
B68: Bir sana ikki marta yozilgan | C68: Одна дата записана дважды | D68: =SUMPRODUCT((Qabul_jurnali!$B$5:$B$404<>"")*(COUNTIF(Qabul_jurnali!$B$5:$B$404,Qabul_jurnali!$B$5:$B$404)>1)) -> 0 | F68: =IF(N(D68)=0,"✔ OK",IF("err"="err","✖ XATO / ОШИБКА","⚠ DIQQAT / ВНИМАНИЕ")) -> ✔ OK | G68: Takror sanani o‘chiring / Удалите дубль даты
B69: Turi tanlanmagan tadbirlar | C69: Мероприятия без вида | D69: =COUNTIFS(Targibot!$B$5:$B$304,"<>",Targibot!$C$5:$C$304,"") -> 0 | F69: =IF(N(D69)=0,"✔ OK",IF("err"="err","✖ XATO / ОШИБКА","⚠ DIQQAT / ВНИМАНИЕ")) -> ✔ OK | G69: Turini tanlang / Выберите вид
B70: Yoshi 15–17 oralig‘ida emas (sanalmaydi) | C70: Возраст не 15–17 (не засчитывается) | D70: =COUNTIFS(Qizlar_maslahat!$C$5:$C$304,"<>",Qizlar_maslahat!$H$5:$H$304,"<15")+COUNTIFS(Qizlar_maslahat!$C$5:$C$304,"<>",Qizlar_maslahat!$H$5:$H$304,">17") -> 0 | F70: =IF(N(D70)=0,"✔ OK",IF("warn"="err","✖ XATO / ОШИБКА","⚠ DIQQAT / ВНИМАНИЕ")) -> ✔ OK | G70: Tug‘ilgan sana va sanani tekshiring / Проверьте даты
B71: Takror yozuvlar — Qizlar_maslahat | C71: Дубли — Qizlar_maslahat | D71: =COUNTIF(Qizlar_maslahat!$L$5:$L$304,"Takror") -> 0 | F71: =IF(N(D71)=0,"✔ OK",IF("err"="err","✖ XATO / ОШИБКА","⚠ DIQQAT / ВНИМАНИЕ")) -> ✔ OK | G71: Qizil qatorni toping va takrorni o‘chiring / Найдите красные строки и удалите дубль

Sheet Homiladorlar
A1: HOMILADORLAR REYESTRI / РЕЕСТР БЕРЕМЕННЫХ (doya uchastkasi)
A2: Sariq — kiritish; yashil — avtomatik. Diagnoz va xavf sababini faqat davolovchi shifokor hujjatidan ko‘chiring. / Жёлтое — ввод; зелёное — авто. Диагноз и причину риска — только из документа лечащего врача.
A3: MAXFIY / КОНФИДЕНЦИАЛЬНО — shaxsiy va tibbiy ma’lumotlar (shifokorlik siri). Faylni parol bilan himoyalang, ochiq guruhlarga yubormang. / Персональные и медицинские данные (врачебная тайна). Защитите файл паролем, не отправляйте в открытые группы.
A4: № | B4: F.I.Sh. (to‘liq) Ф.И.О. | C4: Tug‘ilgan sana Дата рождения | D4: PINFL (14 raqam) ПИНФЛ (14 цифр) | E4: Telefon Телефон | F4: Mahalla Махалля | G4: Manzil Адрес | H4: Yorliq (avto) — boshqa varaqlarda tanlanadi Метка (авто) | I4: Hisobga olingan sana Дата постановки на учёт | J4: Oxirgi hayz 1-kuni Первый день последних месячных | K4: Taxminiy tug‘ruq sanasi (avto) Предп. дата родов | L4: Hozirgi muddat, hafta (avto) Срок сейчас, нед. | M4: Hisobga olishdagi muddat, hafta (avto) Срок при постановке, нед. | N4: 12 haftagacha hisobga olingan? (avto) Взята до 12 нед.? | O4: Hisobga olishdagi yosh (avto) Возраст при постановке | P4: Voyaga yetmagan? (avto) Несоверш.? | Q4: Xavf guruhida? Группа риска? | R4: Og‘irlik darajasi Тяжесть | S4: Asosiy xavf omili Основной фактор риска | T4: Asosiy diagnoz (hujjat bo‘yicha) Основной диагноз (по документам) | U4: MKB-10 kodi Код МКБ-10 | V4: Diagnozni qo‘ygan shifokor / hujjat №, sanasi Кто поставил диагноз / № и дата документа | W4: Individual kuzatuv rejasi tuzilganmi? Индивид. план наблюдения составлен? | X4: Reja tuzilgan sana Дата составления плана | Y4: Antenatal ko‘rikka yo‘llangan sana Дата направления на антенат. осмотр | Z4: Prenatal skrining o‘tgan sana Дата пренатального скрининга | AA4: Skrining muddati, hafta (avto) Срок скрининга, нед. | AB4: Skrining o‘z vaqtidami? (avto) Скрининг в срок? | AC4: Oxirgi ko‘rik sanasi Дата последнего осмотра | AD4: Keyingi ko‘rik sanasi Дата следующего осмотра | AE4: Ko‘rik muddati o‘tgan? (avto) Просрочен осмотр? | AF4: Holati Статус | AG4: Chiqish sanasi (tug‘ruq / boshqa) Дата выбытия (роды / иное) | AH4: Tug‘ruq muassasasi Учреждение родов | AI4: Tibbiy karta / hujjat № № мед. карты / документа | AJ4: Oilaviy shifokor Семейный врач | AK4: Izoh Примечание | AL4: Takror? (avto) Дубль? | AM4: № (xavfli ro‘yxat) № (риск) | AN4: № (voyaga yetm.) № (несоверш.)
A5: 1 | B5: Тестова Анна Ивановна | C5: 34768 | D5: 30000000000000 | E5: +998900000000 | F5: Тестовая махалля | H5: =IF(OR($B5="",$C5=""),"",$B5&" ("&DAY($C5)&"."&MONTH($C5)&"."&YEAR($C5)&")") -> Тестова Анна Ивановна (10.3.1995) | I5: 46278 | J5: 46208 | K5: =IF($J5="","",$J5+280) -> 46488 | L5: =IF(OR($J5="",$AG5<>""),"",INT((Boshqaruv!$C$12-$J5)/7)) -> 15 | M5: =IF(OR($I5="",$J5=""),"",INT(($I5-$J5)/7)) -> 10 | N5: =IF($M5="","",IF($M5<=12,"Ha","Yo'q")) -> Ha | O5: =IF(OR($C5="",$I5=""),"",INT(($I5-$C5)/365.25)) -> 31 | P5: =IF($O5="","",IF($O5<18,"Ha","Yo'q")) -> Yo'q | Q5: Ha | AA5: =IF(OR($Z5="",$J5=""),"",INT(($Z5-$J5)/7)) | AB5: =IF($AA5="","",IF(AND($AA5>=Spravochnik!$G$5,$AA5<=Spravochnik!$G$6),"Ha","Yo'q")) | AE5: =IF(AND($B5<>"",$AG5="",$AD5<>"",$AD5<Boshqaruv!$C$12),"Ha","") | AL5: =IF(OR($B5="",$C5="",$I5=""),"",IF(COUNTIFS($B$5:$B$404,$B5,$C$5:$C$404,$C5,$I$5:$I$404,$I5)>1,"Takror","")) | AM5: =IF(AND($B5<>"",$Q5="Ha",$I5<>"",$I5<=Boshqaruv!$C$12,OR($AG5="",$AG5>Boshqaruv!$C$12)),MAX($AM$4:$AM4)+1,"") -> 1 | AN5: =IF(AND($B5<>"",$P5="Ha",$I5<>"",$I5<=Boshqaruv!$C$12,OR($AG5="",$AG5>Boshqaruv!$C$12)),MAX($AN$4:$AN4)+1,"")
A6: 2 | B6: Пробная Мария Петровна | C6: 35166 | D6: 30000000000001 | E6: +998900000001 | F6: Тестовая махалля | H6: =IF(OR($B6="",$C6=""),"",$B6&" ("&DAY($C6)&"."&MONTH($C6)&"."&YEAR($C6)&")") -> Пробная Мария Петровна (11.4.1996) | I6: 46273 | J6: 46203 | K6: =IF($J6="","",$J6+280) -> 46483 | L6: =IF(OR($J6="",$AG6<>""),"",INT((Boshqaruv!$C$12-$J6)/7)) -> 16 | M6: =IF(OR($I6="",$J6=""),"",INT(($I6-$J6)/7)) -> 10 | N6: =IF($M6="","",IF($M6<=12,"Ha","Yo'q")) -> Ha | O6: =IF(OR($C6="",$I6=""),"",INT(($I6-$C6)/365.25)) -> 30 | P6: =IF($O6="","",IF($O6<18,"Ha","Yo'q")) -> Yo'q | Q6: Yo'q | AA6: =IF(OR($Z6="",$J6=""),"",INT(($Z6-$J6)/7)) | AB6: =IF($AA6="","",IF(AND($AA6>=Spravochnik!$G$5,$AA6<=Spravochnik!$G$6),"Ha","Yo'q")) | AE6: =IF(AND($B6<>"",$AG6="",$AD6<>"",$AD6<Boshqaruv!$C$12),"Ha","") | AL6: =IF(OR($B6="",$C6="",$I6=""),"",IF(COUNTIFS($B$5:$B$404,$B6,$C$5:$C$404,$C6,$I$5:$I$404,$I6)>1,"Takror","")) | AM6: =IF(AND($B6<>"",$Q6="Ha",$I6<>"",$I6<=Boshqaruv!$C$12,OR($AG6="",$AG6>Boshqaruv!$C$12)),MAX($AM$4:$AM5)+1,"") | AN6: =IF(AND($B6<>"",$P6="Ha",$I6<>"",$I6<=Boshqaruv!$C$12,OR($AG6="",$AG6>Boshqaruv!$C$12)),MAX($AN$4:$AN5)+1,"")
A7: 3 | B7: Образцова Зилола Каримовна | C7: 35562 | D7: 30000000000002 | E7: +998900000002 | F7: Тестовая махалля | H7: =IF(OR($B7="",$C7=""),"",$B7&" ("&DAY($C7)&"."&MONTH($C7)&"."&YEAR($C7)&")") -> Образцова Зилола Каримовна (12.5.1997) | I7: 46268 | J7: 46198 | K7: =IF($J7="","",$J7+280) -> 46478 | L7: =IF(OR($J7="",$AG7<>""),"",INT((Boshqaruv!$C$12-$J7)/7)) -> 17 | M7: =IF(OR($I7="",$J7=""),"",INT(($I7-$J7)/7)) -> 10 | N7: =IF($M7="","",IF($M7<=12,"Ha","Yo'q")) -> Ha | O7: =IF(OR($C7="",$I7=""),"",INT(($I7-$C7)/365.25)) -> 29 | P7: =IF($O7="","",IF($O7<18,"Ha","Yo'q")) -> Yo'q | Q7: Yo'q | AA7: =IF(OR($Z7="",$J7=""),"",INT(($Z7-$J7)/7)) | AB7: =IF($AA7="","",IF(AND($AA7>=Spravochnik!$G$5,$AA7<=Spravochnik!$G$6),"Ha","Yo'q")) | AE7: =IF(AND($B7<>"",$AG7="",$AD7<>"",$AD7<Boshqaruv!$C$12),"Ha","") | AL7: =IF(OR($B7="",$C7="",$I7=""),"",IF(COUNTIFS($B$5:$B$404,$B7,$C$5:$C$404,$C7,$I$5:$I$404,$I7)>1,"Takror","")) | AM7: =IF(AND($B7<>"",$Q7="Ha",$I7<>"",$I7<=Boshqaruv!$C$12,OR($AG7="",$AG7>Boshqaruv!$C$12)),MAX($AM$4:$AM6)+1,"") | AN7: =IF(AND($B7<>"",$P7="Ha",$I7<>"",$I7<=Boshqaruv!$C$12,OR($AG7="",$AG7>Boshqaruv!$C$12)),MAX($AN$4:$AN6)+1,"")
A8: 4 | B8: Вымышленная Нигора Алиевна | C8: 35959 | D8: 30000000000003 | E8: +998900000003 | F8: Тестовая махалля | H8: =IF(OR($B8="",$C8=""),"",$B8&" ("&DAY($C8)&"."&MONTH($C8)&"."&YEAR($C8)&")") -> Вымышленная Нигора Алиевна (13.6.1998) | I8: 46263 | J8: 46193 | K8: =IF($J8="","",$J8+280) -> 46473 | L8: =IF(OR($J8="",$AG8<>""),"",INT((Boshqaruv!$C$12-$J8)/7)) -> 17 | M8: =IF(OR($I8="",$J8=""),"",INT(($I8-$J8)/7)) -> 10 | N8: =IF($M8="","",IF($M8<=12,"Ha","Yo'q")) -> Ha | O8: =IF(OR($C8="",$I8=""),"",INT(($I8-$C8)/365.25)) -> 28 | P8: =IF($O8="","",IF($O8<18,"Ha","Yo'q")) -> Yo'q | Q8: Ha | AA8: =IF(OR($Z8="",$J8=""),"",INT(($Z8-$J8)/7)) | AB8: =IF($AA8="","",IF(AND($AA8>=Spravochnik!$G$5,$AA8<=Spravochnik!$G$6),"Ha","Yo'q")) | AE8: =IF(AND($B8<>"",$AG8="",$AD8<>"",$AD8<Boshqaruv!$C$12),"Ha","") | AL8: =IF(OR($B8="",$C8="",$I8=""),"",IF(COUNTIFS($B$5:$B$404,$B8,$C$5:$C$404,$C8,$I$5:$I$404,$I8)>1,"Takror","")) | AM8: =IF(AND($B8<>"",$Q8="Ha",$I8<>"",$I8<=Boshqaruv!$C$12,OR($AG8="",$AG8>Boshqaruv!$C$12)),MAX($AM$4:$AM7)+1,"") -> 2 | AN8: =IF(AND($B8<>"",$P8="Ha",$I8<>"",$I8<=Boshqaruv!$C$12,OR($AG8="",$AG8>Boshqaruv!$C$12)),MAX($AN$4:$AN7)+1,"")
A9: 5 | B9: Условная Дилноза Рустамовна | C9: 36355 | D9: 30000000000004 | E9: +998900000004 | F9: Тестовая махалля | H9: =IF(OR($B9="",$C9=""),"",$B9&" ("&DAY($C9)&"."&MONTH($C9)&"."&YEAR($C9)&")") -> Условная Дилноза Рустамовна (14.7.1999) | I9: 46258 | J9: 46188 | K9: =IF($J9="","",$J9+280) -> 46468 | L9: =IF(OR($J9="",$AG9<>""),"",INT((Boshqaruv!$C$12-$J9)/7)) -> 18 | M9: =IF(OR($I9="",$J9=""),"",INT(($I9-$J9)/7)) -> 10 | N9: =IF($M9="","",IF($M9<=12,"Ha","Yo'q")) -> Ha | O9: =IF(OR($C9="",$I9=""),"",INT(($I9-$C9)/365.25)) -> 27 | P9: =IF($O9="","",IF($O9<18,"Ha","Yo'q")) -> Yo'q | Q9: Yo'q | AA9: =IF(OR($Z9="",$J9=""),"",INT(($Z9-$J9)/7)) | AB9: =IF($AA9="","",IF(AND($AA9>=Spravochnik!$G$5,$AA9<=Spravochnik!$G$6),"Ha","Yo'q")) | AE9: =IF(AND($B9<>"",$AG9="",$AD9<>"",$AD9<Boshqaruv!$C$12),"Ha","") | AL9: =IF(OR($B9="",$C9="",$I9=""),"",IF(COUNTIFS($B$5:$B$404,$B9,$C$5:$C$404,$C9,$I$5:$I$404,$I9)>1,"Takror","")) | AM9: =IF(AND($B9<>"",$Q9="Ha",$I9<>"",$I9<=Boshqaruv!$C$12,OR($AG9="",$AG9>Boshqaruv!$C$12)),MAX($AM$4:$AM8)+1,"") | AN9: =IF(AND($B9<>"",$P9="Ha",$I9<>"",$I9<=Boshqaruv!$C$12,OR($AG9="",$AG9>Boshqaruv!$C$12)),MAX($AN$4:$AN8)+1,"")
A10: 6 | B10: Примерова Гулнора Саидовна | C10: 36753 | D10: 30000000000005 | E10: +998900000005 | F10: Тестовая махалля | H10: =IF(OR($B10="",$C10=""),"",$B10&" ("&DAY($C10)&"."&MONTH($C10)&"."&YEAR($C10)&")") -> Примерова Гулнора Саидовна (15.8.2000) | I10: 46253 | J10: 46183 | K10: =IF($J10="","",$J10+280) -> 46463 | L10: =IF(OR($J10="",$AG10<>""),"",INT((Boshqaruv!$C$12-$J10)/7)) -> 19 | M10: =IF(OR($I10="",$J10=""),"",INT(($I10-$J10)/7)) -> 10 | N10: =IF($M10="","",IF($M10<=12,"Ha","Yo'q")) -> Ha | O10: =IF(OR($C10="",$I10=""),"",INT(($I10-$C10)/365.25)) -> 26 | P10: =IF($O10="","",IF($O10<18,"Ha","Yo'q")) -> Yo'q | Q10: Yo'q | AA10: =IF(OR($Z10="",$J10=""),"",INT(($Z10-$J10)/7)) | AB10: =IF($AA10="","",IF(AND($AA10>=Spravochnik!$G$5,$AA10<=Spravochnik!$G$6),"Ha","Yo'q")) | AE10: =IF(AND($B10<>"",$AG10="",$AD10<>"",$AD10<Boshqaruv!$C$12),"Ha","") | AL10: =IF(OR($B10="",$C10="",$I10=""),"",IF(COUNTIFS($B$5:$B$404,$B10,$C$5:$C$404,$C10,$I$5:$I$404,$I10)>1,"Takror","")) | AM10: =IF(AND($B10<>"",$Q10="Ha",$I10<>"",$I10<=Boshqaruv!$C$12,OR($AG10="",$AG10>Boshqaruv!$C$12)),MAX($AM$4:$AM9)+1,"") | AN10: =IF(AND($B10<>"",$P10="Ha",$I10<>"",$I10<=Boshqaruv!$C$12,OR($AG10="",$AG10>Boshqaruv!$C$12)),MAX($AN$4:$AN9)+1,"")
A11: 7 | B11: Демонстрационная Лола Акбаровна | C11: 36966 | D11: 30000000000006 | E11: +998900000006 | F11: Тестовая махалля | H11: =IF(OR($B11="",$C11=""),"",$B11&" ("&DAY($C11)&"."&MONTH($C11)&"."&YEAR($C11)&")") -> Демонстрационная Лола Акбаровна (16.3.2001) | I11: 46248 | J11: 46178 | K11: =IF($J11="","",$J11+280) -> 46458 | L11: =IF(OR($J11="",$AG11<>""),"",INT((Boshqaruv!$C$12-$J11)/7)) -> 20 | M11: =IF(OR($I11="",$J11=""),"",INT(($I11-$J11)/7)) -> 10 | N11: =IF($M11="","",IF($M11<=12,"Ha","Yo'q")) -> Ha | O11: =IF(OR($C11="",$I11=""),"",INT(($I11-$C11)/365.25)) -> 25 | P11: =IF($O11="","",IF($O11<18,"Ha","Yo'q")) -> Yo'q | Q11: Ha | AA11: =IF(OR($Z11="",$J11=""),"",INT(($Z11-$J11)/7)) | AB11: =IF($AA11="","",IF(AND($AA11>=Spravochnik!$G$5,$AA11<=Spravochnik!$G$6),"Ha","Yo'q")) | AE11: =IF(AND($B11<>"",$AG11="",$AD11<>"",$AD11<Boshqaruv!$C$12),"Ha","") | AL11: =IF(OR($B11="",$C11="",$I11=""),"",IF(COUNTIFS($B$5:$B$404,$B11,$C$5:$C$404,$C11,$I$5:$I$404,$I11)>1,"Takror","")) | AM11: =IF(AND($B11<>"",$Q11="Ha",$I11<>"",$I11<=Boshqaruv!$C$12,OR($AG11="",$AG11>Boshqaruv!$C$12)),MAX($AM$4:$AM10)+1,"") -> 3 | AN11: =IF(AND($B11<>"",$P11="Ha",$I11<>"",$I11<=Boshqaruv!$C$12,OR($AG11="",$AG11>Boshqaruv!$C$12)),MAX($AN$4:$AN10)+1,"")
A12: 8 | B12: Учебная Саида Баховадиновна | C12: 37363 | D12: 30000000000007 | E12: +998900000007 | F12: Тестовая махалля | H12: =IF(OR($B12="",$C12=""),"",$B12&" ("&DAY($C12)&"."&MONTH($C12)&"."&YEAR($C12)&")") -> Учебная Саида Баховадиновна (17.4.2002) | I12: 46243 | J12: 46173 | K12: =IF($J12="","",$J12+280) -> 46453 | L12: =IF(OR($J12="",$AG12<>""),"",INT((Boshqaruv!$C$12-$J12)/7)) -> 20 | M12: =IF(OR($I12="",$J12=""),"",INT(($I12-$J12)/7)) -> 10 | N12: =IF($M12="","",IF($M12<=12,"Ha","Yo'q")) -> Ha | O12: =IF(OR($C12="",$I12=""),"",INT(($I12-$C12)/365.25)) -> 24 | P12: =IF($O12="","",IF($O12<18,"Ha","Yo'q")) -> Yo'q | Q12: Yo'q | AA12: =IF(OR($Z12="",$J12=""),"",INT(($Z12-$J12)/7)) | AB12: =IF($AA12="","",IF(AND($AA12>=Spravochnik!$G$5,$AA12<=Spravochnik!$G$6),"Ha","Yo'q")) | AE12: =IF(AND($B12<>"",$AG12="",$AD12<>"",$AD12<Boshqaruv!$C$12),"Ha","") | AL12: =IF(OR($B12="",$C12="",$I12=""),"",IF(COUNTIFS($B$5:$B$404,$B12,$C$5:$C$404,$C12,$I$5:$I$404,$I12)>1,"Takror","")) | AM12: =IF(AND($B12<>"",$Q12="Ha",$I12<>"",$I12<=Boshqaruv!$C$12,OR($AG12="",$AG12>Boshqaruv!$C$12)),MAX($AM$4:$AM11)+1,"") | AN12: =IF(AND($B12<>"",$P12="Ha",$I12<>"",$I12<=Boshqaruv!$C$12,OR($AG12="",$AG12>Boshqaruv!$C$12)),MAX($AN$4:$AN11)+1,"")
A13: 9 | B13: Тестова Малика Олимовна | C13: 34837 | D13: 30000000000008 | E13: +998900000008 | F13: Тестовая махалля | H13: =IF(OR($B13="",$C13=""),"",$B13&" ("&DAY($C13)&"."&MONTH($C13)&"."&YEAR($C13)&")") -> Тестова Малика Олимовна (18.5.1995) | I13: 46238 | J13: 46168 | K13: =IF($J13="","",$J13+280) -> 46448 | L13: =IF(OR($J13="",$AG13<>""),"",INT((Boshqaruv!$C$12-$J13)/7)) -> 21 | M13: =IF(OR($I13="",$J13=""),"",INT(($I13-$J13)/7)) -> 10 | N13: =IF($M13="","",IF($M13<=12,"Ha","Yo'q")) -> Ha | O13: =IF(OR($C13="",$I13=""),"",INT(($I13-$C13)/365.25)) -> 31 | P13: =IF($O13="","",IF($O13<18,"Ha","Yo'q")) -> Yo'q | Q13: Yo'q | AA13: =IF(OR($Z13="",$J13=""),"",INT(($Z13-$J13)/7)) | AB13: =IF($AA13="","",IF(AND($AA13>=Spravochnik!$G$5,$AA13<=Spravochnik!$G$6),"Ha","Yo'q")) | AE13: =IF(AND($B13<>"",$AG13="",$AD13<>"",$AD13<Boshqaruv!$C$12),"Ha","") | AL13: =IF(OR($B13="",$C13="",$I13=""),"",IF(COUNTIFS($B$5:$B$404,$B13,$C$5:$C$404,$C13,$I$5:$I$404,$I13)>1,"Takror","")) | AM13: =IF(AND($B13<>"",$Q13="Ha",$I13<>"",$I13<=Boshqaruv!$C$12,OR($AG13="",$AG13>Boshqaruv!$C$12)),MAX($AM$4:$AM12)+1,"") | AN13: =IF(AND($B13<>"",$P13="Ha",$I13<>"",$I13<=Boshqaruv!$C$12,OR($AG13="",$AG13>Boshqaruv!$C$12)),MAX($AN$4:$AN12)+1,"")
A14: 10 | B14: Фиктивная Дильбар Юсуфовна | C14: 35235 | D14: 30000000000009 | E14: +998900000009 | F14: Тестовая махалля | H14: =IF(OR($B14="",$C14=""),"",$B14&" ("&DAY($C14)&"."&MONTH($C14)&"."&YEAR($C14)&")") -> Фиктивная Дильбар Юсуфовна (19.6.1996) | I14: 46233 | J14: 46163 | K14: =IF($J14="","",$J14+280) -> 46443 | L14: =IF(OR($J14="",$AG14<>""),"",INT((Boshqaruv!$C$12-$J14)/7)) -> 22 | M14: =IF(OR($I14="",$J14=""),"",INT(($I14-$J14)/7)) -> 10 | N14: =IF($M14="","",IF($M14<=12,"Ha","Yo'q")) -> Ha | O14: =IF(OR($C14="",$I14=""),"",INT(($I14-$C14)/365.25)) -> 30 | P14: =IF($O14="","",IF($O14<18,"Ha","Yo'q")) -> Yo'q | Q14: Ha | AA14: =IF(OR($Z14="",$J14=""),"",INT(($Z14-$J14)/7)) | AB14: =IF($AA14="","",IF(AND($AA14>=Spravochnik!$G$5,$AA14<=Spravochnik!$G$6),"Ha","Yo'q")) | AE14: =IF(AND($B14<>"",$AG14="",$AD14<>"",$AD14<Boshqaruv!$C$12),"Ha","") | AL14: =IF(OR($B14="",$C14="",$I14=""),"",IF(COUNTIFS($B$5:$B$404,$B14,$C$5:$C$404,$C14,$I$5:$I$404,$I14)>1,"Takror","")) | AM14: =IF(AND($B14<>"",$Q14="Ha",$I14<>"",$I14<=Boshqaruv!$C$12,OR($AG14="",$AG14>Boshqaruv!$C$12)),MAX($AM$4:$AM13)+1,"") -> 4 | AN14: =IF(AND($B14<>"",$P14="Ha",$I14<>"",$I14<=Boshqaruv!$C$12,OR($AG14="",$AG14>Boshqaruv!$C$12)),MAX($AN$4:$AN13)+1,"")
A15: 11 | B15: Тестова Анна Ивановна | C15: 35631 | D15: 30000000000010 | E15: +998900000010 | F15: Тестовая махалля | H15: =IF(OR($B15="",$C15=""),"",$B15&" ("&DAY($C15)&"."&MONTH($C15)&"."&YEAR($C15)&")") -> Тестова Анна Ивановна (20.7.1997) | I15: 46228 | J15: 46158 | K15: =IF($J15="","",$J15+280) -> 46438 | L15: =IF(OR($J15="",$AG15<>""),"",INT((Boshqaruv!$C$12-$J15)/7)) -> 22 | M15: =IF(OR($I15="",$J15=""),"",INT(($I15-$J15)/7)) -> 10 | N15: =IF($M15="","",IF($M15<=12,"Ha","Yo'q")) -> Ha | O15: =IF(OR($C15="",$I15=""),"",INT(($I15-$C15)/365.25)) -> 29 | P15: =IF($O15="","",IF($O15<18,"Ha","Yo'q")) -> Yo'q | Q15: Yo'q | AA15: =IF(OR($Z15="",$J15=""),"",INT(($Z15-$J15)/7)) | AB15: =IF($AA15="","",IF(AND($AA15>=Spravochnik!$G$5,$AA15<=Spravochnik!$G$6),"Ha","Yo'q")) | AE15: =IF(AND($B15<>"",$AG15="",$AD15<>"",$AD15<Boshqaruv!$C$12),"Ha","") | AL15: =IF(OR($B15="",$C15="",$I15=""),"",IF(COUNTIFS($B$5:$B$404,$B15,$C$5:$C$404,$C15,$I$5:$I$404,$I15)>1,"Takror","")) | AM15: =IF(AND($B15<>"",$Q15="Ha",$I15<>"",$I15<=Boshqaruv!$C$12,OR($AG15="",$AG15>Boshqaruv!$C$12)),MAX($AM$4:$AM14)+1,"") | AN15: =IF(AND($B15<>"",$P15="Ha",$I15<>"",$I15<=Boshqaruv!$C$12,OR($AG15="",$AG15>Boshqaruv!$C$12)),MAX($AN$4:$AN14)+1,"")
A16: 12 | B16: Пробная Мария Петровна | C16: 36028 | D16: 30000000000011 | E16: +998900000011 | F16: Тестовая махалля | H16: =IF(OR($B16="",$C16=""),"",$B16&" ("&DAY($C16)&"."&MONTH($C16)&"."&YEAR($C16)&")") -> Пробная Мария Петровна (21.8.1998) | I16: 46223 | J16: 46153 | K16: =IF($J16="","",$J16+280) -> 46433 | L16: =IF(OR($J16="",$AG16<>""),"",INT((Boshqaruv!$C$12-$J16)/7)) -> 23 | M16: =IF(OR($I16="",$J16=""),"",INT(($I16-$J16)/7)) -> 10 | N16: =IF($M16="","",IF($M16<=12,"Ha","Yo'q")) -> Ha | O16: =IF(OR($C16="",$I16=""),"",INT(($I16-$C16)/365.25)) -> 27 | P16: =IF($O16="","",IF($O16<18,"Ha","Yo'q")) -> Yo'q | Q16: Yo'q | AA16: =IF(OR($Z16="",$J16=""),"",INT(($Z16-$J16)/7)) | AB16: =IF($AA16="","",IF(AND($AA16>=Spravochnik!$G$5,$AA16<=Spravochnik!$G$6),"Ha","Yo'q")) | AE16: =IF(AND($B16<>"",$AG16="",$AD16<>"",$AD16<Boshqaruv!$C$12),"Ha","") | AL16: =IF(OR($B16="",$C16="",$I16=""),"",IF(COUNTIFS($B$5:$B$404,$B16,$C$5:$C$404,$C16,$I$5:$I$404,$I16)>1,"Takror","")) | AM16: =IF(AND($B16<>"",$Q16="Ha",$I16<>"",$I16<=Boshqaruv!$C$12,OR($AG16="",$AG16>Boshqaruv!$C$12)),MAX($AM$4:$AM15)+1,"") | AN16: =IF(AND($B16<>"",$P16="Ha",$I16<>"",$I16<=Boshqaruv!$C$12,OR($AG16="",$AG16>Boshqaruv!$C$12)),MAX($AN$4:$AN15)+1,"")
A17: 13 | H17: =IF(OR($B17="",$C17=""),"",$B17&" ("&DAY($C17)&"."&MONTH($C17)&"."&YEAR($C17)&")") | K17: =IF($J17="","",$J17+280) | L17: =IF(OR($J17="",$AG17<>""),"",INT((Boshqaruv!$C$12-$J17)/7)) | M17: =IF(OR($I17="",$J17=""),"",INT(($I17-$J17)/7)) | N17: =IF($M17="","",IF($M17<=12,"Ha","Yo'q")) | O17: =IF(OR($C17="",$I17=""),"",INT(($I17-$C17)/365.25)) | P17: =IF($O17="","",IF($O17<18,"Ha","Yo'q")) | AA17: =IF(OR($Z17="",$J17=""),"",INT(($Z17-$J17)/7)) | AB17: =IF($AA17="","",IF(AND($AA17>=Spravochnik!$G$5,$AA17<=Spravochnik!$G$6),"Ha","Yo'q")) | AE17: =IF(AND($B17<>"",$AG17="",$AD17<>"",$AD17<Boshqaruv!$C$12),"Ha","") | AL17: =IF(OR($B17="",$C17="",$I17=""),"",IF(COUNTIFS($B$5:$B$404,$B17,$C$5:$C$404,$C17,$I$5:$I$404,$I17)>1,"Takror","")) | AM17: =IF(AND($B17<>"",$Q17="Ha",$I17<>"",$I17<=Boshqaruv!$C$12,OR($AG17="",$AG17>Boshqaruv!$C$12)),MAX($AM$4:$AM16)+1,"") | AN17: =IF(AND($B17<>"",$P17="Ha",$I17<>"",$I17<=Boshqaruv!$C$12,OR($AG17="",$AG17>Boshqaruv!$C$12)),MAX($AN$4:$AN16)+1,"")
A18: 14 | H18: =IF(OR($B18="",$C18=""),"",$B18&" ("&DAY($C18)&"."&MONTH($C18)&"."&YEAR($C18)&")") | K18: =IF($J18="","",$J18+280) | L18: =IF(OR($J18="",$AG18<>""),"",INT((Boshqaruv!$C$12-$J18)/7)) | M18: =IF(OR($I18="",$J18=""),"",INT(($I18-$J18)/7)) | N18: =IF($M18="","",IF($M18<=12,"Ha","Yo'q")) | O18: =IF(OR($C18="",$I18=""),"",INT(($I18-$C18)/365.25)) | P18: =IF($O18="","",IF($O18<18,"Ha","Yo'q")) | AA18: =IF(OR($Z18="",$J18=""),"",INT(($Z18-$J18)/7)) | AB18: =IF($AA18="","",IF(AND($AA18>=Spravochnik!$G$5,$AA18<=Spravochnik!$G$6),"Ha","Yo'q")) | AE18: =IF(AND($B18<>"",$AG18="",$AD18<>"",$AD18<Boshqaruv!$C$12),"Ha","") | AL18: =IF(OR($B18="",$C18="",$I18=""),"",IF(COUNTIFS($B$5:$B$404,$B18,$C$5:$C$404,$C18,$I$5:$I$404,$I18)>1,"Takror","")) | AM18: =IF(AND($B18<>"",$Q18="Ha",$I18<>"",$I18<=Boshqaruv!$C$12,OR($AG18="",$AG18>Boshqaruv!$C$12)),MAX($AM$4:$AM17)+1,"") | AN18: =IF(AND($B18<>"",$P18="Ha",$I18<>"",$I18<=Boshqaruv!$C$12,OR($AG18="",$AG18>Boshqaruv!$C$12)),MAX($AN$4:$AN17)+1,"")
A19: 15 | H19: =IF(OR($B19="",$C19=""),"",$B19&" ("&DAY($C19)&"."&MONTH($C19)&"."&YEAR($C19)&")") | K19: =IF($J19="","",$J19+280) | L19: =IF(OR($J19="",$AG19<>""),"",INT((Boshqaruv!$C$12-$J19)/7)) | M19: =IF(OR($I19="",$J19=""),"",INT(($I19-$J19)/7)) | N19: =IF($M19="","",IF($M19<=12,"Ha","Yo'q")) | O19: =IF(OR($C19="",$I19=""),"",INT(($I19-$C19)/365.25)) | P19: =IF($O19="","",IF($O19<18,"Ha","Yo'q")) | AA19: =IF(OR($Z19="",$J19=""),"",INT(($Z19-$J19)/7)) | AB19: =IF($AA19="","",IF(AND($AA19>=Spravochnik!$G$5,$AA19<=Spravochnik!$G$6),"Ha","Yo'q")) | AE19: =IF(AND($B19<>"",$AG19="",$AD19<>"",$AD19<Boshqaruv!$C$12),"Ha","") | AL19: =IF(OR($B19="",$C19="",$I19=""),"",IF(COUNTIFS($B$5:$B$404,$B19,$C$5:$C$404,$C19,$I$5:$I$404,$I19)>1,"Takror","")) | AM19: =IF(AND($B19<>"",$Q19="Ha",$I19<>"",$I19<=Boshqaruv!$C$12,OR($AG19="",$AG19>Boshqaruv!$C$12)),MAX($AM$4:$AM18)+1,"") | AN19: =IF(AND($B19<>"",$P19="Ha",$I19<>"",$I19<=Boshqaruv!$C$12,OR($AG19="",$AG19>Boshqaruv!$C$12)),MAX($AN$4:$AN18)+1,"")
A20: 16 | H20: =IF(OR($B20="",$C20=""),"",$B20&" ("&DAY($C20)&"."&MONTH($C20)&"."&YEAR($C20)&")") | K20: =IF($J20="","",$J20+280) | L20: =IF(OR($J20="",$AG20<>""),"",INT((Boshqaruv!$C$12-$J20)/7)) | M20: =IF(OR($I20="",$J20=""),"",INT(($I20-$J20)/7)) | N20: =IF($M20="","",IF($M20<=12,"Ha","Yo'q")) | O20: =IF(OR($C20="",$I20=""),"",INT(($I20-$C20)/365.25)) | P20: =IF($O20="","",IF($O20<18,"Ha","Yo'q")) | AA20: =IF(OR($Z20="",$J20=""),"",INT(($Z20-$J20)/7)) | AB20: =IF($AA20="","",IF(AND($AA20>=Spravochnik!$G$5,$AA20<=Spravochnik!$G$6),"Ha","Yo'q")) | AE20: =IF(AND($B20<>"",$AG20="",$AD20<>"",$AD20<Boshqaruv!$C$12),"Ha","") | AL20: =IF(OR($B20="",$C20="",$I20=""),"",IF(COUNTIFS($B$5:$B$404,$B20,$C$5:$C$404,$C20,$I$5:$I$404,$I20)>1,"Takror","")) | AM20: =IF(AND($B20<>"",$Q20="Ha",$I20<>"",$I20<=Boshqaruv!$C$12,OR($AG20="",$AG20>Boshqaruv!$C$12)),MAX($AM$4:$AM19)+1,"") | AN20: =IF(AND($B20<>"",$P20="Ha",$I20<>"",$I20<=Boshqaruv!$C$12,OR($AG20="",$AG20>Boshqaruv!$C$12)),MAX($AN$4:$AN19)+1,"")
A21: 17 | H21: =IF(OR($B21="",$C21=""),"",$B21&" ("&DAY($C21)&"."&MONTH($C21)&"."&YEAR($C21)&")") | K21: =IF($J21="","",$J21+280) | L21: =IF(OR($J21="",$AG21<>""),"",INT((Boshqaruv!$C$12-$J21)/7)) | M21: =IF(OR($I21="",$J21=""),"",INT(($I21-$J21)/7)) | N21: =IF($M21="","",IF($M21<=12,"Ha","Yo'q")) | O21: =IF(OR($C21="",$I21=""),"",INT(($I21-$C21)/365.25)) | P21: =IF($O21="","",IF($O21<18,"Ha","Yo'q")) | AA21: =IF(OR($Z21="",$J21=""),"",INT(($Z21-$J21)/7)) | AB21: =IF($AA21="","",IF(AND($AA21>=Spravochnik!$G$5,$AA21<=Spravochnik!$G$6),"Ha","Yo'q")) | AE21: =IF(AND($B21<>"",$AG21="",$AD21<>"",$AD21<Boshqaruv!$C$12),"Ha","") | AL21: =IF(OR($B21="",$C21="",$I21=""),"",IF(COUNTIFS($B$5:$B$404,$B21,$C$5:$C$404,$C21,$I$5:$I$404,$I21)>1,"Takror","")) | AM21: =IF(AND($B21<>"",$Q21="Ha",$I21<>"",$I21<=Boshqaruv!$C$12,OR($AG21="",$AG21>Boshqaruv!$C$12)),MAX($AM$4:$AM20)+1,"") | AN21: =IF(AND($B21<>"",$P21="Ha",$I21<>"",$I21<=Boshqaruv!$C$12,OR($AG21="",$AG21>Boshqaruv!$C$12)),MAX($AN$4:$AN20)+1,"")
A22: 18 | H22: =IF(OR($B22="",$C22=""),"",$B22&" ("&DAY($C22)&"."&MONTH($C22)&"."&YEAR($C22)&")") | K22: =IF($J22="","",$J22+280) | L22: =IF(OR($J22="",$AG22<>""),"",INT((Boshqaruv!$C$12-$J22)/7)) | M22: =IF(OR($I22="",$J22=""),"",INT(($I22-$J22)/7)) | N22: =IF($M22="","",IF($M22<=12,"Ha","Yo'q")) | O22: =IF(OR($C22="",$I22=""),"",INT(($I22-$C22)/365.25)) | P22: =IF($O22="","",IF($O22<18,"Ha","Yo'q")) | AA22: =IF(OR($Z22="",$J22=""),"",INT(($Z22-$J22)/7)) | AB22: =IF($AA22="","",IF(AND($AA22>=Spravochnik!$G$5,$AA22<=Spravochnik!$G$6),"Ha","Yo'q")) | AE22: =IF(AND($B22<>"",$AG22="",$AD22<>"",$AD22<Boshqaruv!$C$12),"Ha","") | AL22: =IF(OR($B22="",$C22="",$I22=""),"",IF(COUNTIFS($B$5:$B$404,$B22,$C$5:$C$404,$C22,$I$5:$I$404,$I22)>1,"Takror","")) | AM22: =IF(AND($B22<>"",$Q22="Ha",$I22<>"",$I22<=Boshqaruv!$C$12,OR($AG22="",$AG22>Boshqaruv!$C$12)),MAX($AM$4:$AM21)+1,"") | AN22: =IF(AND($B22<>"",$P22="Ha",$I22<>"",$I22<=Boshqaruv!$C$12,OR($AG22="",$AG22>Boshqaruv!$C$12)),MAX($AN$4:$AN21)+1,"")
A23: 19 | H23: =IF(OR($B23="",$C23=""),"",$B23&" ("&DAY($C23)&"."&MONTH($C23)&"."&YEAR($C23)&")") | K23: =IF($J23="","",$J23+280) | L23: =IF(OR($J23="",$AG23<>""),"",INT((Boshqaruv!$C$12-$J23)/7)) | M23: =IF(OR($I23="",$J23=""),"",INT(($I23-$J23)/7)) | N23: =IF($M23="","",IF($M23<=12,"Ha","Yo'q")) | O23: =IF(OR($C23="",$I23=""),"",INT(($I23-$C23)/365.25)) | P23: =IF($O23="","",IF($O23<18,"Ha","Yo'q")) | AA23: =IF(OR($Z23="",$J23=""),"",INT(($Z23-$J23)/7)) | AB23: =IF($AA23="","",IF(AND($AA23>=Spravochnik!$G$5,$AA23<=Spravochnik!$G$6),"Ha","Yo'q")) | AE23: =IF(AND($B23<>"",$AG23="",$AD23<>"",$AD23<Boshqaruv!$C$12),"Ha","") | AL23: =IF(OR($B23="",$C23="",$I23=""),"",IF(COUNTIFS($B$5:$B$404,$B23,$C$5:$C$404,$C23,$I$5:$I$404,$I23)>1,"Takror","")) | AM23: =IF(AND($B23<>"",$Q23="Ha",$I23<>"",$I23<=Boshqaruv!$C$12,OR($AG23="",$AG23>Boshqaruv!$C$12)),MAX($AM$4:$AM22)+1,"") | AN23: =IF(AND($B23<>"",$P23="Ha",$I23<>"",$I23<=Boshqaruv!$C$12,OR($AG23="",$AG23>Boshqaruv!$C$12)),MAX($AN$4:$AN22)+1,"")
A24: 20 | H24: =IF(OR($B24="",$C24=""),"",$B24&" ("&DAY($C24)&"."&MONTH($C24)&"."&YEAR($C24)&")") | K24: =IF($J24="","",$J24+280) | L24: =IF(OR($J24="",$AG24<>""),"",INT((Boshqaruv!$C$12-$J24)/7)) | M24: =IF(OR($I24="",$J24=""),"",INT(($I24-$J24)/7)) | N24: =IF($M24="","",IF($M24<=12,"Ha","Yo'q")) | O24: =IF(OR($C24="",$I24=""),"",INT(($I24-$C24)/365.25)) | P24: =IF($O24="","",IF($O24<18,"Ha","Yo'q")) | AA24: =IF(OR($Z24="",$J24=""),"",INT(($Z24-$J24)/7)) | AB24: =IF($AA24="","",IF(AND($AA24>=Spravochnik!$G$5,$AA24<=Spravochnik!$G$6),"Ha","Yo'q")) | AE24: =IF(AND($B24<>"",$AG24="",$AD24<>"",$AD24<Boshqaruv!$C$12),"Ha","") | AL24: =IF(OR($B24="",$C24="",$I24=""),"",IF(COUNTIFS($B$5:$B$404,$B24,$C$5:$C$404,$C24,$I$5:$I$404,$I24)>1,"Takror","")) | AM24: =IF(AND($B24<>"",$Q24="Ha",$I24<>"",$I24<=Boshqaruv!$C$12,OR($AG24="",$AG24>Boshqaruv!$C$12)),MAX($AM$4:$AM23)+1,"") | AN24: =IF(AND($B24<>"",$P24="Ha",$I24<>"",$I24<=Boshqaruv!$C$12,OR($AG24="",$AG24>Boshqaruv!$C$12)),MAX($AN$4:$AN23)+1,"")
A25: 21 | H25: =IF(OR($B25="",$C25=""),"",$B25&" ("&DAY($C25)&"."&MONTH($C25)&"."&YEAR($C25)&")") | K25: =IF($J25="","",$J25+280) | L25: =IF(OR($J25="",$AG25<>""),"",INT((Boshqaruv!$C$12-$J25)/7)) | M25: =IF(OR($I25="",$J25=""),"",INT(($I25-$J25)/7)) | N25: =IF($M25="","",IF($M25<=12,"Ha","Yo'q")) | O25: =IF(OR($C25="",$I25=""),"",INT(($I25-$C25)/365.25)) | P25: =IF($O25="","",IF($O25<18,"Ha","Yo'q")) | AA25: =IF(OR($Z25="",$J25=""),"",INT(($Z25-$J25)/7)) | AB25: =IF($AA25="","",IF(AND($AA25>=Spravochnik!$G$5,$AA25<=Spravochnik!$G$6),"Ha","Yo'q")) | AE25: =IF(AND($B25<>"",$AG25="",$AD25<>"",$AD25<Boshqaruv!$C$12),"Ha","") | AL25: =IF(OR($B25="",$C25="",$I25=""),"",IF(COUNTIFS($B$5:$B$404,$B25,$C$5:$C$404,$C25,$I$5:$I$404,$I25)>1,"Takror","")) | AM25: =IF(AND($B25<>"",$Q25="Ha",$I25<>"",$I25<=Boshqaruv!$C$12,OR($AG25="",$AG25>Boshqaruv!$C$12)),MAX($AM$4:$AM24)+1,"") | AN25: =IF(AND($B25<>"",$P25="Ha",$I25<>"",$I25<=Boshqaruv!$C$12,OR($AG25="",$AG25>Boshqaruv!$C$12)),MAX($AN$4:$AN24)+1,"")
A26: 22 | H26: =IF(OR($B26="",$C26=""),"",$B26&" ("&DAY($C26)&"."&MONTH($C26)&"."&YEAR($C26)&")") | K26: =IF($J26="","",$J26+280) | L26: =IF(OR($J26="",$AG26<>""),"",INT((Boshqaruv!$C$12-$J26)/7)) | M26: =IF(OR($I26="",$J26=""),"",INT(($I26-$J26)/7)) | N26: =IF($M26="","",IF($M26<=12,"Ha","Yo'q")) | O26: =IF(OR($C26="",$I26=""),"",INT(($I26-$C26)/365.25)) | P26: =IF($O26="","",IF($O26<18,"Ha","Yo'q")) | AA26: =IF(OR($Z26="",$J26=""),"",INT(($Z26-$J26)/7)) | AB26: =IF($AA26="","",IF(AND($AA26>=Spravochnik!$G$5,$AA26<=Spravochnik!$G$6),"Ha","Yo'q")) | AE26: =IF(AND($B26<>"",$AG26="",$AD26<>"",$AD26<Boshqaruv!$C$12),"Ha","") | AL26: =IF(OR($B26="",$C26="",$I26=""),"",IF(COUNTIFS($B$5:$B$404,$B26,$C$5:$C$404,$C26,$I$5:$I$404,$I26)>1,"Takror","")) | AM26: =IF(AND($B26<>"",$Q26="Ha",$I26<>"",$I26<=Boshqaruv!$C$12,OR($AG26="",$AG26>Boshqaruv!$C$12)),MAX($AM$4:$AM25)+1,"") | AN26: =IF(AND($B26<>"",$P26="Ha",$I26<>"",$I26<=Boshqaruv!$C$12,OR($AG26="",$AG26>Boshqaruv!$C$12)),MAX($AN$4:$AN25)+1,"")
A27: 23 | H27: =IF(OR($B27="",$C27=""),"",$B27&" ("&DAY($C27)&"."&MONTH($C27)&"."&YEAR($C27)&")") | K27: =IF($J27="","",$J27+280) | L27: =IF(OR($J27="",$AG27<>""),"",INT((Boshqaruv!$C$12-$J27)/7)) | M27: =IF(OR($I27="",$J27=""),"",INT(($I27-$J27)/7)) | N27: =IF($M27="","",IF($M27<=12,"Ha","Yo'q")) | O27: =IF(OR($C27="",$I27=""),"",INT(($I27-$C27)/365.25)) | P27: =IF($O27="","",IF($O27<18,"Ha","Yo'q")) | AA27: =IF(OR($Z27="",$J27=""),"",INT(($Z27-$J27)/7)) | AB27: =IF($AA27="","",IF(AND($AA27>=Spravochnik!$G$5,$AA27<=Spravochnik!$G$6),"Ha","Yo'q")) | AE27: =IF(AND($B27<>"",$AG27="",$AD27<>"",$AD27<Boshqaruv!$C$12),"Ha","") | AL27: =IF(OR($B27="",$C27="",$I27=""),"",IF(COUNTIFS($B$5:$B$404,$B27,$C$5:$C$404,$C27,$I$5:$I$404,$I27)>1,"Takror","")) | AM27: =IF(AND($B27<>"",$Q27="Ha",$I27<>"",$I27<=Boshqaruv!$C$12,OR($AG27="",$AG27>Boshqaruv!$C$12)),MAX($AM$4:$AM26)+1,"") | AN27: =IF(AND($B27<>"",$P27="Ha",$I27<>"",$I27<=Boshqaruv!$C$12,OR($AG27="",$AG27>Boshqaruv!$C$12)),MAX($AN$4:$AN26)+1,"")
A28: 24 | H28: =IF(OR($B28="",$C28=""),"",$B28&" ("&DAY($C28)&"."&MONTH($C28)&"."&YEAR($C28)&")") | K28: =IF($J28="","",$J28+280) | L28: =IF(OR($J28="",$AG28<>""),"",INT((Boshqaruv!$C$12-$J28)/7)) | M28: =IF(OR($I28="",$J28=""),"",INT(($I28-$J28)/7)) | N28: =IF($M28="","",IF($M28<=12,"Ha","Yo'q")) | O28: =IF(OR($C28="",$I28=""),"",INT(($I28-$C28)/365.25)) | P28: =IF($O28="","",IF($O28<18,"Ha","Yo'q")) | AA28: =IF(OR($Z28="",$J28=""),"",INT(($Z28-$J28)/7)) | AB28: =IF($AA28="","",IF(AND($AA28>=Spravochnik!$G$5,$AA28<=Spravochnik!$G$6),"Ha","Yo'q")) | AE28: =IF(AND($B28<>"",$AG28="",$AD28<>"",$AD28<Boshqaruv!$C$12),"Ha","") | AL28: =IF(OR($B28="",$C28="",$I28=""),"",IF(COUNTIFS($B$5:$B$404,$B28,$C$5:$C$404,$C28,$I$5:$I$404,$I28)>1,"Takror","")) | AM28: =IF(AND($B28<>"",$Q28="Ha",$I28<>"",$I28<=Boshqaruv!$C$12,OR($AG28="",$AG28>Boshqaruv!$C$12)),MAX($AM$4:$AM27)+1,"") | AN28: =IF(AND($B28<>"",$P28="Ha",$I28<>"",$I28<=Boshqaruv!$C$12,OR($AG28="",$AG28>Boshqaruv!$C$12)),MAX($AN$4:$AN27)+1,"")
... A404: 400 | H404: =IF(OR($B404="",$C404=""),"",$B404&" ("&DAY($C404)&"."&MONTH($C404)&"."&YEAR($C404)&")") | K404: =IF($J404="","",$J404+280) | L404: =IF(OR($J404="",$AG404<>""),"",INT((Boshqaruv!$C$12-$J404)/7)) | M404: =IF(OR($I404="",$J404=""),"",INT(($I404-$J404)/7)) | N404: =IF($M404="","",IF($M404<=12,"Ha","Yo'q")) | O404: =IF(OR($C404="",$I404=""),"",INT(($I404-$C404)/365.25)) | P404: =IF($O404="","",IF($O404<18,"Ha","Yo'q")) | AA404: =IF(OR($Z404="",$J404=""),"",INT(($Z404-$J404)/7)) | AB404: =IF($AA404="","",IF(AND($AA404>=Spravochnik!$G$5,$AA404<=Spravochnik!$G$6),"Ha","Yo'q")) | AE404: =IF(AND($B404<>"",$AG404="",$AD404<>"",$AD404<Boshqaruv!$C$12),"Ha","") | AL404: =IF(OR($B404="",$C404="",$I404=""),"",IF(COUNTIFS($B$5:$B$404,$B404,$C$5:$C$404,$C404,$I$5:$I$404,$I404)>1,"Takror","")) | AM404: =IF(AND($B404<>"",$Q404="Ha",$I404<>"",$I404<=Boshqaruv!$C$12,OR($AG404="",$AG404>Boshqaruv!$C$12)),MAX($AM$4:$AM403)+1,"") | AN404: =IF(AND($B404<>"",$P404="Ha",$I404<>"",$I404<=Boshqaruv!$C$12,OR($AG404="",$AG404>Boshqaruv!$C$12)),MAX($AN$4:$AN403)+1,"")

Sheet Xavfli_homiladorlar
A1: XAVFLI HOMILADORLAR / БЕРЕМЕННЫЕ ГРУППЫ РИСКА — avtomatik ro‘yxat
A2: «Homiladorlar»da «Xavf guruhida? = Ha» va chiqish sanasi yo‘q bo‘lganlar bu yerda o‘zi chiqadi. / Список строится сам: группа риска = Ha и нет даты выбытия.
A3: MAXFIY / КОНФИДЕНЦИАЛЬНО — shaxsiy va tibbiy ma’lumotlar (shifokorlik siri). Faylni parol bilan himoyalang, ochiq guruhlarga yubormang. / Персональные и медицинские данные (врачебная тайна). Защитите файл паролем, не отправляйте в открытые группы.
A4: № | B4: (qator) | C4: F.I.Sh. Ф.И.О. | D4: Tug‘ilgan sana Дата рожд. | E4: Mahalla Махалля | F4: Telefon Телефон | G4: Og‘irlik Тяжесть | H4: Asosiy diagnoz Диагноз | I4: MKB-10 | J4: Xavf omili Фактор риска | K4: Muddat, hafta Срок, нед. | L4: Taxminiy tug‘ruq Предп. роды | M4: Oxirgi ko‘rik Посл. осмотр | N4: Keyingi ko‘rik След. осмотр | O4: Muddati o‘tgan? Просрочен? | P4: Hujjat № № документа
A5: 1 | B5: =IFERROR(MATCH(A5,Homiladorlar!$AM$5:$AM$404,0),"") -> 1 | C5: =IF($B5="","",IF(INDEX(Homiladorlar!$B$5:$B$404,$B5)="","",INDEX(Homiladorlar!$B$5:$B$404,$B5))) -> Тестова Анна Ивановна | D5: =IF($B5="","",IF(INDEX(Homiladorlar!$C$5:$C$404,$B5)="","",INDEX(Homiladorlar!$C$5:$C$404,$B5))) -> 34768 | E5: =IF($B5="","",IF(INDEX(Homiladorlar!$F$5:$F$404,$B5)="","",INDEX(Homiladorlar!$F$5:$F$404,$B5))) -> Тестовая махалля | F5: =IF($B5="","",IF(INDEX(Homiladorlar!$E$5:$E$404,$B5)="","",INDEX(Homiladorlar!$E$5:$E$404,$B5))) -> +998900000000 | G5: =IF($B5="","",IF(INDEX(Homiladorlar!$R$5:$R$404,$B5)="","",INDEX(Homiladorlar!$R$5:$R$404,$B5))) | H5: =IF($B5="","",IF(INDEX(Homiladorlar!$T$5:$T$404,$B5)="","",INDEX(Homiladorlar!$T$5:$T$404,$B5))) | I5: =IF($B5="","",IF(INDEX(Homiladorlar!$U$5:$U$404,$B5)="","",INDEX(Homiladorlar!$U$5:$U$404,$B5))) | J5: =IF($B5="","",IF(INDEX(Homiladorlar!$S$5:$S$404,$B5)="","",INDEX(Homiladorlar!$S$5:$S$404,$B5))) | K5: =IF($B5="","",IF(INDEX(Homiladorlar!$L$5:$L$404,$B5)="","",INDEX(Homiladorlar!$L$5:$L$404,$B5))) -> 15 | L5: =IF($B5="","",IF(INDEX(Homiladorlar!$K$5:$K$404,$B5)="","",INDEX(Homiladorlar!$K$5:$K$404,$B5))) -> 46488 | M5: =IF($B5="","",IF(INDEX(Homiladorlar!$AC$5:$AC$404,$B5)="","",INDEX(Homiladorlar!$AC$5:$AC$404,$B5))) | N5: =IF($B5="","",IF(INDEX(Homiladorlar!$AD$5:$AD$404,$B5)="","",INDEX(Homiladorlar!$AD$5:$AD$404,$B5))) | O5: =IF($B5="","",IF(INDEX(Homiladorlar!$AE$5:$AE$404,$B5)="","",INDEX(Homiladorlar!$AE$5:$AE$404,$B5))) | P5: =IF($B5="","",IF(INDEX(Homiladorlar!$AI$5:$AI$404,$B5)="","",INDEX(Homiladorlar!$AI$5:$AI$404,$B5)))
A6: 2 | B6: =IFERROR(MATCH(A6,Homiladorlar!$AM$5:$AM$404,0),"") -> 4 | C6: =IF($B6="","",IF(INDEX(Homiladorlar!$B$5:$B$404,$B6)="","",INDEX(Homiladorlar!$B$5:$B$404,$B6))) -> Вымышленная Нигора Алиевна | D6: =IF($B6="","",IF(INDEX(Homiladorlar!$C$5:$C$404,$B6)="","",INDEX(Homiladorlar!$C$5:$C$404,$B6))) -> 35959 | E6: =IF($B6="","",IF(INDEX(Homiladorlar!$F$5:$F$404,$B6)="","",INDEX(Homiladorlar!$F$5:$F$404,$B6))) -> Тестовая махалля | F6: =IF($B6="","",IF(INDEX(Homiladorlar!$E$5:$E$404,$B6)="","",INDEX(Homiladorlar!$E$5:$E$404,$B6))) -> +998900000003 | G6: =IF($B6="","",IF(INDEX(Homiladorlar!$R$5:$R$404,$B6)="","",INDEX(Homiladorlar!$R$5:$R$404,$B6))) | H6: =IF($B6="","",IF(INDEX(Homiladorlar!$T$5:$T$404,$B6)="","",INDEX(Homiladorlar!$T$5:$T$404,$B6))) | I6: =IF($B6="","",IF(INDEX(Homiladorlar!$U$5:$U$404,$B6)="","",INDEX(Homiladorlar!$U$5:$U$404,$B6))) | J6: =IF($B6="","",IF(INDEX(Homiladorlar!$S$5:$S$404,$B6)="","",INDEX(Homiladorlar!$S$5:$S$404,$B6))) | K6: =IF($B6="","",IF(INDEX(Homiladorlar!$L$5:$L$404,$B6)="","",INDEX(Homiladorlar!$L$5:$L$404,$B6))) -> 17 | L6: =IF($B6="","",IF(INDEX(Homiladorlar!$K$5:$K$404,$B6)="","",INDEX(Homiladorlar!$K$5:$K$404,$B6))) -> 46473 | M6: =IF($B6="","",IF(INDEX(Homiladorlar!$AC$5:$AC$404,$B6)="","",INDEX(Homiladorlar!$AC$5:$AC$404,$B6))) | N6: =IF($B6="","",IF(INDEX(Homiladorlar!$AD$5:$AD$404,$B6)="","",INDEX(Homiladorlar!$AD$5:$AD$404,$B6))) | O6: =IF($B6="","",IF(INDEX(Homiladorlar!$AE$5:$AE$404,$B6)="","",INDEX(Homiladorlar!$AE$5:$AE$404,$B6))) | P6: =IF($B6="","",IF(INDEX(Homiladorlar!$AI$5:$AI$404,$B6)="","",INDEX(Homiladorlar!$AI$5:$AI$404,$B6)))
A7: 3 | B7: =IFERROR(MATCH(A7,Homiladorlar!$AM$5:$AM$404,0),"") -> 7 | C7: =IF($B7="","",IF(INDEX(Homiladorlar!$B$5:$B$404,$B7)="","",INDEX(Homiladorlar!$B$5:$B$404,$B7))) -> Демонстрационная Лола Акбаровна | D7: =IF($B7="","",IF(INDEX(Homiladorlar!$C$5:$C$404,$B7)="","",INDEX(Homiladorlar!$C$5:$C$404,$B7))) -> 36966 | E7: =IF($B7="","",IF(INDEX(Homiladorlar!$F$5:$F$404,$B7)="","",INDEX(Homiladorlar!$F$5:$F$404,$B7))) -> Тестовая махалля | F7: =IF($B7="","",IF(INDEX(Homiladorlar!$E$5:$E$404,$B7)="","",INDEX(Homiladorlar!$E$5:$E$404,$B7))) -> +998900000006 | G7: =IF($B7="","",IF(INDEX(Homiladorlar!$R$5:$R$404,$B7)="","",INDEX(Homiladorlar!$R$5:$R$404,$B7))) | H7: =IF($B7="","",IF(INDEX(Homiladorlar!$T$5:$T$404,$B7)="","",INDEX(Homiladorlar!$T$5:$T$404,$B7))) | I7: =IF($B7="","",IF(INDEX(Homiladorlar!$U$5:$U$404,$B7)="","",INDEX(Homiladorlar!$U$5:$U$404,$B7))) | J7: =IF($B7="","",IF(INDEX(Homiladorlar!$S$5:$S$404,$B7)="","",INDEX(Homiladorlar!$S$5:$S$404,$B7))) | K7: =IF($B7="","",IF(INDEX(Homiladorlar!$L$5:$L$404,$B7)="","",INDEX(Homiladorlar!$L$5:$L$404,$B7))) -> 20 | L7: =IF($B7="","",IF(INDEX(Homiladorlar!$K$5:$K$404,$B7)="","",INDEX(Homiladorlar!$K$5:$K$404,$B7))) -> 46458 | M7: =IF($B7="","",IF(INDEX(Homiladorlar!$AC$5:$AC$404,$B7)="","",INDEX(Homiladorlar!$AC$5:$AC$404,$B7))) | N7: =IF($B7="","",IF(INDEX(Homiladorlar!$AD$5:$AD$404,$B7)="","",INDEX(Homiladorlar!$AD$5:$AD$404,$B7))) | O7: =IF($B7="","",IF(INDEX(Homiladorlar!$AE$5:$AE$404,$B7)="","",INDEX(Homiladorlar!$AE$5:$AE$404,$B7))) | P7: =IF($B7="","",IF(INDEX(Homiladorlar!$AI$5:$AI$404,$B7)="","",INDEX(Homiladorlar!$AI$5:$AI$404,$B7)))
A8: 4 | B8: =IFERROR(MATCH(A8,Homiladorlar!$AM$5:$AM$404,0),"") -> 10 | C8: =IF($B8="","",IF(INDEX(Homiladorlar!$B$5:$B$404,$B8)="","",INDEX(Homiladorlar!$B$5:$B$404,$B8))) -> Фиктивная Дильбар Юсуфовна | D8: =IF($B8="","",IF(INDEX(Homiladorlar!$C$5:$C$404,$B8)="","",INDEX(Homiladorlar!$C$5:$C$404,$B8))) -> 35235 | E8: =IF($B8="","",IF(INDEX(Homiladorlar!$F$5:$F$404,$B8)="","",INDEX(Homiladorlar!$F$5:$F$404,$B8))) -> Тестовая махалля | F8: =IF($B8="","",IF(INDEX(Homiladorlar!$E$5:$E$404,$B8)="","",INDEX(Homiladorlar!$E$5:$E$404,$B8))) -> +998900000009 | G8: =IF($B8="","",IF(INDEX(Homiladorlar!$R$5:$R$404,$B8)="","",INDEX(Homiladorlar!$R$5:$R$404,$B8))) | H8: =IF($B8="","",IF(INDEX(Homiladorlar!$T$5:$T$404,$B8)="","",INDEX(Homiladorlar!$T$5:$T$404,$B8))) | I8: =IF($B8="","",IF(INDEX(Homiladorlar!$U$5:$U$404,$B8)="","",INDEX(Homiladorlar!$U$5:$U$404,$B8))) | J8: =IF($B8="","",IF(INDEX(Homiladorlar!$S$5:$S$404,$B8)="","",INDEX(Homiladorlar!$S$5:$S$404,$B8))) | K8: =IF($B8="","",IF(INDEX(Homiladorlar!$L$5:$L$404,$B8)="","",INDEX(Homiladorlar!$L$5:$L$404,$B8))) -> 22 | L8: =IF($B8="","",IF(INDEX(Homiladorlar!$K$5:$K$404,$B8)="","",INDEX(Homiladorlar!$K$5:$K$404,$B8))) -> 46443 | M8: =IF($B8="","",IF(INDEX(Homiladorlar!$AC$5:$AC$404,$B8)="","",INDEX(Homiladorlar!$AC$5:$AC$404,$B8))) | N8: =IF($B8="","",IF(INDEX(Homiladorlar!$AD$5:$AD$404,$B8)="","",INDEX(Homiladorlar!$AD$5:$AD$404,$B8))) | O8: =IF($B8="","",IF(INDEX(Homiladorlar!$AE$5:$AE$404,$B8)="","",INDEX(Homiladorlar!$AE$5:$AE$404,$B8))) | P8: =IF($B8="","",IF(INDEX(Homiladorlar!$AI$5:$AI$404,$B8)="","",INDEX(Homiladorlar!$AI$5:$AI$404,$B8)))
A9: 5 | B9: =IFERROR(MATCH(A9,Homiladorlar!$AM$5:$AM$404,0),"") | C9: =IF($B9="","",IF(INDEX(Homiladorlar!$B$5:$B$404,$B9)="","",INDEX(Homiladorlar!$B$5:$B$404,$B9))) | D9: =IF($B9="","",IF(INDEX(Homiladorlar!$C$5:$C$404,$B9)="","",INDEX(Homiladorlar!$C$5:$C$404,$B9))) | E9: =IF($B9="","",IF(INDEX(Homiladorlar!$F$5:$F$404,$B9)="","",INDEX(Homiladorlar!$F$5:$F$404,$B9))) | F9: =IF($B9="","",IF(INDEX(Homiladorlar!$E$5:$E$404,$B9)="","",INDEX(Homiladorlar!$E$5:$E$404,$B9))) | G9: =IF($B9="","",IF(INDEX(Homiladorlar!$R$5:$R$404,$B9)="","",INDEX(Homiladorlar!$R$5:$R$404,$B9))) | H9: =IF($B9="","",IF(INDEX(Homiladorlar!$T$5:$T$404,$B9)="","",INDEX(Homiladorlar!$T$5:$T$404,$B9))) | I9: =IF($B9="","",IF(INDEX(Homiladorlar!$U$5:$U$404,$B9)="","",INDEX(Homiladorlar!$U$5:$U$404,$B9))) | J9: =IF($B9="","",IF(INDEX(Homiladorlar!$S$5:$S$404,$B9)="","",INDEX(Homiladorlar!$S$5:$S$404,$B9))) | K9: =IF($B9="","",IF(INDEX(Homiladorlar!$L$5:$L$404,$B9)="","",INDEX(Homiladorlar!$L$5:$L$404,$B9))) | L9: =IF($B9="","",IF(INDEX(Homiladorlar!$K$5:$K$404,$B9)="","",INDEX(Homiladorlar!$K$5:$K$404,$B9))) | M9: =IF($B9="","",IF(INDEX(Homiladorlar!$AC$5:$AC$404,$B9)="","",INDEX(Homiladorlar!$AC$5:$AC$404,$B9))) | N9: =IF($B9="","",IF(INDEX(Homiladorlar!$AD$5:$AD$404,$B9)="","",INDEX(Homiladorlar!$AD$5:$AD$404,$B9))) | O9: =IF($B9="","",IF(INDEX(Homiladorlar!$AE$5:$AE$404,$B9)="","",INDEX(Homiladorlar!$AE$5:$AE$404,$B9))) | P9: =IF($B9="","",IF(INDEX(Homiladorlar!$AI$5:$AI$404,$B9)="","",INDEX(Homiladorlar!$AI$5:$AI$404,$B9)))
A10: 6 | B10: =IFERROR(MATCH(A10,Homiladorlar!$AM$5:$AM$404,0),"") | C10: =IF($B10="","",IF(INDEX(Homiladorlar!$B$5:$B$404,$B10)="","",INDEX(Homiladorlar!$B$5:$B$404,$B10))) | D10: =IF($B10="","",IF(INDEX(Homiladorlar!$C$5:$C$404,$B10)="","",INDEX(Homiladorlar!$C$5:$C$404,$B10))) | E10: =IF($B10="","",IF(INDEX(Homiladorlar!$F$5:$F$404,$B10)="","",INDEX(Homiladorlar!$F$5:$F$404,$B10))) | F10: =IF($B10="","",IF(INDEX(Homiladorlar!$E$5:$E$404,$B10)="","",INDEX(Homiladorlar!$E$5:$E$404,$B10))) | G10: =IF($B10="","",IF(INDEX(Homiladorlar!$R$5:$R$404,$B10)="","",INDEX(Homiladorlar!$R$5:$R$404,$B10))) | H10: =IF($B10="","",IF(INDEX(Homiladorlar!$T$5:$T$404,$B10)="","",INDEX(Homiladorlar!$T$5:$T$404,$B10))) | I10: =IF($B10="","",IF(INDEX(Homiladorlar!$U$5:$U$404,$B10)="","",INDEX(Homiladorlar!$U$5:$U$404,$B10))) | J10: =IF($B10="","",IF(INDEX(Homiladorlar!$S$5:$S$404,$B10)="","",INDEX(Homiladorlar!$S$5:$S$404,$B10))) | K10: =IF($B10="","",IF(INDEX(Homiladorlar!$L$5:$L$404,$B10)="","",INDEX(Homiladorlar!$L$5:$L$404,$B10))) | L10: =IF($B10="","",IF(INDEX(Homiladorlar!$K$5:$K$404,$B10)="","",INDEX(Homiladorlar!$K$5:$K$404,$B10))) | M10: =IF($B10="","",IF(INDEX(Homiladorlar!$AC$5:$AC$404,$B10)="","",INDEX(Homiladorlar!$AC$5:$AC$404,$B10))) | N10: =IF($B10="","",IF(INDEX(Homiladorlar!$AD$5:$AD$404,$B10)="","",INDEX(Homiladorlar!$AD$5:$AD$404,$B10))) | O10: =IF($B10="","",IF(INDEX(Homiladorlar!$AE$5:$AE$404,$B10)="","",INDEX(Homiladorlar!$AE$5:$AE$404,$B10))) | P10: =IF($B10="","",IF(INDEX(Homiladorlar!$AI$5:$AI$404,$B10)="","",INDEX(Homiladorlar!$AI$5:$AI$404,$B10)))
A11: 7 | B11: =IFERROR(MATCH(A11,Homiladorlar!$AM$5:$AM$404,0),"") | C11: =IF($B11="","",IF(INDEX(Homiladorlar!$B$5:$B$404,$B11)="","",INDEX(Homiladorlar!$B$5:$B$404,$B11))) | D11: =IF($B11="","",IF(INDEX(Homiladorlar!$C$5:$C$404,$B11)="","",INDEX(Homiladorlar!$C$5:$C$404,$B11))) | E11: =IF($B11="","",IF(INDEX(Homiladorlar!$F$5:$F$404,$B11)="","",INDEX(Homiladorlar!$F$5:$F$404,$B11))) | F11: =IF($B11="","",IF(INDEX(Homiladorlar!$E$5:$E$404,$B11)="","",INDEX(Homiladorlar!$E$5:$E$404,$B11))) | G11: =IF($B11="","",IF(INDEX(Homiladorlar!$R$5:$R$404,$B11)="","",INDEX(Homiladorlar!$R$5:$R$404,$B11))) | H11: =IF($B11="","",IF(INDEX(Homiladorlar!$T$5:$T$404,$B11)="","",INDEX(Homiladorlar!$T$5:$T$404,$B11))) | I11: =IF($B11="","",IF(INDEX(Homiladorlar!$U$5:$U$404,$B11)="","",INDEX(Homiladorlar!$U$5:$U$404,$B11))) | J11: =IF($B11="","",IF(INDEX(Homiladorlar!$S$5:$S$404,$B11)="","",INDEX(Homiladorlar!$S$5:$S$404,$B11))) | K11: =IF($B11="","",IF(INDEX(Homiladorlar!$L$5:$L$404,$B11)="","",INDEX(Homiladorlar!$L$5:$L$404,$B11))) | L11: =IF($B11="","",IF(INDEX(Homiladorlar!$K$5:$K$404,$B11)="","",INDEX(Homiladorlar!$K$5:$K$404,$B11))) | M11: =IF($B11="","",IF(INDEX(Homiladorlar!$AC$5:$AC$404,$B11)="","",INDEX(Homiladorlar!$AC$5:$AC$404,$B11))) | N11: =IF($B11="","",IF(INDEX(Homiladorlar!$AD$5:$AD$404,$B11)="","",INDEX(Homiladorlar!$AD$5:$AD$404,$B11))) | O11: =IF($B11="","",IF(INDEX(Homiladorlar!$AE$5:$AE$404,$B11)="","",INDEX(Homiladorlar!$AE$5:$AE$404,$B11))) | P11: =IF($B11="","",IF(INDEX(Homiladorlar!$AI$5:$AI$404,$B11)="","",INDEX(Homiladorlar!$AI$5:$AI$404,$B11)))
A12: 8 | B12: =IFERROR(MATCH(A12,Homiladorlar!$AM$5:$AM$404,0),"") | C12: =IF($B12="","",IF(INDEX(Homiladorlar!$B$5:$B$404,$B12)="","",INDEX(Homiladorlar!$B$5:$B$404,$B12))) | D12: =IF($B12="","",IF(INDEX(Homiladorlar!$C$5:$C$404,$B12)="","",INDEX(Homiladorlar!$C$5:$C$404,$B12))) | E12: =IF($B12="","",IF(INDEX(Homiladorlar!$F$5:$F$404,$B12)="","",INDEX(Homiladorlar!$F$5:$F$404,$B12))) | F12: =IF($B12="","",IF(INDEX(Homiladorlar!$E$5:$E$404,$B12)="","",INDEX(Homiladorlar!$E$5:$E$404,$B12))) | G12: =IF($B12="","",IF(INDEX(Homiladorlar!$R$5:$R$404,$B12)="","",INDEX(Homiladorlar!$R$5:$R$404,$B12))) | H12: =IF($B12="","",IF(INDEX(Homiladorlar!$T$5:$T$404,$B12)="","",INDEX(Homiladorlar!$T$5:$T$404,$B12))) | I12: =IF($B12="","",IF(INDEX(Homiladorlar!$U$5:$U$404,$B12)="","",INDEX(Homiladorlar!$U$5:$U$404,$B12))) | J12: =IF($B12="","",IF(INDEX(Homiladorlar!$S$5:$S$404,$B12)="","",INDEX(Homiladorlar!$S$5:$S$404,$B12))) | K12: =IF($B12="","",IF(INDEX(Homiladorlar!$L$5:$L$404,$B12)="","",INDEX(Homiladorlar!$L$5:$L$404,$B12))) | L12: =IF($B12="","",IF(INDEX(Homiladorlar!$K$5:$K$404,$B12)="","",INDEX(Homiladorlar!$K$5:$K$404,$B12))) | M12: =IF($B12="","",IF(INDEX(Homiladorlar!$AC$5:$AC$404,$B12)="","",INDEX(Homiladorlar!$AC$5:$AC$404,$B12))) | N12: =IF($B12="","",IF(INDEX(Homiladorlar!$AD$5:$AD$404,$B12)="","",INDEX(Homiladorlar!$AD$5:$AD$404,$B12))) | O12: =IF($B12="","",IF(INDEX(Homiladorlar!$AE$5:$AE$404,$B12)="","",INDEX(Homiladorlar!$AE$5:$AE$404,$B12))) | P12: =IF($B12="","",IF(INDEX(Homiladorlar!$AI$5:$AI$404,$B12)="","",INDEX(Homiladorlar!$AI$5:$AI$404,$B12)))
A13: 9 | B13: =IFERROR(MATCH(A13,Homiladorlar!$AM$5:$AM$404,0),"") | C13: =IF($B13="","",IF(INDEX(Homiladorlar!$B$5:$B$404,$B13)="","",INDEX(Homiladorlar!$B$5:$B$404,$B13))) | D13: =IF($B13="","",IF(INDEX(Homiladorlar!$C$5:$C$404,$B13)="","",INDEX(Homiladorlar!$C$5:$C$404,$B13))) | E13: =IF($B13="","",IF(INDEX(Homiladorlar!$F$5:$F$404,$B13)="","",INDEX(Homiladorlar!$F$5:$F$404,$B13))) | F13: =IF($B13="","",IF(INDEX(Homiladorlar!$E$5:$E$404,$B13)="","",INDEX(Homiladorlar!$E$5:$E$404,$B13))) | G13: =IF($B13="","",IF(INDEX(Homiladorlar!$R$5:$R$404,$B13)="","",INDEX(Homiladorlar!$R$5:$R$404,$B13))) | H13: =IF($B13="","",IF(INDEX(Homiladorlar!$T$5:$T$404,$B13)="","",INDEX(Homiladorlar!$T$5:$T$404,$B13))) | I13: =IF($B13="","",IF(INDEX(Homiladorlar!$U$5:$U$404,$B13)="","",INDEX(Homiladorlar!$U$5:$U$404,$B13))) | J13: =IF($B13="","",IF(INDEX(Homiladorlar!$S$5:$S$404,$B13)="","",INDEX(Homiladorlar!$S$5:$S$404,$B13))) | K13: =IF($B13="","",IF(INDEX(Homiladorlar!$L$5:$L$404,$B13)="","",INDEX(Homiladorlar!$L$5:$L$404,$B13))) | L13: =IF($B13="","",IF(INDEX(Homiladorlar!$K$5:$K$404,$B13)="","",INDEX(Homiladorlar!$K$5:$K$404,$B13))) | M13: =IF($B13="","",IF(INDEX(Homiladorlar!$AC$5:$AC$404,$B13)="","",INDEX(Homiladorlar!$AC$5:$AC$404,$B13))) | N13: =IF($B13="","",IF(INDEX(Homiladorlar!$AD$5:$AD$404,$B13)="","",INDEX(Homiladorlar!$AD$5:$AD$404,$B13))) | O13: =IF($B13="","",IF(INDEX(Homiladorlar!$AE$5:$AE$404,$B13)="","",INDEX(Homiladorlar!$AE$5:$AE$404,$B13))) | P13: =IF($B13="","",IF(INDEX(Homiladorlar!$AI$5:$AI$404,$B13)="","",INDEX(Homiladorlar!$AI$5:$AI$404,$B13)))
A14: 10 | B14: =IFERROR(MATCH(A14,Homiladorlar!$AM$5:$AM$404,0),"") | C14: =IF($B14="","",IF(INDEX(Homiladorlar!$B$5:$B$404,$B14)="","",INDEX(Homiladorlar!$B$5:$B$404,$B14))) | D14: =IF($B14="","",IF(INDEX(Homiladorlar!$C$5:$C$404,$B14)="","",INDEX(Homiladorlar!$C$5:$C$404,$B14))) | E14: =IF($B14="","",IF(INDEX(Homiladorlar!$F$5:$F$404,$B14)="","",INDEX(Homiladorlar!$F$5:$F$404,$B14))) | F14: =IF($B14="","",IF(INDEX(Homiladorlar!$E$5:$E$404,$B14)="","",INDEX(Homiladorlar!$E$5:$E$404,$B14))) | G14: =IF($B14="","",IF(INDEX(Homiladorlar!$R$5:$R$404,$B14)="","",INDEX(Homiladorlar!$R$5:$R$404,$B14))) | H14: =IF($B14="","",IF(INDEX(Homiladorlar!$T$5:$T$404,$B14)="","",INDEX(Homiladorlar!$T$5:$T$404,$B14))) | I14: =IF($B14="","",IF(INDEX(Homiladorlar!$U$5:$U$404,$B14)="","",INDEX(Homiladorlar!$U$5:$U$404,$B14))) | J14: =IF($B14="","",IF(INDEX(Homiladorlar!$S$5:$S$404,$B14)="","",INDEX(Homiladorlar!$S$5:$S$404,$B14))) | K14: =IF($B14="","",IF(INDEX(Homiladorlar!$L$5:$L$404,$B14)="","",INDEX(Homiladorlar!$L$5:$L$404,$B14))) | L14: =IF($B14="","",IF(INDEX(Homiladorlar!$K$5:$K$404,$B14)="","",INDEX(Homiladorlar!$K$5:$K$404,$B14))) | M14: =IF($B14="","",IF(INDEX(Homiladorlar!$AC$5:$AC$404,$B14)="","",INDEX(Homiladorlar!$AC$5:$AC$404,$B14))) | N14: =IF($B14="","",IF(INDEX(Homiladorlar!$AD$5:$AD$404,$B14)="","",INDEX(Homiladorlar!$AD$5:$AD$404,$B14))) | O14: =IF($B14="","",IF(INDEX(Homiladorlar!$AE$5:$AE$404,$B14)="","",INDEX(Homiladorlar!$AE$5:$AE$404,$B14))) | P14: =IF($B14="","",IF(INDEX(Homiladorlar!$AI$5:$AI$404,$B14)="","",INDEX(Homiladorlar!$AI$5:$AI$404,$B14)))
A15: 11 | B15: =IFERROR(MATCH(A15,Homiladorlar!$AM$5:$AM$404,0),"") | C15: =IF($B15="","",IF(INDEX(Homiladorlar!$B$5:$B$404,$B15)="","",INDEX(Homiladorlar!$B$5:$B$404,$B15))) | D15: =IF($B15="","",IF(INDEX(Homiladorlar!$C$5:$C$404,$B15)="","",INDEX(Homiladorlar!$C$5:$C$404,$B15))) | E15: =IF($B15="","",IF(INDEX(Homiladorlar!$F$5:$F$404,$B15)="","",INDEX(Homiladorlar!$F$5:$F$404,$B15))) | F15: =IF($B15="","",IF(INDEX(Homiladorlar!$E$5:$E$404,$B15)="","",INDEX(Homiladorlar!$E$5:$E$404,$B15))) | G15: =IF($B15="","",IF(INDEX(Homiladorlar!$R$5:$R$404,$B15)="","",INDEX(Homiladorlar!$R$5:$R$404,$B15))) | H15: =IF($B15="","",IF(INDEX(Homiladorlar!$T$5:$T$404,$B15)="","",INDEX(Homiladorlar!$T$5:$T$404,$B15))) | I15: =IF($B15="","",IF(INDEX(Homiladorlar!$U$5:$U$404,$B15)="","",INDEX(Homiladorlar!$U$5:$U$404,$B15))) | J15: =IF($B15="","",IF(INDEX(Homiladorlar!$S$5:$S$404,$B15)="","",INDEX(Homiladorlar!$S$5:$S$404,$B15))) | K15: =IF($B15="","",IF(INDEX(Homiladorlar!$L$5:$L$404,$B15)="","",INDEX(Homiladorlar!$L$5:$L$404,$B15))) | L15: =IF($B15="","",IF(INDEX(Homiladorlar!$K$5:$K$404,$B15)="","",INDEX(Homiladorlar!$K$5:$K$404,$B15))) | M15: =IF($B15="","",IF(INDEX(Homiladorlar!$AC$5:$AC$404,$B15)="","",INDEX(Homiladorlar!$AC$5:$AC$404,$B15))) | N15: =IF($B15="","",IF(INDEX(Homiladorlar!$AD$5:$AD$404,$B15)="","",INDEX(Homiladorlar!$AD$5:$AD$404,$B15))) | O15: =IF($B15="","",IF(INDEX(Homiladorlar!$AE$5:$AE$404,$B15)="","",INDEX(Homiladorlar!$AE$5:$AE$404,$B15))) | P15: =IF($B15="","",IF(INDEX(Homiladorlar!$AI$5:$AI$404,$B15)="","",INDEX(Homiladorlar!$AI$5:$AI$404,$B15)))
A16: 12 | B16: =IFERROR(MATCH(A16,Homiladorlar!$AM$5:$AM$404,0),"") | C16: =IF($B16="","",IF(INDEX(Homiladorlar!$B$5:$B$404,$B16)="","",INDEX(Homiladorlar!$B$5:$B$404,$B16))) | D16: =IF($B16="","",IF(INDEX(Homiladorlar!$C$5:$C$404,$B16)="","",INDEX(Homiladorlar!$C$5:$C$404,$B16))) | E16: =IF($B16="","",IF(INDEX(Homiladorlar!$F$5:$F$404,$B16)="","",INDEX(Homiladorlar!$F$5:$F$404,$B16))) | F16: =IF($B16="","",IF(INDEX(Homiladorlar!$E$5:$E$404,$B16)="","",INDEX(Homiladorlar!$E$5:$E$404,$B16))) | G16: =IF($B16="","",IF(INDEX(Homiladorlar!$R$5:$R$404,$B16)="","",INDEX(Homiladorlar!$R$5:$R$404,$B16))) | H16: =IF($B16="","",IF(INDEX(Homiladorlar!$T$5:$T$404,$B16)="","",INDEX(Homiladorlar!$T$5:$T$404,$B16))) | I16: =IF($B16="","",IF(INDEX(Homiladorlar!$U$5:$U$404,$B16)="","",INDEX(Homiladorlar!$U$5:$U$404,$B16))) | J16: =IF($B16="","",IF(INDEX(Homiladorlar!$S$5:$S$404,$B16)="","",INDEX(Homiladorlar!$S$5:$S$404,$B16))) | K16: =IF($B16="","",IF(INDEX(Homiladorlar!$L$5:$L$404,$B16)="","",INDEX(Homiladorlar!$L$5:$L$404,$B16))) | L16: =IF($B16="","",IF(INDEX(Homiladorlar!$K$5:$K$404,$B16)="","",INDEX(Homiladorlar!$K$5:$K$404,$B16))) | M16: =IF($B16="","",IF(INDEX(Homiladorlar!$AC$5:$AC$404,$B16)="","",INDEX(Homiladorlar!$AC$5:$AC$404,$B16))) | N16: =IF($B16="","",IF(INDEX(Homiladorlar!$AD$5:$AD$404,$B16)="","",INDEX(Homiladorlar!$AD$5:$AD$404,$B16))) | O16: =IF($B16="","",IF(INDEX(Homiladorlar!$AE$5:$AE$404,$B16)="","",INDEX(Homiladorlar!$AE$5:$AE$404,$B16))) | P16: =IF($B16="","",IF(INDEX(Homiladorlar!$AI$5:$AI$404,$B16)="","",INDEX(Homiladorlar!$AI$5:$AI$404,$B16)))
... A204: 200 | B204: =IFERROR(MATCH(A204,Homiladorlar!$AM$5:$AM$404,0),"") | C204: =IF($B204="","",IF(INDEX(Homiladorlar!$B$5:$B$404,$B204)="","",INDEX(Homiladorlar!$B$5:$B$404,$B204))) | D204: =IF($B204="","",IF(INDEX(Homiladorlar!$C$5:$C$404,$B204)="","",INDEX(Homiladorlar!$C$5:$C$404,$B204))) | E204: =IF($B204="","",IF(INDEX(Homiladorlar!$F$5:$F$404,$B204)="","",INDEX(Homiladorlar!$F$5:$F$404,$B204))) | F204: =IF($B204="","",IF(INDEX(Homiladorlar!$E$5:$E$404,$B204)="","",INDEX(Homiladorlar!$E$5:$E$404,$B204))) | G204: =IF($B204="","",IF(INDEX(Homiladorlar!$R$5:$R$404,$B204)="","",INDEX(Homiladorlar!$R$5:$R$404,$B204))) | H204: =IF($B204="","",IF(INDEX(Homiladorlar!$T$5:$T$404,$B204)="","",INDEX(Homiladorlar!$T$5:$T$404,$B204))) | I204: =IF($B204="","",IF(INDEX(Homiladorlar!$U$5:$U$404,$B204)="","",INDEX(Homiladorlar!$U$5:$U$404,$B204))) | J204: =IF($B204="","",IF(INDEX(Homiladorlar!$S$5:$S$404,$B204)="","",INDEX(Homiladorlar!$S$5:$S$404,$B204))) | K204: =IF($B204="","",IF(INDEX(Homiladorlar!$L$5:$L$404,$B204)="","",INDEX(Homiladorlar!$L$5:$L$404,$B204))) | L204: =IF($B204="","",IF(INDEX(Homiladorlar!$K$5:$K$404,$B204)="","",INDEX(Homiladorlar!$K$5:$K$404,$B204))) | M204: =IF($B204="","",IF(INDEX(Homiladorlar!$AC$5:$AC$404,$B204)="","",INDEX(Homiladorlar!$AC$5:$AC$404,$B204))) | N204: =IF($B204="","",IF(INDEX(Homiladorlar!$AD$5:$AD$404,$B204)="","",INDEX(Homiladorlar!$AD$5:$AD$404,$B204))) | O204: =IF($B204="","",IF(INDEX(Homiladorlar!$AE$5:$AE$404,$B204)="","",INDEX(Homiladorlar!$AE$5:$AE$404,$B204))) | P204: =IF($B204="","",IF(INDEX(Homiladorlar!$AI$5:$AI$404,$B204)="","",INDEX(Homiladorlar!$AI$5:$AI$404,$B204)))

Sheet Voyaga_yetmaganlar
A1: VOYAGA YETMAGAN HOMILADORLAR / НЕСОВЕРШЕННОЛЕТНИЕ БЕРЕМЕННЫЕ (18 yoshgacha) — avtomatik ro‘yxat
A2: Hisobga olish yoshi 18 dan kichik bo‘lgan faol homiladorlar. / Активные беременные, у которых возраст при постановке младше 18 лет.
A3: MAXFIY / КОНФИДЕНЦИАЛЬНО — shaxsiy va tibbiy ma’lumotlar (shifokorlik siri). Faylni parol bilan himoyalang, ochiq guruhlarga yubormang. / Персональные и медицинские данные (врачебная тайна). Защитите файл паролем, не отправляйте в открытые группы.
A4: № | B4: (qator) | C4: F.I.Sh. Ф.И.О. | D4: Tug‘ilgan sana Дата рожд. | E4: Hisobga olishdagi yosh Возраст | F4: Mahalla Махалля | G4: Telefon Телефон | H4: Xavf guruhida? Группа риска? | I4: Diagnoz Диагноз | J4: Muddat, hafta Срок, нед. | K4: Taxminiy tug‘ruq Предп. роды | L4: Keyingi ko‘rik След. осмотр | M4: Oilaviy shifokor Семейный врач
A5: 1 | B5: =IFERROR(MATCH(A5,Homiladorlar!$AN$5:$AN$404,0),"") | C5: =IF($B5="","",IF(INDEX(Homiladorlar!$B$5:$B$404,$B5)="","",INDEX(Homiladorlar!$B$5:$B$404,$B5))) | D5: =IF($B5="","",IF(INDEX(Homiladorlar!$C$5:$C$404,$B5)="","",INDEX(Homiladorlar!$C$5:$C$404,$B5))) | E5: =IF($B5="","",IF(INDEX(Homiladorlar!$O$5:$O$404,$B5)="","",INDEX(Homiladorlar!$O$5:$O$404,$B5))) | F5: =IF($B5="","",IF(INDEX(Homiladorlar!$F$5:$F$404,$B5)="","",INDEX(Homiladorlar!$F$5:$F$404,$B5))) | G5: =IF($B5="","",IF(INDEX(Homiladorlar!$E$5:$E$404,$B5)="","",INDEX(Homiladorlar!$E$5:$E$404,$B5))) | H5: =IF($B5="","",IF(INDEX(Homiladorlar!$Q$5:$Q$404,$B5)="","",INDEX(Homiladorlar!$Q$5:$Q$404,$B5))) | I5: =IF($B5="","",IF(INDEX(Homiladorlar!$T$5:$T$404,$B5)="","",INDEX(Homiladorlar!$T$5:$T$404,$B5))) | J5: =IF($B5="","",IF(INDEX(Homiladorlar!$L$5:$L$404,$B5)="","",INDEX(Homiladorlar!$L$5:$L$404,$B5))) | K5: =IF($B5="","",IF(INDEX(Homiladorlar!$K$5:$K$404,$B5)="","",INDEX(Homiladorlar!$K$5:$K$404,$B5))) | L5: =IF($B5="","",IF(INDEX(Homiladorlar!$AD$5:$AD$404,$B5)="","",INDEX(Homiladorlar!$AD$5:$AD$404,$B5))) | M5: =IF($B5="","",IF(INDEX(Homiladorlar!$AJ$5:$AJ$404,$B5)="","",INDEX(Homiladorlar!$AJ$5:$AJ$404,$B5)))
A6: 2 | B6: =IFERROR(MATCH(A6,Homiladorlar!$AN$5:$AN$404,0),"") | C6: =IF($B6="","",IF(INDEX(Homiladorlar!$B$5:$B$404,$B6)="","",INDEX(Homiladorlar!$B$5:$B$404,$B6))) | D6: =IF($B6="","",IF(INDEX(Homiladorlar!$C$5:$C$404,$B6)="","",INDEX(Homiladorlar!$C$5:$C$404,$B6))) | E6: =IF($B6="","",IF(INDEX(Homiladorlar!$O$5:$O$404,$B6)="","",INDEX(Homiladorlar!$O$5:$O$404,$B6))) | F6: =IF($B6="","",IF(INDEX(Homiladorlar!$F$5:$F$404,$B6)="","",INDEX(Homiladorlar!$F$5:$F$404,$B6))) | G6: =IF($B6="","",IF(INDEX(Homiladorlar!$E$5:$E$404,$B6)="","",INDEX(Homiladorlar!$E$5:$E$404,$B6))) | H6: =IF($B6="","",IF(INDEX(Homiladorlar!$Q$5:$Q$404,$B6)="","",INDEX(Homiladorlar!$Q$5:$Q$404,$B6))) | I6: =IF($B6="","",IF(INDEX(Homiladorlar!$T$5:$T$404,$B6)="","",INDEX(Homiladorlar!$T$5:$T$404,$B6))) | J6: =IF($B6="","",IF(INDEX(Homiladorlar!$L$5:$L$404,$B6)="","",INDEX(Homiladorlar!$L$5:$L$404,$B6))) | K6: =IF($B6="","",IF(INDEX(Homiladorlar!$K$5:$K$404,$B6)="","",INDEX(Homiladorlar!$K$5:$K$404,$B6))) | L6: =IF($B6="","",IF(INDEX(Homiladorlar!$AD$5:$AD$404,$B6)="","",INDEX(Homiladorlar!$AD$5:$AD$404,$B6))) | M6: =IF($B6="","",IF(INDEX(Homiladorlar!$AJ$5:$AJ$404,$B6)="","",INDEX(Homiladorlar!$AJ$5:$AJ$404,$B6)))
A7: 3 | B7: =IFERROR(MATCH(A7,Homiladorlar!$AN$5:$AN$404,0),"") | C7: =IF($B7="","",IF(INDEX(Homiladorlar!$B$5:$B$404,$B7)="","",INDEX(Homiladorlar!$B$5:$B$404,$B7))) | D7: =IF($B7="","",IF(INDEX(Homiladorlar!$C$5:$C$404,$B7)="","",INDEX(Homiladorlar!$C$5:$C$404,$B7))) | E7: =IF($B7="","",IF(INDEX(Homiladorlar!$O$5:$O$404,$B7)="","",INDEX(Homiladorlar!$O$5:$O$404,$B7))) | F7: =IF($B7="","",IF(INDEX(Homiladorlar!$F$5:$F$404,$B7)="","",INDEX(Homiladorlar!$F$5:$F$404,$B7))) | G7: =IF($B7="","",IF(INDEX(Homiladorlar!$E$5:$E$404,$B7)="","",INDEX(Homiladorlar!$E$5:$E$404,$B7))) | H7: =IF($B7="","",IF(INDEX(Homiladorlar!$Q$5:$Q$404,$B7)="","",INDEX(Homiladorlar!$Q$5:$Q$404,$B7))) | I7: =IF($B7="","",IF(INDEX(Homiladorlar!$T$5:$T$404,$B7)="","",INDEX(Homiladorlar!$T$5:$T$404,$B7))) | J7: =IF($B7="","",IF(INDEX(Homiladorlar!$L$5:$L$404,$B7)="","",INDEX(Homiladorlar!$L$5:$L$404,$B7))) | K7: =IF($B7="","",IF(INDEX(Homiladorlar!$K$5:$K$404,$B7)="","",INDEX(Homiladorlar!$K$5:$K$404,$B7))) | L7: =IF($B7="","",IF(INDEX(Homiladorlar!$AD$5:$AD$404,$B7)="","",INDEX(Homiladorlar!$AD$5:$AD$404,$B7))) | M7: =IF($B7="","",IF(INDEX(Homiladorlar!$AJ$5:$AJ$404,$B7)="","",INDEX(Homiladorlar!$AJ$5:$AJ$404,$B7)))
A8: 4 | B8: =IFERROR(MATCH(A8,Homiladorlar!$AN$5:$AN$404,0),"") | C8: =IF($B8="","",IF(INDEX(Homiladorlar!$B$5:$B$404,$B8)="","",INDEX(Homiladorlar!$B$5:$B$404,$B8))) | D8: =IF($B8="","",IF(INDEX(Homiladorlar!$C$5:$C$404,$B8)="","",INDEX(Homiladorlar!$C$5:$C$404,$B8))) | E8: =IF($B8="","",IF(INDEX(Homiladorlar!$O$5:$O$404,$B8)="","",INDEX(Homiladorlar!$O$5:$O$404,$B8))) | F8: =IF($B8="","",IF(INDEX(Homiladorlar!$F$5:$F$404,$B8)="","",INDEX(Homiladorlar!$F$5:$F$404,$B8))) | G8: =IF($B8="","",IF(INDEX(Homiladorlar!$E$5:$E$404,$B8)="","",INDEX(Homiladorlar!$E$5:$E$404,$B8))) | H8: =IF($B8="","",IF(INDEX(Homiladorlar!$Q$5:$Q$404,$B8)="","",INDEX(Homiladorlar!$Q$5:$Q$404,$B8))) | I8: =IF($B8="","",IF(INDEX(Homiladorlar!$T$5:$T$404,$B8)="","",INDEX(Homiladorlar!$T$5:$T$404,$B8))) | J8: =IF($B8="","",IF(INDEX(Homiladorlar!$L$5:$L$404,$B8)="","",INDEX(Homiladorlar!$L$5:$L$404,$B8))) | K8: =IF($B8="","",IF(INDEX(Homiladorlar!$K$5:$K$404,$B8)="","",INDEX(Homiladorlar!$K$5:$K$404,$B8))) | L8: =IF($B8="","",IF(INDEX(Homiladorlar!$AD$5:$AD$404,$B8)="","",INDEX(Homiladorlar!$AD$5:$AD$404,$B8))) | M8: =IF($B8="","",IF(INDEX(Homiladorlar!$AJ$5:$AJ$404,$B8)="","",INDEX(Homiladorlar!$AJ$5:$AJ$404,$B8)))
A9: 5 | B9: =IFERROR(MATCH(A9,Homiladorlar!$AN$5:$AN$404,0),"") | C9: =IF($B9="","",IF(INDEX(Homiladorlar!$B$5:$B$404,$B9)="","",INDEX(Homiladorlar!$B$5:$B$404,$B9))) | D9: =IF($B9="","",IF(INDEX(Homiladorlar!$C$5:$C$404,$B9)="","",INDEX(Homiladorlar!$C$5:$C$404,$B9))) | E9: =IF($B9="","",IF(INDEX(Homiladorlar!$O$5:$O$404,$B9)="","",INDEX(Homiladorlar!$O$5:$O$404,$B9))) | F9: =IF($B9="","",IF(INDEX(Homiladorlar!$F$5:$F$404,$B9)="","",INDEX(Homiladorlar!$F$5:$F$404,$B9))) | G9: =IF($B9="","",IF(INDEX(Homiladorlar!$E$5:$E$404,$B9)="","",INDEX(Homiladorlar!$E$5:$E$404,$B9))) | H9: =IF($B9="","",IF(INDEX(Homiladorlar!$Q$5:$Q$404,$B9)="","",INDEX(Homiladorlar!$Q$5:$Q$404,$B9))) | I9: =IF($B9="","",IF(INDEX(Homiladorlar!$T$5:$T$404,$B9)="","",INDEX(Homiladorlar!$T$5:$T$404,$B9))) | J9: =IF($B9="","",IF(INDEX(Homiladorlar!$L$5:$L$404,$B9)="","",INDEX(Homiladorlar!$L$5:$L$404,$B9))) | K9: =IF($B9="","",IF(INDEX(Homiladorlar!$K$5:$K$404,$B9)="","",INDEX(Homiladorlar!$K$5:$K$404,$B9))) | L9: =IF($B9="","",IF(INDEX(Homiladorlar!$AD$5:$AD$404,$B9)="","",INDEX(Homiladorlar!$AD$5:$AD$404,$B9))) | M9: =IF($B9="","",IF(INDEX(Homiladorlar!$AJ$5:$AJ$404,$B9)="","",INDEX(Homiladorlar!$AJ$5:$AJ$404,$B9)))
A10: 6 | B10: =IFERROR(MATCH(A10,Homiladorlar!$AN$5:$AN$404,0),"") | C10: =IF($B10="","",IF(INDEX(Homiladorlar!$B$5:$B$404,$B10)="","",INDEX(Homiladorlar!$B$5:$B$404,$B10))) | D10: =IF($B10="","",IF(INDEX(Homiladorlar!$C$5:$C$404,$B10)="","",INDEX(Homiladorlar!$C$5:$C$404,$B10))) | E10: =IF($B10="","",IF(INDEX(Homiladorlar!$O$5:$O$404,$B10)="","",INDEX(Homiladorlar!$O$5:$O$404,$B10))) | F10: =IF($B10="","",IF(INDEX(Homiladorlar!$F$5:$F$404,$B10)="","",INDEX(Homiladorlar!$F$5:$F$404,$B10))) | G10: =IF($B10="","",IF(INDEX(Homiladorlar!$E$5:$E$404,$B10)="","",INDEX(Homiladorlar!$E$5:$E$404,$B10))) | H10: =IF($B10="","",IF(INDEX(Homiladorlar!$Q$5:$Q$404,$B10)="","",INDEX(Homiladorlar!$Q$5:$Q$404,$B10))) | I10: =IF($B10="","",IF(INDEX(Homiladorlar!$T$5:$T$404,$B10)="","",INDEX(Homiladorlar!$T$5:$T$404,$B10))) | J10: =IF($B10="","",IF(INDEX(Homiladorlar!$L$5:$L$404,$B10)="","",INDEX(Homiladorlar!$L$5:$L$404,$B10))) | K10: =IF($B10="","",IF(INDEX(Homiladorlar!$K$5:$K$404,$B10)="","",INDEX(Homiladorlar!$K$5:$K$404,$B10))) | L10: =IF($B10="","",IF(INDEX(Homiladorlar!$AD$5:$AD$404,$B10)="","",INDEX(Homiladorlar!$AD$5:$AD$404,$B10))) | M10: =IF($B10="","",IF(INDEX(Homiladorlar!$AJ$5:$AJ$404,$B10)="","",INDEX(Homiladorlar!$AJ$5:$AJ$404,$B10)))
A11: 7 | B11: =IFERROR(MATCH(A11,Homiladorlar!$AN$5:$AN$404,0),"") | C11: =IF($B11="","",IF(INDEX(Homiladorlar!$B$5:$B$404,$B11)="","",INDEX(Homiladorlar!$B$5:$B$404,$B11))) | D11: =IF($B11="","",IF(INDEX(Homiladorlar!$C$5:$C$404,$B11)="","",INDEX(Homiladorlar!$C$5:$C$404,$B11))) | E11: =IF($B11="","",IF(INDEX(Homiladorlar!$O$5:$O$404,$B11)="","",INDEX(Homiladorlar!$O$5:$O$404,$B11))) | F11: =IF($B11="","",IF(INDEX(Homiladorlar!$F$5:$F$404,$B11)="","",INDEX(Homiladorlar!$F$5:$F$404,$B11))) | G11: =IF($B11="","",IF(INDEX(Homiladorlar!$E$5:$E$404,$B11)="","",INDEX(Homiladorlar!$E$5:$E$404,$B11))) | H11: =IF($B11="","",IF(INDEX(Homiladorlar!$Q$5:$Q$404,$B11)="","",INDEX(Homiladorlar!$Q$5:$Q$404,$B11))) | I11: =IF($B11="","",IF(INDEX(Homiladorlar!$T$5:$T$404,$B11)="","",INDEX(Homiladorlar!$T$5:$T$404,$B11))) | J11: =IF($B11="","",IF(INDEX(Homiladorlar!$L$5:$L$404,$B11)="","",INDEX(Homiladorlar!$L$5:$L$404,$B11))) | K11: =IF($B11="","",IF(INDEX(Homiladorlar!$K$5:$K$404,$B11)="","",INDEX(Homiladorlar!$K$5:$K$404,$B11))) | L11: =IF($B11="","",IF(INDEX(Homiladorlar!$AD$5:$AD$404,$B11)="","",INDEX(Homiladorlar!$AD$5:$AD$404,$B11))) | M11: =IF($B11="","",IF(INDEX(Homiladorlar!$AJ$5:$AJ$404,$B11)="","",INDEX(Homiladorlar!$AJ$5:$AJ$404,$B11)))
A12: 8 | B12: =IFERROR(MATCH(A12,Homiladorlar!$AN$5:$AN$404,0),"") | C12: =IF($B12="","",IF(INDEX(Homiladorlar!$B$5:$B$404,$B12)="","",INDEX(Homiladorlar!$B$5:$B$404,$B12))) | D12: =IF($B12="","",IF(INDEX(Homiladorlar!$C$5:$C$404,$B12)="","",INDEX(Homiladorlar!$C$5:$C$404,$B12))) | E12: =IF($B12="","",IF(INDEX(Homiladorlar!$O$5:$O$404,$B12)="","",INDEX(Homiladorlar!$O$5:$O$404,$B12))) | F12: =IF($B12="","",IF(INDEX(Homiladorlar!$F$5:$F$404,$B12)="","",INDEX(Homiladorlar!$F$5:$F$404,$B12))) | G12: =IF($B12="","",IF(INDEX(Homiladorlar!$E$5:$E$404,$B12)="","",INDEX(Homiladorlar!$E$5:$E$404,$B12))) | H12: =IF($B12="","",IF(INDEX(Homiladorlar!$Q$5:$Q$404,$B12)="","",INDEX(Homiladorlar!$Q$5:$Q$404,$B12))) | I12: =IF($B12="","",IF(INDEX(Homiladorlar!$T$5:$T$404,$B12)="","",INDEX(Homiladorlar!$T$5:$T$404,$B12))) | J12: =IF($B12="","",IF(INDEX(Homiladorlar!$L$5:$L$404,$B12)="","",INDEX(Homiladorlar!$L$5:$L$404,$B12))) | K12: =IF($B12="","",IF(INDEX(Homiladorlar!$K$5:$K$404,$B12)="","",INDEX(Homiladorlar!$K$5:$K$404,$B12))) | L12: =IF($B12="","",IF(INDEX(Homiladorlar!$AD$5:$AD$404,$B12)="","",INDEX(Homiladorlar!$AD$5:$AD$404,$B12))) | M12: =IF($B12="","",IF(INDEX(Homiladorlar!$AJ$5:$AJ$404,$B12)="","",INDEX(Homiladorlar!$AJ$5:$AJ$404,$B12)))
A13: 9 | B13: =IFERROR(MATCH(A13,Homiladorlar!$AN$5:$AN$404,0),"") | C13: =IF($B13="","",IF(INDEX(Homiladorlar!$B$5:$B$404,$B13)="","",INDEX(Homiladorlar!$B$5:$B$404,$B13))) | D13: =IF($B13="","",IF(INDEX(Homiladorlar!$C$5:$C$404,$B13)="","",INDEX(Homiladorlar!$C$5:$C$404,$B13))) | E13: =IF($B13="","",IF(INDEX(Homiladorlar!$O$5:$O$404,$B13)="","",INDEX(Homiladorlar!$O$5:$O$404,$B13))) | F13: =IF($B13="","",IF(INDEX(Homiladorlar!$F$5:$F$404,$B13)="","",INDEX(Homiladorlar!$F$5:$F$404,$B13))) | G13: =IF($B13="","",IF(INDEX(Homiladorlar!$E$5:$E$404,$B13)="","",INDEX(Homiladorlar!$E$5:$E$404,$B13))) | H13: =IF($B13="","",IF(INDEX(Homiladorlar!$Q$5:$Q$404,$B13)="","",INDEX(Homiladorlar!$Q$5:$Q$404,$B13))) | I13: =IF($B13="","",IF(INDEX(Homiladorlar!$T$5:$T$404,$B13)="","",INDEX(Homiladorlar!$T$5:$T$404,$B13))) | J13: =IF($B13="","",IF(INDEX(Homiladorlar!$L$5:$L$404,$B13)="","",INDEX(Homiladorlar!$L$5:$L$404,$B13))) | K13: =IF($B13="","",IF(INDEX(Homiladorlar!$K$5:$K$404,$B13)="","",INDEX(Homiladorlar!$K$5:$K$404,$B13))) | L13: =IF($B13="","",IF(INDEX(Homiladorlar!$AD$5:$AD$404,$B13)="","",INDEX(Homiladorlar!$AD$5:$AD$404,$B13))) | M13: =IF($B13="","",IF(INDEX(Homiladorlar!$AJ$5:$AJ$404,$B13)="","",INDEX(Homiladorlar!$AJ$5:$AJ$404,$B13)))
A14: 10 | B14: =IFERROR(MATCH(A14,Homiladorlar!$AN$5:$AN$404,0),"") | C14: =IF($B14="","",IF(INDEX(Homiladorlar!$B$5:$B$404,$B14)="","",INDEX(Homiladorlar!$B$5:$B$404,$B14))) | D14: =IF($B14="","",IF(INDEX(Homiladorlar!$C$5:$C$404,$B14)="","",INDEX(Homiladorlar!$C$5:$C$404,$B14))) | E14: =IF($B14="","",IF(INDEX(Homiladorlar!$O$5:$O$404,$B14)="","",INDEX(Homiladorlar!$O$5:$O$404,$B14))) | F14: =IF($B14="","",IF(INDEX(Homiladorlar!$F$5:$F$404,$B14)="","",INDEX(Homiladorlar!$F$5:$F$404,$B14))) | G14: =IF($B14="","",IF(INDEX(Homiladorlar!$E$5:$E$404,$B14)="","",INDEX(Homiladorlar!$E$5:$E$404,$B14))) | H14: =IF($B14="","",IF(INDEX(Homiladorlar!$Q$5:$Q$404,$B14)="","",INDEX(Homiladorlar!$Q$5:$Q$404,$B14))) | I14: =IF($B14="","",IF(INDEX(Homiladorlar!$T$5:$T$404,$B14)="","",INDEX(Homiladorlar!$T$5:$T$404,$B14))) | J14: =IF($B14="","",IF(INDEX(Homiladorlar!$L$5:$L$404,$B14)="","",INDEX(Homiladorlar!$L$5:$L$404,$B14))) | K14: =IF($B14="","",IF(INDEX(Homiladorlar!$K$5:$K$404,$B14)="","",INDEX(Homiladorlar!$K$5:$K$404,$B14))) | L14: =IF($B14="","",IF(INDEX(Homiladorlar!$AD$5:$AD$404,$B14)="","",INDEX(Homiladorlar!$AD$5:$AD$404,$B14))) | M14: =IF($B14="","",IF(INDEX(Homiladorlar!$AJ$5:$AJ$404,$B14)="","",INDEX(Homiladorlar!$AJ$5:$AJ$404,$B14)))
A15: 11 | B15: =IFERROR(MATCH(A15,Homiladorlar!$AN$5:$AN$404,0),"") | C15: =IF($B15="","",IF(INDEX(Homiladorlar!$B$5:$B$404,$B15)="","",INDEX(Homiladorlar!$B$5:$B$404,$B15))) | D15: =IF($B15="","",IF(INDEX(Homiladorlar!$C$5:$C$404,$B15)="","",INDEX(Homiladorlar!$C$5:$C$404,$B15))) | E15: =IF($B15="","",IF(INDEX(Homiladorlar!$O$5:$O$404,$B15)="","",INDEX(Homiladorlar!$O$5:$O$404,$B15))) | F15: =IF($B15="","",IF(INDEX(Homiladorlar!$F$5:$F$404,$B15)="","",INDEX(Homiladorlar!$F$5:$F$404,$B15))) | G15: =IF($B15="","",IF(INDEX(Homiladorlar!$E$5:$E$404,$B15)="","",INDEX(Homiladorlar!$E$5:$E$404,$B15))) | H15: =IF($B15="","",IF(INDEX(Homiladorlar!$Q$5:$Q$404,$B15)="","",INDEX(Homiladorlar!$Q$5:$Q$404,$B15))) | I15: =IF($B15="","",IF(INDEX(Homiladorlar!$T$5:$T$404,$B15)="","",INDEX(Homiladorlar!$T$5:$T$404,$B15))) | J15: =IF($B15="","",IF(INDEX(Homiladorlar!$L$5:$L$404,$B15)="","",INDEX(Homiladorlar!$L$5:$L$404,$B15))) | K15: =IF($B15="","",IF(INDEX(Homiladorlar!$K$5:$K$404,$B15)="","",INDEX(Homiladorlar!$K$5:$K$404,$B15))) | L15: =IF($B15="","",IF(INDEX(Homiladorlar!$AD$5:$AD$404,$B15)="","",INDEX(Homiladorlar!$AD$5:$AD$404,$B15))) | M15: =IF($B15="","",IF(INDEX(Homiladorlar!$AJ$5:$AJ$404,$B15)="","",INDEX(Homiladorlar!$AJ$5:$AJ$404,$B15)))
A16: 12 | B16: =IFERROR(MATCH(A16,Homiladorlar!$AN$5:$AN$404,0),"") | C16: =IF($B16="","",IF(INDEX(Homiladorlar!$B$5:$B$404,$B16)="","",INDEX(Homiladorlar!$B$5:$B$404,$B16))) | D16: =IF($B16="","",IF(INDEX(Homiladorlar!$C$5:$C$404,$B16)="","",INDEX(Homiladorlar!$C$5:$C$404,$B16))) | E16: =IF($B16="","",IF(INDEX(Homiladorlar!$O$5:$O$404,$B16)="","",INDEX(Homiladorlar!$O$5:$O$404,$B16))) | F16: =IF($B16="","",IF(INDEX(Homiladorlar!$F$5:$F$404,$B16)="","",INDEX(Homiladorlar!$F$5:$F$404,$B16))) | G16: =IF($B16="","",IF(INDEX(Homiladorlar!$E$5:$E$404,$B16)="","",INDEX(Homiladorlar!$E$5:$E$404,$B16))) | H16: =IF($B16="","",IF(INDEX(Homiladorlar!$Q$5:$Q$404,$B16)="","",INDEX(Homiladorlar!$Q$5:$Q$404,$B16))) | I16: =IF($B16="","",IF(INDEX(Homiladorlar!$T$5:$T$404,$B16)="","",INDEX(Homiladorlar!$T$5:$T$404,$B16))) | J16: =IF($B16="","",IF(INDEX(Homiladorlar!$L$5:$L$404,$B16)="","",INDEX(Homiladorlar!$L$5:$L$404,$B16))) | K16: =IF($B16="","",IF(INDEX(Homiladorlar!$K$5:$K$404,$B16)="","",INDEX(Homiladorlar!$K$5:$K$404,$B16))) | L16: =IF($B16="","",IF(INDEX(Homiladorlar!$AD$5:$AD$404,$B16)="","",INDEX(Homiladorlar!$AD$5:$AD$404,$B16))) | M16: =IF($B16="","",IF(INDEX(Homiladorlar!$AJ$5:$AJ$404,$B16)="","",INDEX(Homiladorlar!$AJ$5:$AJ$404,$B16)))
... A204: 200 | B204: =IFERROR(MATCH(A204,Homiladorlar!$AN$5:$AN$404,0),"") | C204: =IF($B204="","",IF(INDEX(Homiladorlar!$B$5:$B$404,$B204)="","",INDEX(Homiladorlar!$B$5:$B$404,$B204))) | D204: =IF($B204="","",IF(INDEX(Homiladorlar!$C$5:$C$404,$B204)="","",INDEX(Homiladorlar!$C$5:$C$404,$B204))) | E204: =IF($B204="","",IF(INDEX(Homiladorlar!$O$5:$O$404,$B204)="","",INDEX(Homiladorlar!$O$5:$O$404,$B204))) | F204: =IF($B204="","",IF(INDEX(Homiladorlar!$F$5:$F$404,$B204)="","",INDEX(Homiladorlar!$F$5:$F$404,$B204))) | G204: =IF($B204="","",IF(INDEX(Homiladorlar!$E$5:$E$404,$B204)="","",INDEX(Homiladorlar!$E$5:$E$404,$B204))) | H204: =IF($B204="","",IF(INDEX(Homiladorlar!$Q$5:$Q$404,$B204)="","",INDEX(Homiladorlar!$Q$5:$Q$404,$B204))) | I204: =IF($B204="","",IF(INDEX(Homiladorlar!$T$5:$T$404,$B204)="","",INDEX(Homiladorlar!$T$5:$T$404,$B204))) | J204: =IF($B204="","",IF(INDEX(Homiladorlar!$L$5:$L$404,$B204)="","",INDEX(Homiladorlar!$L$5:$L$404,$B204))) | K204: =IF($B204="","",IF(INDEX(Homiladorlar!$K$5:$K$404,$B204)="","",INDEX(Homiladorlar!$K$5:$K$404,$B204))) | L204: =IF($B204="","",IF(INDEX(Homiladorlar!$AD$5:$AD$404,$B204)="","",INDEX(Homiladorlar!$AD$5:$AD$404,$B204))) | M204: =IF($B204="","",IF(INDEX(Homiladorlar!$AJ$5:$AJ$404,$B204)="","",INDEX(Homiladorlar!$AJ$5:$AJ$404,$B204)))

Sheet Fertil_ayollar
A1: FERTIL YOSHDAGI AYOLLAR VA KONTRATSEPTSIYA / ЖЕНЩИНЫ ФЕРТИЛЬНОГО ВОЗРАСТА И КОНТРАЦЕПЦИЯ
A2: Uchastkadagi barcha ayollar bir marta yoziladi (15–49 yosh avtomatik aniqlanadi). Kontratseptiv qo‘llayotganlar uchun usulni tanlang. / Все женщины участка вносятся один раз (15–49 лет определяется автоматически).
A3: MAXFIY / КОНФИДЕНЦИАЛЬНО — shaxsiy va tibbiy ma’lumotlar (shifokorlik siri). Faylni parol bilan himoyalang, ochiq guruhlarga yubormang. / Персональные и медицинские данные (врачебная тайна). Защитите файл паролем, не отправляйте в открытые группы.
A4: № | B4: F.I.Sh. (to‘liq) Ф.И.О. | C4: Tug‘ilgan sana Дата рождения | D4: PINFL (14 raqam) ПИНФЛ (14 цифр) | E4: Telefon Телефон | F4: Mahalla Махалля | G4: Manzil Адрес | H4: Yosh (avto, davr oxiriga) Возраст (на конец периода) | I4: 15–49 yosh? (avto) 15–49 лет? | J4: Voyaga yetmagan? (avto) Несоверш.? | K4: Ro‘yxatga olingan sana (ixtiyoriy) Дата включения в список (необяз.) | L4: Chiqish sanasi (ko‘chdi / vafot) Дата выбытия (переезд / смерть) | M4: Kontratseptiv usul Метод контрацепции | N4: Boshlangan sana Дата начала | O4: To‘xtatilgan sana Дата прекращения | P4: Kim tavsiya qildi / berdi Кто назначил / выдал | Q4: Keyingi tashrif sanasi Дата следующего визита | R4: Tashrif muddati o‘tgan? (avto) Визит просрочен? | S4: Qamrab olish chorasi ko‘rilgan sana Дата меры по охвату контрацепцией | T4: Chora turi Вид меры | U4: Tibbiy hujjat № № документа | V4: Izoh Примечание | W4: Takror? (avto) Дубль?
A5: 1 | H5: =IF($C5="","",INT((Boshqaruv!$C$12-$C5)/365.25)) | I5: =IF($H5="","",IF(AND($H5>=15,$H5<=49),"Ha","Yo'q")) | J5: =IF($H5="","",IF($H5<18,"Ha","Yo'q")) | R5: =IF(AND($M5<>"",$O5="",$L5="",$Q5<>"",$Q5<Boshqaruv!$C$12),"Ha","") | W5: =IF(OR($B5="",$C5=""),"",IF(COUNTIFS($B$5:$B$2504,$B5,$C$5:$C$2504,$C5)>1,"Takror",""))
A6: 2 | H6: =IF($C6="","",INT((Boshqaruv!$C$12-$C6)/365.25)) | I6: =IF($H6="","",IF(AND($H6>=15,$H6<=49),"Ha","Yo'q")) | J6: =IF($H6="","",IF($H6<18,"Ha","Yo'q")) | R6: =IF(AND($M6<>"",$O6="",$L6="",$Q6<>"",$Q6<Boshqaruv!$C$12),"Ha","") | W6: =IF(OR($B6="",$C6=""),"",IF(COUNTIFS($B$5:$B$2504,$B6,$C$5:$C$2504,$C6)>1,"Takror",""))
A7: 3 | H7: =IF($C7="","",INT((Boshqaruv!$C$12-$C7)/365.25)) | I7: =IF($H7="","",IF(AND($H7>=15,$H7<=49),"Ha","Yo'q")) | J7: =IF($H7="","",IF($H7<18,"Ha","Yo'q")) | R7: =IF(AND($M7<>"",$O7="",$L7="",$Q7<>"",$Q7<Boshqaruv!$C$12),"Ha","") | W7: =IF(OR($B7="",$C7=""),"",IF(COUNTIFS($B$5:$B$2504,$B7,$C$5:$C$2504,$C7)>1,"Takror",""))
A8: 4 | H8: =IF($C8="","",INT((Boshqaruv!$C$12-$C8)/365.25)) | I8: =IF($H8="","",IF(AND($H8>=15,$H8<=49),"Ha","Yo'q")) | J8: =IF($H8="","",IF($H8<18,"Ha","Yo'q")) | R8: =IF(AND($M8<>"",$O8="",$L8="",$Q8<>"",$Q8<Boshqaruv!$C$12),"Ha","") | W8: =IF(OR($B8="",$C8=""),"",IF(COUNTIFS($B$5:$B$2504,$B8,$C$5:$C$2504,$C8)>1,"Takror",""))
A9: 5 | H9: =IF($C9="","",INT((Boshqaruv!$C$12-$C9)/365.25)) | I9: =IF($H9="","",IF(AND($H9>=15,$H9<=49),"Ha","Yo'q")) | J9: =IF($H9="","",IF($H9<18,"Ha","Yo'q")) | R9: =IF(AND($M9<>"",$O9="",$L9="",$Q9<>"",$Q9<Boshqaruv!$C$12),"Ha","") | W9: =IF(OR($B9="",$C9=""),"",IF(COUNTIFS($B$5:$B$2504,$B9,$C$5:$C$2504,$C9)>1,"Takror",""))
A10: 6 | H10: =IF($C10="","",INT((Boshqaruv!$C$12-$C10)/365.25)) | I10: =IF($H10="","",IF(AND($H10>=15,$H10<=49),"Ha","Yo'q")) | J10: =IF($H10="","",IF($H10<18,"Ha","Yo'q")) | R10: =IF(AND($M10<>"",$O10="",$L10="",$Q10<>"",$Q10<Boshqaruv!$C$12),"Ha","") | W10: =IF(OR($B10="",$C10=""),"",IF(COUNTIFS($B$5:$B$2504,$B10,$C$5:$C$2504,$C10)>1,"Takror",""))
A11: 7 | H11: =IF($C11="","",INT((Boshqaruv!$C$12-$C11)/365.25)) | I11: =IF($H11="","",IF(AND($H11>=15,$H11<=49),"Ha","Yo'q")) | J11: =IF($H11="","",IF($H11<18,"Ha","Yo'q")) | R11: =IF(AND($M11<>"",$O11="",$L11="",$Q11<>"",$Q11<Boshqaruv!$C$12),"Ha","") | W11: =IF(OR($B11="",$C11=""),"",IF(COUNTIFS($B$5:$B$2504,$B11,$C$5:$C$2504,$C11)>1,"Takror",""))
A12: 8 | H12: =IF($C12="","",INT((Boshqaruv!$C$12-$C12)/365.25)) | I12: =IF($H12="","",IF(AND($H12>=15,$H12<=49),"Ha","Yo'q")) | J12: =IF($H12="","",IF($H12<18,"Ha","Yo'q")) | R12: =IF(AND($M12<>"",$O12="",$L12="",$Q12<>"",$Q12<Boshqaruv!$C$12),"Ha","") | W12: =IF(OR($B12="",$C12=""),"",IF(COUNTIFS($B$5:$B$2504,$B12,$C$5:$C$2504,$C12)>1,"Takror",""))
A13: 9 | H13: =IF($C13="","",INT((Boshqaruv!$C$12-$C13)/365.25)) | I13: =IF($H13="","",IF(AND($H13>=15,$H13<=49),"Ha","Yo'q")) | J13: =IF($H13="","",IF($H13<18,"Ha","Yo'q")) | R13: =IF(AND($M13<>"",$O13="",$L13="",$Q13<>"",$Q13<Boshqaruv!$C$12),"Ha","") | W13: =IF(OR($B13="",$C13=""),"",IF(COUNTIFS($B$5:$B$2504,$B13,$C$5:$C$2504,$C13)>1,"Takror",""))
A14: 10 | H14: =IF($C14="","",INT((Boshqaruv!$C$12-$C14)/365.25)) | I14: =IF($H14="","",IF(AND($H14>=15,$H14<=49),"Ha","Yo'q")) | J14: =IF($H14="","",IF($H14<18,"Ha","Yo'q")) | R14: =IF(AND($M14<>"",$O14="",$L14="",$Q14<>"",$Q14<Boshqaruv!$C$12),"Ha","") | W14: =IF(OR($B14="",$C14=""),"",IF(COUNTIFS($B$5:$B$2504,$B14,$C$5:$C$2504,$C14)>1,"Takror",""))
A15: 11 | H15: =IF($C15="","",INT((Boshqaruv!$C$12-$C15)/365.25)) | I15: =IF($H15="","",IF(AND($H15>=15,$H15<=49),"Ha","Yo'q")) | J15: =IF($H15="","",IF($H15<18,"Ha","Yo'q")) | R15: =IF(AND($M15<>"",$O15="",$L15="",$Q15<>"",$Q15<Boshqaruv!$C$12),"Ha","") | W15: =IF(OR($B15="",$C15=""),"",IF(COUNTIFS($B$5:$B$2504,$B15,$C$5:$C$2504,$C15)>1,"Takror",""))
A16: 12 | H16: =IF($C16="","",INT((Boshqaruv!$C$12-$C16)/365.25)) | I16: =IF($H16="","",IF(AND($H16>=15,$H16<=49),"Ha","Yo'q")) | J16: =IF($H16="","",IF($H16<18,"Ha","Yo'q")) | R16: =IF(AND($M16<>"",$O16="",$L16="",$Q16<>"",$Q16<Boshqaruv!$C$12),"Ha","") | W16: =IF(OR($B16="",$C16=""),"",IF(COUNTIFS($B$5:$B$2504,$B16,$C$5:$C$2504,$C16)>1,"Takror",""))
... A2504: 2500 | H2504: =IF($C2504="","",INT((Boshqaruv!$C$12-$C2504)/365.25)) | I2504: =IF($H2504="","",IF(AND($H2504>=15,$H2504<=49),"Ha","Yo'q")) | J2504: =IF($H2504="","",IF($H2504<18,"Ha","Yo'q")) | R2504: =IF(AND($M2504<>"",$O2504="",$L2504="",$Q2504<>"",$Q2504<Boshqaruv!$C$12),"Ha","") | W2504: =IF(OR($B2504="",$C2504=""),"",IF(COUNTIFS($B$5:$B$2504,$B2504,$C$5:$C$2504,$C2504)>1,"Takror",""))

Sheet Dispanser
A1: DISPANSER HISOBI / ДИСПАНСЕРНЫЙ УЧЁТ (ayollar va o‘smir qizlar)
A2: Diagnozni faqat dispanser kartasi / shifokor xulosasidan ko‘chiring. / Диагноз — только из диспансерной карты / заключения врача.
A3: MAXFIY / КОНФИДЕНЦИАЛЬНО — shaxsiy va tibbiy ma’lumotlar (shifokorlik siri). Faylni parol bilan himoyalang, ochiq guruhlarga yubormang. / Персональные и медицинские данные (врачебная тайна). Защитите файл паролем, не отправляйте в открытые группы.
A4: № | B4: F.I.Sh. (to‘liq) Ф.И.О. | C4: Tug‘ilgan sana Дата рождения | D4: PINFL (14 raqam) ПИНФЛ (14 цифр) | E4: Telefon Телефон | F4: Mahalla Махалля | G4: Yosh (avto) Возраст | H4: Voyaga yetmagan? (avto) Несоверш.? | I4: Toifa Категория | J4: Diagnoz (hujjat bo‘yicha) Диагноз (по документам) | K4: MKB-10 МКБ-10 | L4: Dispanser guruhi Диспансерная группа | M4: Hisobga olingan sana Дата постановки | N4: Sog‘lomlashtirish rejasi bor? План оздоровления есть? | O4: Reja bajarildimi? План выполнен? | P4: Oxirgi ko‘rik Посл. осмотр | Q4: Keyingi ko‘rik След. осмотр | R4: Ko‘rik muddati o‘tgan? (avto) Просрочен? | S4: Hisobdan chiqarilgan sana Дата снятия с учёта | T4: Sababi Причина снятия | U4: Dispanser kartasi № № диспансерной карты | V4: Izoh Примечание | W4: Takror? (avto) Дубль?
A5: 1 | G5: =IF($C5="","",INT((Boshqaruv!$C$12-$C5)/365.25)) | H5: =IF($G5="","",IF($G5<18,"Ha","Yo'q")) | R5: =IF(AND($B5<>"",$S5="",$Q5<>"",$Q5<Boshqaruv!$C$12),"Ha","") | W5: =IF(OR($B5="",$C5="",$J5=""),"",IF(COUNTIFS($B$5:$B$304,$B5,$C$5:$C$304,$C5,$J$5:$J$304,$J5)>1,"Takror",""))
A6: 2 | G6: =IF($C6="","",INT((Boshqaruv!$C$12-$C6)/365.25)) | H6: =IF($G6="","",IF($G6<18,"Ha","Yo'q")) | R6: =IF(AND($B6<>"",$S6="",$Q6<>"",$Q6<Boshqaruv!$C$12),"Ha","") | W6: =IF(OR($B6="",$C6="",$J6=""),"",IF(COUNTIFS($B$5:$B$304,$B6,$C$5:$C$304,$C6,$J$5:$J$304,$J6)>1,"Takror",""))
A7: 3 | G7: =IF($C7="","",INT((Boshqaruv!$C$12-$C7)/365.25)) | H7: =IF($G7="","",IF($G7<18,"Ha","Yo'q")) | R7: =IF(AND($B7<>"",$S7="",$Q7<>"",$Q7<Boshqaruv!$C$12),"Ha","") | W7: =IF(OR($B7="",$C7="",$J7=""),"",IF(COUNTIFS($B$5:$B$304,$B7,$C$5:$C$304,$C7,$J$5:$J$304,$J7)>1,"Takror",""))
A8: 4 | G8: =IF($C8="","",INT((Boshqaruv!$C$12-$C8)/365.25)) | H8: =IF($G8="","",IF($G8<18,"Ha","Yo'q")) | R8: =IF(AND($B8<>"",$S8="",$Q8<>"",$Q8<Boshqaruv!$C$12),"Ha","") | W8: =IF(OR($B8="",$C8="",$J8=""),"",IF(COUNTIFS($B$5:$B$304,$B8,$C$5:$C$304,$C8,$J$5:$J$304,$J8)>1,"Takror",""))
A9: 5 | G9: =IF($C9="","",INT((Boshqaruv!$C$12-$C9)/365.25)) | H9: =IF($G9="","",IF($G9<18,"Ha","Yo'q")) | R9: =IF(AND($B9<>"",$S9="",$Q9<>"",$Q9<Boshqaruv!$C$12),"Ha","") | W9: =IF(OR($B9="",$C9="",$J9=""),"",IF(COUNTIFS($B$5:$B$304,$B9,$C$5:$C$304,$C9,$J$5:$J$304,$J9)>1,"Takror",""))
A10: 6 | G10: =IF($C10="","",INT((Boshqaruv!$C$12-$C10)/365.25)) | H10: =IF($G10="","",IF($G10<18,"Ha","Yo'q")) | R10: =IF(AND($B10<>"",$S10="",$Q10<>"",$Q10<Boshqaruv!$C$12),"Ha","") | W10: =IF(OR($B10="",$C10="",$J10=""),"",IF(COUNTIFS($B$5:$B$304,$B10,$C$5:$C$304,$C10,$J$5:$J$304,$J10)>1,"Takror",""))
A11: 7 | G11: =IF($C11="","",INT((Boshqaruv!$C$12-$C11)/365.25)) | H11: =IF($G11="","",IF($G11<18,"Ha","Yo'q")) | R11: =IF(AND($B11<>"",$S11="",$Q11<>"",$Q11<Boshqaruv!$C$12),"Ha","") | W11: =IF(OR($B11="",$C11="",$J11=""),"",IF(COUNTIFS($B$5:$B$304,$B11,$C$5:$C$304,$C11,$J$5:$J$304,$J11)>1,"Takror",""))
A12: 8 | G12: =IF($C12="","",INT((Boshqaruv!$C$12-$C12)/365.25)) | H12: =IF($G12="","",IF($G12<18,"Ha","Yo'q")) | R12: =IF(AND($B12<>"",$S12="",$Q12<>"",$Q12<Boshqaruv!$C$12),"Ha","") | W12: =IF(OR($B12="",$C12="",$J12=""),"",IF(COUNTIFS($B$5:$B$304,$B12,$C$5:$C$304,$C12,$J$5:$J$304,$J12)>1,"Takror",""))
A13: 9 | G13: =IF($C13="","",INT((Boshqaruv!$C$12-$C13)/365.25)) | H13: =IF($G13="","",IF($G13<18,"Ha","Yo'q")) | R13: =IF(AND($B13<>"",$S13="",$Q13<>"",$Q13<Boshqaruv!$C$12),"Ha","") | W13: =IF(OR($B13="",$C13="",$J13=""),"",IF(COUNTIFS($B$5:$B$304,$B13,$C$5:$C$304,$C13,$J$5:$J$304,$J13)>1,"Takror",""))
A14: 10 | G14: =IF($C14="","",INT((Boshqaruv!$C$12-$C14)/365.25)) | H14: =IF($G14="","",IF($G14<18,"Ha","Yo'q")) | R14: =IF(AND($B14<>"",$S14="",$Q14<>"",$Q14<Boshqaruv!$C$12),"Ha","") | W14: =IF(OR($B14="",$C14="",$J14=""),"",IF(COUNTIFS($B$5:$B$304,$B14,$C$5:$C$304,$C14,$J$5:$J$304,$J14)>1,"Takror",""))
A15: 11 | G15: =IF($C15="","",INT((Boshqaruv!$C$12-$C15)/365.25)) | H15: =IF($G15="","",IF($G15<18,"Ha","Yo'q")) | R15: =IF(AND($B15<>"",$S15="",$Q15<>"",$Q15<Boshqaruv!$C$12),"Ha","") | W15: =IF(OR($B15="",$C15="",$J15=""),"",IF(COUNTIFS($B$5:$B$304,$B15,$C$5:$C$304,$C15,$J$5:$J$304,$J15)>1,"Takror",""))
A16: 12 | G16: =IF($C16="","",INT((Boshqaruv!$C$12-$C16)/365.25)) | H16: =IF($G16="","",IF($G16<18,"Ha","Yo'q")) | R16: =IF(AND($B16<>"",$S16="",$Q16<>"",$Q16<Boshqaruv!$C$12),"Ha","") | W16: =IF(OR($B16="",$C16="",$J16=""),"",IF(COUNTIFS($B$5:$B$304,$B16,$C$5:$C$304,$C16,$J$5:$J$304,$J16)>1,"Takror",""))
... A304: 300 | G304: =IF($C304="","",INT((Boshqaruv!$C$12-$C304)/365.25)) | H304: =IF($G304="","",IF($G304<18,"Ha","Yo'q")) | R304: =IF(AND($B304<>"",$S304="",$Q304<>"",$Q304<Boshqaruv!$C$12),"Ha","") | W304: =IF(OR($B304="",$C304="",$J304=""),"",IF(COUNTIFS($B$5:$B$304,$B304,$C$5:$C$304,$C304,$J$5:$J$304,$J304)>1,"Takror",""))

Sheet Nogiron_ayollar
A1: NOGIRON AYOLLAR RO‘YXATI / СПИСОК ЖЕНЩИН-ИНВАЛИДОВ
A2: Ro‘yxat chegaralangan kirish bilan saqlanadi. / Список хранится с ограниченным доступом.
A3: MAXFIY / КОНФИДЕНЦИАЛЬНО — shaxsiy va tibbiy ma’lumotlar (shifokorlik siri). Faylni parol bilan himoyalang, ochiq guruhlarga yubormang. / Персональные и медицинские данные (врачебная тайна). Защитите файл паролем, не отправляйте в открытые группы.
A4: № | B4: F.I.Sh. (to‘liq) Ф.И.О. | C4: Tug‘ilgan sana Дата рождения | D4: PINFL (14 raqam) ПИНФЛ (14 цифр) | E4: Telefon Телефон | F4: Mahalla Махалля | G4: Manzil Адрес | H4: Nogironlik guruhi Группа инвалидности | I4: Nogironlik sababi / diagnoz (hujjat bo‘yicha) Причина инвалидности / диагноз (по документам) | J4: Ro‘yxatga olingan sana Дата включения | K4: Ro‘yxatdan chiqqan sana Дата выбытия | L4: Yorliq (avto) — boshqa varaqlarda tanlanadi Метка (авто) | M4: Izoh Примечание | N4: Takror? (avto) Дубль?
A5: 1 | L5: =IF(OR($B5="",$C5=""),"",$B5&" ("&DAY($C5)&"."&MONTH($C5)&"."&YEAR($C5)&")") | N5: =IF(OR($B5="",$C5=""),"",IF(COUNTIFS($B$5:$B$124,$B5,$C$5:$C$124,$C5)>1,"Takror",""))
A6: 2 | L6: =IF(OR($B6="",$C6=""),"",$B6&" ("&DAY($C6)&"."&MONTH($C6)&"."&YEAR($C6)&")") | N6: =IF(OR($B6="",$C6=""),"",IF(COUNTIFS($B$5:$B$124,$B6,$C$5:$C$124,$C6)>1,"Takror",""))
A7: 3 | L7: =IF(OR($B7="",$C7=""),"",$B7&" ("&DAY($C7)&"."&MONTH($C7)&"."&YEAR($C7)&")") | N7: =IF(OR($B7="",$C7=""),"",IF(COUNTIFS($B$5:$B$124,$B7,$C$5:$C$124,$C7)>1,"Takror",""))
A8: 4 | L8: =IF(OR($B8="",$C8=""),"",$B8&" ("&DAY($C8)&"."&MONTH($C8)&"."&YEAR($C8)&")") | N8: =IF(OR($B8="",$C8=""),"",IF(COUNTIFS($B$5:$B$124,$B8,$C$5:$C$124,$C8)>1,"Takror",""))
A9: 5 | L9: =IF(OR($B9="",$C9=""),"",$B9&" ("&DAY($C9)&"."&MONTH($C9)&"."&YEAR($C9)&")") | N9: =IF(OR($B9="",$C9=""),"",IF(COUNTIFS($B$5:$B$124,$B9,$C$5:$C$124,$C9)>1,"Takror",""))
A10: 6 | L10: =IF(OR($B10="",$C10=""),"",$B10&" ("&DAY($C10)&"."&MONTH($C10)&"."&YEAR($C10)&")") | N10: =IF(OR($B10="",$C10=""),"",IF(COUNTIFS($B$5:$B$124,$B10,$C$5:$C$124,$C10)>1,"Takror",""))
A11: 7 | L11: =IF(OR($B11="",$C11=""),"",$B11&" ("&DAY($C11)&"."&MONTH($C11)&"."&YEAR($C11)&")") | N11: =IF(OR($B11="",$C11=""),"",IF(COUNTIFS($B$5:$B$124,$B11,$C$5:$C$124,$C11)>1,"Takror",""))
A12: 8 | L12: =IF(OR($B12="",$C12=""),"",$B12&" ("&DAY($C12)&"."&MONTH($C12)&"."&YEAR($C12)&")") | N12: =IF(OR($B12="",$C12=""),"",IF(COUNTIFS($B$5:$B$124,$B12,$C$5:$C$124,$C12)>1,"Takror",""))
A13: 9 | L13: =IF(OR($B13="",$C13=""),"",$B13&" ("&DAY($C13)&"."&MONTH($C13)&"."&YEAR($C13)&")") | N13: =IF(OR($B13="",$C13=""),"",IF(COUNTIFS($B$5:$B$124,$B13,$C$5:$C$124,$C13)>1,"Takror",""))
A14: 10 | L14: =IF(OR($B14="",$C14=""),"",$B14&" ("&DAY($C14)&"."&MONTH($C14)&"."&YEAR($C14)&")") | N14: =IF(OR($B14="",$C14=""),"",IF(COUNTIFS($B$5:$B$124,$B14,$C$5:$C$124,$C14)>1,"Takror",""))
A15: 11 | L15: =IF(OR($B15="",$C15=""),"",$B15&" ("&DAY($C15)&"."&MONTH($C15)&"."&YEAR($C15)&")") | N15: =IF(OR($B15="",$C15=""),"",IF(COUNTIFS($B$5:$B$124,$B15,$C$5:$C$124,$C15)>1,"Takror",""))
A16: 12 | L16: =IF(OR($B16="",$C16=""),"",$B16&" ("&DAY($C16)&"."&MONTH($C16)&"."&YEAR($C16)&")") | N16: =IF(OR($B16="",$C16=""),"",IF(COUNTIFS($B$5:$B$124,$B16,$C$5:$C$124,$C16)>1,"Takror",""))
... A124: 120 | L124: =IF(OR($B124="",$C124=""),"",$B124&" ("&DAY($C124)&"."&MONTH($C124)&"."&YEAR($C124)&")") | N124: =IF(OR($B124="",$C124=""),"",IF(COUNTIFS($B$5:$B$124,$B124,$C$5:$C$124,$C124)>1,"Takror",""))

Sheet Nogiron_yordam
A1: NOGIRON AYOLLARGA UYGA BORIB KO‘RSATILGAN YORDAM / ПОМОЩЬ НА ДОМУ ЖЕНЩИНАМ-ИНВАЛИДАМ
A2: Har bir borish — bitta qator. Ayol «Nogiron_ayollar» ro‘yxatidan tanlanadi. / Каждый выезд — одна строка. Женщина выбирается из списка «Nogiron_ayollar».
A3: MAXFIY / КОНФИДЕНЦИАЛЬНО — shaxsiy va tibbiy ma’lumotlar (shifokorlik siri). Faylni parol bilan himoyalang, ochiq guruhlarga yubormang. / Персональные и медицинские данные (врачебная тайна). Защитите файл паролем, не отправляйте в открытые группы.
A4: № | B4: Borish sanasi Дата выезда | C4: Shaxs (ro‘yxatdan tanlang) Человек (выбрать из списка) | D4: F.I.Sh. (avto) Ф.И.О. | E4: PINFL (14 raqam) ПИНФЛ (14 цифр) | F4: Mahalla (avto) Махалля | G4: Yordam turi Вид помощи | H4: Kim bordi (F.I.Sh.) Кто выезжал | I4: Dalolatnoma № № акта | J4: Izoh Примечание
A5: 1 | D5: =IF($C5="","",IFERROR(IF(INDEX(Nogiron_ayollar!$B$5:$B$124,MATCH($C5,Nogiron_ayollar!$L$5:$L$124,0))="","",INDEX(Nogiron_ayollar!$B$5:$B$124,MATCH($C5,Nogiron_ayollar!$L$5:$L$124,0))),"")) | F5: =IF($C5="","",IFERROR(IF(INDEX(Nogiron_ayollar!$F$5:$F$124,MATCH($C5,Nogiron_ayollar!$L$5:$L$124,0))="","",INDEX(Nogiron_ayollar!$F$5:$F$124,MATCH($C5,Nogiron_ayollar!$L$5:$L$124,0))),""))
A6: 2 | D6: =IF($C6="","",IFERROR(IF(INDEX(Nogiron_ayollar!$B$5:$B$124,MATCH($C6,Nogiron_ayollar!$L$5:$L$124,0))="","",INDEX(Nogiron_ayollar!$B$5:$B$124,MATCH($C6,Nogiron_ayollar!$L$5:$L$124,0))),"")) | F6: =IF($C6="","",IFERROR(IF(INDEX(Nogiron_ayollar!$F$5:$F$124,MATCH($C6,Nogiron_ayollar!$L$5:$L$124,0))="","",INDEX(Nogiron_ayollar!$F$5:$F$124,MATCH($C6,Nogiron_ayollar!$L$5:$L$124,0))),""))
A7: 3 | D7: =IF($C7="","",IFERROR(IF(INDEX(Nogiron_ayollar!$B$5:$B$124,MATCH($C7,Nogiron_ayollar!$L$5:$L$124,0))="","",INDEX(Nogiron_ayollar!$B$5:$B$124,MATCH($C7,Nogiron_ayollar!$L$5:$L$124,0))),"")) | F7: =IF($C7="","",IFERROR(IF(INDEX(Nogiron_ayollar!$F$5:$F$124,MATCH($C7,Nogiron_ayollar!$L$5:$L$124,0))="","",INDEX(Nogiron_ayollar!$F$5:$F$124,MATCH($C7,Nogiron_ayollar!$L$5:$L$124,0))),""))
A8: 4 | D8: =IF($C8="","",IFERROR(IF(INDEX(Nogiron_ayollar!$B$5:$B$124,MATCH($C8,Nogiron_ayollar!$L$5:$L$124,0))="","",INDEX(Nogiron_ayollar!$B$5:$B$124,MATCH($C8,Nogiron_ayollar!$L$5:$L$124,0))),"")) | F8: =IF($C8="","",IFERROR(IF(INDEX(Nogiron_ayollar!$F$5:$F$124,MATCH($C8,Nogiron_ayollar!$L$5:$L$124,0))="","",INDEX(Nogiron_ayollar!$F$5:$F$124,MATCH($C8,Nogiron_ayollar!$L$5:$L$124,0))),""))
A9: 5 | D9: =IF($C9="","",IFERROR(IF(INDEX(Nogiron_ayollar!$B$5:$B$124,MATCH($C9,Nogiron_ayollar!$L$5:$L$124,0))="","",INDEX(Nogiron_ayollar!$B$5:$B$124,MATCH($C9,Nogiron_ayollar!$L$5:$L$124,0))),"")) | F9: =IF($C9="","",IFERROR(IF(INDEX(Nogiron_ayollar!$F$5:$F$124,MATCH($C9,Nogiron_ayollar!$L$5:$L$124,0))="","",INDEX(Nogiron_ayollar!$F$5:$F$124,MATCH($C9,Nogiron_ayollar!$L$5:$L$124,0))),""))
A10: 6 | D10: =IF($C10="","",IFERROR(IF(INDEX(Nogiron_ayollar!$B$5:$B$124,MATCH($C10,Nogiron_ayollar!$L$5:$L$124,0))="","",INDEX(Nogiron_ayollar!$B$5:$B$124,MATCH($C10,Nogiron_ayollar!$L$5:$L$124,0))),"")) | F10: =IF($C10="","",IFERROR(IF(INDEX(Nogiron_ayollar!$F$5:$F$124,MATCH($C10,Nogiron_ayollar!$L$5:$L$124,0))="","",INDEX(Nogiron_ayollar!$F$5:$F$124,MATCH($C10,Nogiron_ayollar!$L$5:$L$124,0))),""))
A11: 7 | D11: =IF($C11="","",IFERROR(IF(INDEX(Nogiron_ayollar!$B$5:$B$124,MATCH($C11,Nogiron_ayollar!$L$5:$L$124,0))="","",INDEX(Nogiron_ayollar!$B$5:$B$124,MATCH($C11,Nogiron_ayollar!$L$5:$L$124,0))),"")) | F11: =IF($C11="","",IFERROR(IF(INDEX(Nogiron_ayollar!$F$5:$F$124,MATCH($C11,Nogiron_ayollar!$L$5:$L$124,0))="","",INDEX(Nogiron_ayollar!$F$5:$F$124,MATCH($C11,Nogiron_ayollar!$L$5:$L$124,0))),""))
A12: 8 | D12: =IF($C12="","",IFERROR(IF(INDEX(Nogiron_ayollar!$B$5:$B$124,MATCH($C12,Nogiron_ayollar!$L$5:$L$124,0))="","",INDEX(Nogiron_ayollar!$B$5:$B$124,MATCH($C12,Nogiron_ayollar!$L$5:$L$124,0))),"")) | F12: =IF($C12="","",IFERROR(IF(INDEX(Nogiron_ayollar!$F$5:$F$124,MATCH($C12,Nogiron_ayollar!$L$5:$L$124,0))="","",INDEX(Nogiron_ayollar!$F$5:$F$124,MATCH($C12,Nogiron_ayollar!$L$5:$L$124,0))),""))
A13: 9 | D13: =IF($C13="","",IFERROR(IF(INDEX(Nogiron_ayollar!$B$5:$B$124,MATCH($C13,Nogiron_ayollar!$L$5:$L$124,0))="","",INDEX(Nogiron_ayollar!$B$5:$B$124,MATCH($C13,Nogiron_ayollar!$L$5:$L$124,0))),"")) | F13: =IF($C13="","",IFERROR(IF(INDEX(Nogiron_ayollar!$F$5:$F$124,MATCH($C13,Nogiron_ayollar!$L$5:$L$124,0))="","",INDEX(Nogiron_ayollar!$F$5:$F$124,MATCH($C13,Nogiron_ayollar!$L$5:$L$124,0))),""))
A14: 10 | D14: =IF($C14="","",IFERROR(IF(INDEX(Nogiron_ayollar!$B$5:$B$124,MATCH($C14,Nogiron_ayollar!$L$5:$L$124,0))="","",INDEX(Nogiron_ayollar!$B$5:$B$124,MATCH($C14,Nogiron_ayollar!$L$5:$L$124,0))),"")) | F14: =IF($C14="","",IFERROR(IF(INDEX(Nogiron_ayollar!$F$5:$F$124,MATCH($C14,Nogiron_ayollar!$L$5:$L$124,0))="","",INDEX(Nogiron_ayollar!$F$5:$F$124,MATCH($C14,Nogiron_ayollar!$L$5:$L$124,0))),""))
A15: 11 | D15: =IF($C15="","",IFERROR(IF(INDEX(Nogiron_ayollar!$B$5:$B$124,MATCH($C15,Nogiron_ayollar!$L$5:$L$124,0))="","",INDEX(Nogiron_ayollar!$B$5:$B$124,MATCH($C15,Nogiron_ayollar!$L$5:$L$124,0))),"")) | F15: =IF($C15="","",IFERROR(IF(INDEX(Nogiron_ayollar!$F$5:$F$124,MATCH($C15,Nogiron_ayollar!$L$5:$L$124,0))="","",INDEX(Nogiron_ayollar!$F$5:$F$124,MATCH($C15,Nogiron_ayollar!$L$5:$L$124,0))),""))
A16: 12 | D16: =IF($C16="","",IFERROR(IF(INDEX(Nogiron_ayollar!$B$5:$B$124,MATCH($C16,Nogiron_ayollar!$L$5:$L$124,0))="","",INDEX(Nogiron_ayollar!$B$5:$B$124,MATCH($C16,Nogiron_ayollar!$L$5:$L$124,0))),"")) | F16: =IF($C16="","",IFERROR(IF(INDEX(Nogiron_ayollar!$F$5:$F$124,MATCH($C16,Nogiron_ayollar!$L$5:$L$124,0))="","",INDEX(Nogiron_ayollar!$F$5:$F$124,MATCH($C16,Nogiron_ayollar!$L$5:$L$124,0))),""))
... A504: 500 | D504: =IF($C504="","",IFERROR(IF(INDEX(Nogiron_ayollar!$B$5:$B$124,MATCH($C504,Nogiron_ayollar!$L$5:$L$124,0))="","",INDEX(Nogiron_ayollar!$B$5:$B$124,MATCH($C504,Nogiron_ayollar!$L$5:$L$124,0))),"")) | F504: =IF($C504="","",IFERROR(IF(INDEX(Nogiron_ayollar!$F$5:$F$124,MATCH($C504,Nogiron_ayollar!$L$5:$L$124,0))="","",INDEX(Nogiron_ayollar!$F$5:$F$124,MATCH($C504,Nogiron_ayollar!$L$5:$L$124,0))),""))

Sheet Patronaj
A1: PATRONAJ TASHRIFLARI JURNALI / ЖУРНАЛ ПАТРОНАЖНЫХ ПОСЕЩЕНИЙ (homilador va tuqqan ayollar)
A2: Har bir tashrif — bitta qator. Ayol «Homiladorlar» ro‘yxatidan tanlanadi. / Каждое посещение — одна строка. Женщина выбирается из «Homiladorlar».
A3: MAXFIY / КОНФИДЕНЦИАЛЬНО — shaxsiy va tibbiy ma’lumotlar (shifokorlik siri). Faylni parol bilan himoyalang, ochiq guruhlarga yubormang. / Персональные и медицинские данные (врачебная тайна). Защитите файл паролем, не отправляйте в открытые группы.
A4: № | B4: Tashrif sanasi Дата посещения | C4: Shaxs (ro‘yxatdan tanlang) Человек (выбрать из списка) | D4: F.I.Sh. (avto) Ф.И.О. | E4: PINFL (14 raqam) ПИНФЛ (14 цифр) | F4: Mahalla (avto) Махалля | G4: Telefon (avto) Телефон | H4: Turi Тип | I4: Universal-progressiv patronajmi? Универсально-прогрессивный? | J4: Aniqlangan muammo / maslahat Выявленная проблема / совет | K4: Izoh Примечание | L4: Davrda birinchi (UPP) Первый в периоде (УПП)
A5: 1 | D5: =IF($C5="","",IFERROR(IF(INDEX(Homiladorlar!$B$5:$B$404,MATCH($C5,Homiladorlar!$H$5:$H$404,0))="","",INDEX(Homiladorlar!$B$5:$B$404,MATCH($C5,Homiladorlar!$H$5:$H$404,0))),"")) | F5: =IF($C5="","",IFERROR(IF(INDEX(Homiladorlar!$F$5:$F$404,MATCH($C5,Homiladorlar!$H$5:$H$404,0))="","",INDEX(Homiladorlar!$F$5:$F$404,MATCH($C5,Homiladorlar!$H$5:$H$404,0))),"")) | G5: =IF($C5="","",IFERROR(IF(INDEX(Homiladorlar!$E$5:$E$404,MATCH($C5,Homiladorlar!$H$5:$H$404,0))="","",INDEX(Homiladorlar!$E$5:$E$404,MATCH($C5,Homiladorlar!$H$5:$H$404,0))),"")) | L5: =IF(AND($C5<>"",$I5="Ha",$B5>=Boshqaruv!$C$9,$B5<=Boshqaruv!$C$10),IF(COUNTIFS($C$4:$C4,$C5,$I$4:$I4,"Ha",$B$4:$B4,">="&Boshqaruv!$C$9,$B$4:$B4,"<="&Boshqaruv!$C$10)=0,1,0),0) -> 0
A6: 2 | D6: =IF($C6="","",IFERROR(IF(INDEX(Homiladorlar!$B$5:$B$404,MATCH($C6,Homiladorlar!$H$5:$H$404,0))="","",INDEX(Homiladorlar!$B$5:$B$404,MATCH($C6,Homiladorlar!$H$5:$H$404,0))),"")) | F6: =IF($C6="","",IFERROR(IF(INDEX(Homiladorlar!$F$5:$F$404,MATCH($C6,Homiladorlar!$H$5:$H$404,0))="","",INDEX(Homiladorlar!$F$5:$F$404,MATCH($C6,Homiladorlar!$H$5:$H$404,0))),"")) | G6: =IF($C6="","",IFERROR(IF(INDEX(Homiladorlar!$E$5:$E$404,MATCH($C6,Homiladorlar!$H$5:$H$404,0))="","",INDEX(Homiladorlar!$E$5:$E$404,MATCH($C6,Homiladorlar!$H$5:$H$404,0))),"")) | L6: =IF(AND($C6<>"",$I6="Ha",$B6>=Boshqaruv!$C$9,$B6<=Boshqaruv!$C$10),IF(COUNTIFS($C$4:$C5,$C6,$I$4:$I5,"Ha",$B$4:$B5,">="&Boshqaruv!$C$9,$B$4:$B5,"<="&Boshqaruv!$C$10)=0,1,0),0) -> 0
A7: 3 | D7: =IF($C7="","",IFERROR(IF(INDEX(Homiladorlar!$B$5:$B$404,MATCH($C7,Homiladorlar!$H$5:$H$404,0))="","",INDEX(Homiladorlar!$B$5:$B$404,MATCH($C7,Homiladorlar!$H$5:$H$404,0))),"")) | F7: =IF($C7="","",IFERROR(IF(INDEX(Homiladorlar!$F$5:$F$404,MATCH($C7,Homiladorlar!$H$5:$H$404,0))="","",INDEX(Homiladorlar!$F$5:$F$404,MATCH($C7,Homiladorlar!$H$5:$H$404,0))),"")) | G7: =IF($C7="","",IFERROR(IF(INDEX(Homiladorlar!$E$5:$E$404,MATCH($C7,Homiladorlar!$H$5:$H$404,0))="","",INDEX(Homiladorlar!$E$5:$E$404,MATCH($C7,Homiladorlar!$H$5:$H$404,0))),"")) | L7: =IF(AND($C7<>"",$I7="Ha",$B7>=Boshqaruv!$C$9,$B7<=Boshqaruv!$C$10),IF(COUNTIFS($C$4:$C6,$C7,$I$4:$I6,"Ha",$B$4:$B6,">="&Boshqaruv!$C$9,$B$4:$B6,"<="&Boshqaruv!$C$10)=0,1,0),0) -> 0
A8: 4 | D8: =IF($C8="","",IFERROR(IF(INDEX(Homiladorlar!$B$5:$B$404,MATCH($C8,Homiladorlar!$H$5:$H$404,0))="","",INDEX(Homiladorlar!$B$5:$B$404,MATCH($C8,Homiladorlar!$H$5:$H$404,0))),"")) | F8: =IF($C8="","",IFERROR(IF(INDEX(Homiladorlar!$F$5:$F$404,MATCH($C8,Homiladorlar!$H$5:$H$404,0))="","",INDEX(Homiladorlar!$F$5:$F$404,MATCH($C8,Homiladorlar!$H$5:$H$404,0))),"")) | G8: =IF($C8="","",IFERROR(IF(INDEX(Homiladorlar!$E$5:$E$404,MATCH($C8,Homiladorlar!$H$5:$H$404,0))="","",INDEX(Homiladorlar!$E$5:$E$404,MATCH($C8,Homiladorlar!$H$5:$H$404,0))),"")) | L8: =IF(AND($C8<>"",$I8="Ha",$B8>=Boshqaruv!$C$9,$B8<=Boshqaruv!$C$10),IF(COUNTIFS($C$4:$C7,$C8,$I$4:$I7,"Ha",$B$4:$B7,">="&Boshqaruv!$C$9,$B$4:$B7,"<="&Boshqaruv!$C$10)=0,1,0),0) -> 0
A9: 5 | D9: =IF($C9="","",IFERROR(IF(INDEX(Homiladorlar!$B$5:$B$404,MATCH($C9,Homiladorlar!$H$5:$H$404,0))="","",INDEX(Homiladorlar!$B$5:$B$404,MATCH($C9,Homiladorlar!$H$5:$H$404,0))),"")) | F9: =IF($C9="","",IFERROR(IF(INDEX(Homiladorlar!$F$5:$F$404,MATCH($C9,Homiladorlar!$H$5:$H$404,0))="","",INDEX(Homiladorlar!$F$5:$F$404,MATCH($C9,Homiladorlar!$H$5:$H$404,0))),"")) | G9: =IF($C9="","",IFERROR(IF(INDEX(Homiladorlar!$E$5:$E$404,MATCH($C9,Homiladorlar!$H$5:$H$404,0))="","",INDEX(Homiladorlar!$E$5:$E$404,MATCH($C9,Homiladorlar!$H$5:$H$404,0))),"")) | L9: =IF(AND($C9<>"",$I9="Ha",$B9>=Boshqaruv!$C$9,$B9<=Boshqaruv!$C$10),IF(COUNTIFS($C$4:$C8,$C9,$I$4:$I8,"Ha",$B$4:$B8,">="&Boshqaruv!$C$9,$B$4:$B8,"<="&Boshqaruv!$C$10)=0,1,0),0) -> 0
A10: 6 | D10: =IF($C10="","",IFERROR(IF(INDEX(Homiladorlar!$B$5:$B$404,MATCH($C10,Homiladorlar!$H$5:$H$404,0))="","",INDEX(Homiladorlar!$B$5:$B$404,MATCH($C10,Homiladorlar!$H$5:$H$404,0))),"")) | F10: =IF($C10="","",IFERROR(IF(INDEX(Homiladorlar!$F$5:$F$404,MATCH($C10,Homiladorlar!$H$5:$H$404,0))="","",INDEX(Homiladorlar!$F$5:$F$404,MATCH($C10,Homiladorlar!$H$5:$H$404,0))),"")) | G10: =IF($C10="","",IFERROR(IF(INDEX(Homiladorlar!$E$5:$E$404,MATCH($C10,Homiladorlar!$H$5:$H$404,0))="","",INDEX(Homiladorlar!$E$5:$E$404,MATCH($C10,Homiladorlar!$H$5:$H$404,0))),"")) | L10: =IF(AND($C10<>"",$I10="Ha",$B10>=Boshqaruv!$C$9,$B10<=Boshqaruv!$C$10),IF(COUNTIFS($C$4:$C9,$C10,$I$4:$I9,"Ha",$B$4:$B9,">="&Boshqaruv!$C$9,$B$4:$B9,"<="&Boshqaruv!$C$10)=0,1,0),0) -> 0
A11: 7 | D11: =IF($C11="","",IFERROR(IF(INDEX(Homiladorlar!$B$5:$B$404,MATCH($C11,Homiladorlar!$H$5:$H$404,0))="","",INDEX(Homiladorlar!$B$5:$B$404,MATCH($C11,Homiladorlar!$H$5:$H$404,0))),"")) | F11: =IF($C11="","",IFERROR(IF(INDEX(Homiladorlar!$F$5:$F$404,MATCH($C11,Homiladorlar!$H$5:$H$404,0))="","",INDEX(Homiladorlar!$F$5:$F$404,MATCH($C11,Homiladorlar!$H$5:$H$404,0))),"")) | G11: =IF($C11="","",IFERROR(IF(INDEX(Homiladorlar!$E$5:$E$404,MATCH($C11,Homiladorlar!$H$5:$H$404,0))="","",INDEX(Homiladorlar!$E$5:$E$404,MATCH($C11,Homiladorlar!$H$5:$H$404,0))),"")) | L11: =IF(AND($C11<>"",$I11="Ha",$B11>=Boshqaruv!$C$9,$B11<=Boshqaruv!$C$10),IF(COUNTIFS($C$4:$C10,$C11,$I$4:$I10,"Ha",$B$4:$B10,">="&Boshqaruv!$C$9,$B$4:$B10,"<="&Boshqaruv!$C$10)=0,1,0),0) -> 0
A12: 8 | D12: =IF($C12="","",IFERROR(IF(INDEX(Homiladorlar!$B$5:$B$404,MATCH($C12,Homiladorlar!$H$5:$H$404,0))="","",INDEX(Homiladorlar!$B$5:$B$404,MATCH($C12,Homiladorlar!$H$5:$H$404,0))),"")) | F12: =IF($C12="","",IFERROR(IF(INDEX(Homiladorlar!$F$5:$F$404,MATCH($C12,Homiladorlar!$H$5:$H$404,0))="","",INDEX(Homiladorlar!$F$5:$F$404,MATCH($C12,Homiladorlar!$H$5:$H$404,0))),"")) | G12: =IF($C12="","",IFERROR(IF(INDEX(Homiladorlar!$E$5:$E$404,MATCH($C12,Homiladorlar!$H$5:$H$404,0))="","",INDEX(Homiladorlar!$E$5:$E$404,MATCH($C12,Homiladorlar!$H$5:$H$404,0))),"")) | L12: =IF(AND($C12<>"",$I12="Ha",$B12>=Boshqaruv!$C$9,$B12<=Boshqaruv!$C$10),IF(COUNTIFS($C$4:$C11,$C12,$I$4:$I11,"Ha",$B$4:$B11,">="&Boshqaruv!$C$9,$B$4:$B11,"<="&Boshqaruv!$C$10)=0,1,0),0) -> 0
A13: 9 | D13: =IF($C13="","",IFERROR(IF(INDEX(Homiladorlar!$B$5:$B$404,MATCH($C13,Homiladorlar!$H$5:$H$404,0))="","",INDEX(Homiladorlar!$B$5:$B$404,MATCH($C13,Homiladorlar!$H$5:$H$404,0))),"")) | F13: =IF($C13="","",IFERROR(IF(INDEX(Homiladorlar!$F$5:$F$404,MATCH($C13,Homiladorlar!$H$5:$H$404,0))="","",INDEX(Homiladorlar!$F$5:$F$404,MATCH($C13,Homiladorlar!$H$5:$H$404,0))),"")) | G13: =IF($C13="","",IFERROR(IF(INDEX(Homiladorlar!$E$5:$E$404,MATCH($C13,Homiladorlar!$H$5:$H$404,0))="","",INDEX(Homiladorlar!$E$5:$E$404,MATCH($C13,Homiladorlar!$H$5:$H$404,0))),"")) | L13: =IF(AND($C13<>"",$I13="Ha",$B13>=Boshqaruv!$C$9,$B13<=Boshqaruv!$C$10),IF(COUNTIFS($C$4:$C12,$C13,$I$4:$I12,"Ha",$B$4:$B12,">="&Boshqaruv!$C$9,$B$4:$B12,"<="&Boshqaruv!$C$10)=0,1,0),0) -> 0
A14: 10 | D14: =IF($C14="","",IFERROR(IF(INDEX(Homiladorlar!$B$5:$B$404,MATCH($C14,Homiladorlar!$H$5:$H$404,0))="","",INDEX(Homiladorlar!$B$5:$B$404,MATCH($C14,Homiladorlar!$H$5:$H$404,0))),"")) | F14: =IF($C14="","",IFERROR(IF(INDEX(Homiladorlar!$F$5:$F$404,MATCH($C14,Homiladorlar!$H$5:$H$404,0))="","",INDEX(Homiladorlar!$F$5:$F$404,MATCH($C14,Homiladorlar!$H$5:$H$404,0))),"")) | G14: =IF($C14="","",IFERROR(IF(INDEX(Homiladorlar!$E$5:$E$404,MATCH($C14,Homiladorlar!$H$5:$H$404,0))="","",INDEX(Homiladorlar!$E$5:$E$404,MATCH($C14,Homiladorlar!$H$5:$H$404,0))),"")) | L14: =IF(AND($C14<>"",$I14="Ha",$B14>=Boshqaruv!$C$9,$B14<=Boshqaruv!$C$10),IF(COUNTIFS($C$4:$C13,$C14,$I$4:$I13,"Ha",$B$4:$B13,">="&Boshqaruv!$C$9,$B$4:$B13,"<="&Boshqaruv!$C$10)=0,1,0),0) -> 0
A15: 11 | D15: =IF($C15="","",IFERROR(IF(INDEX(Homiladorlar!$B$5:$B$404,MATCH($C15,Homiladorlar!$H$5:$H$404,0))="","",INDEX(Homiladorlar!$B$5:$B$404,MATCH($C15,Homiladorlar!$H$5:$H$404,0))),"")) | F15: =IF($C15="","",IFERROR(IF(INDEX(Homiladorlar!$F$5:$F$404,MATCH($C15,Homiladorlar!$H$5:$H$404,0))="","",INDEX(Homiladorlar!$F$5:$F$404,MATCH($C15,Homiladorlar!$H$5:$H$404,0))),"")) | G15: =IF($C15="","",IFERROR(IF(INDEX(Homiladorlar!$E$5:$E$404,MATCH($C15,Homiladorlar!$H$5:$H$404,0))="","",INDEX(Homiladorlar!$E$5:$E$404,MATCH($C15,Homiladorlar!$H$5:$H$404,0))),"")) | L15: =IF(AND($C15<>"",$I15="Ha",$B15>=Boshqaruv!$C$9,$B15<=Boshqaruv!$C$10),IF(COUNTIFS($C$4:$C14,$C15,$I$4:$I14,"Ha",$B$4:$B14,">="&Boshqaruv!$C$9,$B$4:$B14,"<="&Boshqaruv!$C$10)=0,1,0),0) -> 0
A16: 12 | D16: =IF($C16="","",IFERROR(IF(INDEX(Homiladorlar!$B$5:$B$404,MATCH($C16,Homiladorlar!$H$5:$H$404,0))="","",INDEX(Homiladorlar!$B$5:$B$404,MATCH($C16,Homiladorlar!$H$5:$H$404,0))),"")) | F16: =IF($C16="","",IFERROR(IF(INDEX(Homiladorlar!$F$5:$F$404,MATCH($C16,Homiladorlar!$H$5:$H$404,0))="","",INDEX(Homiladorlar!$F$5:$F$404,MATCH($C16,Homiladorlar!$H$5:$H$404,0))),"")) | G16: =IF($C16="","",IFERROR(IF(INDEX(Homiladorlar!$E$5:$E$404,MATCH($C16,Homiladorlar!$H$5:$H$404,0))="","",INDEX(Homiladorlar!$E$5:$E$404,MATCH($C16,Homiladorlar!$H$5:$H$404,0))),"")) | L16: =IF(AND($C16<>"",$I16="Ha",$B16>=Boshqaruv!$C$9,$B16<=Boshqaruv!$C$10),IF(COUNTIFS($C$4:$C15,$C16,$I$4:$I15,"Ha",$B$4:$B15,">="&Boshqaruv!$C$9,$B$4:$B15,"<="&Boshqaruv!$C$10)=0,1,0),0) -> 0
... A1504: 1500 | D1504: =IF($C1504="","",IFERROR(IF(INDEX(Homiladorlar!$B$5:$B$404,MATCH($C1504,Homiladorlar!$H$5:$H$404,0))="","",INDEX(Homiladorlar!$B$5:$B$404,MATCH($C1504,Homiladorlar!$H$5:$H$404,0))),"")) | F1504: =IF($C1504="","",IFERROR(IF(INDEX(Homiladorlar!$F$5:$F$404,MATCH($C1504,Homiladorlar!$H$5:$H$404,0))="","",INDEX(Homiladorlar!$F$5:$F$404,MATCH($C1504,Homiladorlar!$H$5:$H$404,0))),"")) | G1504: =IF($C1504="","",IFERROR(IF(INDEX(Homiladorlar!$E$5:$E$404,MATCH($C1504,Homiladorlar!$H$5:$H$404,0))="","",INDEX(Homiladorlar!$E$5:$E$404,MATCH($C1504,Homiladorlar!$H$5:$H$404,0))),"")) | L1504: =IF(AND($C1504<>"",$I1504="Ha",$B1504>=Boshqaruv!$C$9,$B1504<=Boshqaruv!$C$10),IF(COUNTIFS($C$4:$C1503,$C1504,$I$4:$I1503,"Ha",$B$4:$B1503,">="&Boshqaruv!$C$9,$B$4:$B1503,"<="&Boshqaruv!$C$10)=0,1,0),0) -> 0

Sheet Skrining
A1: SKRINING JURNALI / ЖУРНАЛ СКРИНИНГА (bachadon bo‘yni 35–55, ko‘krak bezi 45–65)
A2: Har bir skrining — bitta qator. Yosh skrining sanasiga hisoblanadi; yosh mos bo‘lmasa sanalmaydi. / Каждый скрининг — одна строка. Возраст считается на дату скрининга; при несоответствии не засчитывается.
A3: MAXFIY / КОНФИДЕНЦИАЛЬНО — shaxsiy va tibbiy ma’lumotlar (shifokorlik siri). Faylni parol bilan himoyalang, ochiq guruhlarga yubormang. / Персональные и медицинские данные (врачебная тайна). Защитите файл паролем, не отправляйте в открытые группы.
A4: № | B4: Skrining sanasi Дата скрининга | C4: F.I.Sh. (to‘liq) Ф.И.О. | D4: Tug‘ilgan sana Дата рождения | E4: PINFL (14 raqam) ПИНФЛ (14 цифр) | F4: Telefon Телефон | G4: Mahalla Махалля | H4: Skrining vaqtidagi yosh (avto) Возраст на дату скрининга | I4: Skrining turi Вид скрининга | J4: Usul (ko‘rik / sitologiya / mammografiya) Метод | K4: Yosh mos? (avto) Возраст подходит? | L4: Natija Результат | M4: Xavf guruhidami? Из группы риска? | N4: Mutaxassisga yo‘llandimi? Направлена к специалисту? | O4: Izoh Примечание | P4: Takror? (avto) Дубль?
A5: 1 | H5: =IF(OR($D5="",$B5=""),"",INT(($B5-$D5)/365.25)) | K5: =IF(OR($I5="",$H5=""),"",IF(OR(AND($I5="Bachadon bo'yni",$H5>=35,$H5<=55),AND($I5="Ko'krak bezi",$H5>=45,$H5<=65)),"Ha","Yo'q")) | P5: =IF(OR($C5="",$D5="",$I5="",$B5=""),"",IF(COUNTIFS($C$5:$C$1504,$C5,$D$5:$D$1504,$D5,$I$5:$I$1504,$I5,$B$5:$B$1504,$B5)>1,"Takror",""))
A6: 2 | H6: =IF(OR($D6="",$B6=""),"",INT(($B6-$D6)/365.25)) | K6: =IF(OR($I6="",$H6=""),"",IF(OR(AND($I6="Bachadon bo'yni",$H6>=35,$H6<=55),AND($I6="Ko'krak bezi",$H6>=45,$H6<=65)),"Ha","Yo'q")) | P6: =IF(OR($C6="",$D6="",$I6="",$B6=""),"",IF(COUNTIFS($C$5:$C$1504,$C6,$D$5:$D$1504,$D6,$I$5:$I$1504,$I6,$B$5:$B$1504,$B6)>1,"Takror",""))
A7: 3 | H7: =IF(OR($D7="",$B7=""),"",INT(($B7-$D7)/365.25)) | K7: =IF(OR($I7="",$H7=""),"",IF(OR(AND($I7="Bachadon bo'yni",$H7>=35,$H7<=55),AND($I7="Ko'krak bezi",$H7>=45,$H7<=65)),"Ha","Yo'q")) | P7: =IF(OR($C7="",$D7="",$I7="",$B7=""),"",IF(COUNTIFS($C$5:$C$1504,$C7,$D$5:$D$1504,$D7,$I$5:$I$1504,$I7,$B$5:$B$1504,$B7)>1,"Takror",""))
A8: 4 | H8: =IF(OR($D8="",$B8=""),"",INT(($B8-$D8)/365.25)) | K8: =IF(OR($I8="",$H8=""),"",IF(OR(AND($I8="Bachadon bo'yni",$H8>=35,$H8<=55),AND($I8="Ko'krak bezi",$H8>=45,$H8<=65)),"Ha","Yo'q")) | P8: =IF(OR($C8="",$D8="",$I8="",$B8=""),"",IF(COUNTIFS($C$5:$C$1504,$C8,$D$5:$D$1504,$D8,$I$5:$I$1504,$I8,$B$5:$B$1504,$B8)>1,"Takror",""))
A9: 5 | H9: =IF(OR($D9="",$B9=""),"",INT(($B9-$D9)/365.25)) | K9: =IF(OR($I9="",$H9=""),"",IF(OR(AND($I9="Bachadon bo'yni",$H9>=35,$H9<=55),AND($I9="Ko'krak bezi",$H9>=45,$H9<=65)),"Ha","Yo'q")) | P9: =IF(OR($C9="",$D9="",$I9="",$B9=""),"",IF(COUNTIFS($C$5:$C$1504,$C9,$D$5:$D$1504,$D9,$I$5:$I$1504,$I9,$B$5:$B$1504,$B9)>1,"Takror",""))
A10: 6 | H10: =IF(OR($D10="",$B10=""),"",INT(($B10-$D10)/365.25)) | K10: =IF(OR($I10="",$H10=""),"",IF(OR(AND($I10="Bachadon bo'yni",$H10>=35,$H10<=55),AND($I10="Ko'krak bezi",$H10>=45,$H10<=65)),"Ha","Yo'q")) | P10: =IF(OR($C10="",$D10="",$I10="",$B10=""),"",IF(COUNTIFS($C$5:$C$1504,$C10,$D$5:$D$1504,$D10,$I$5:$I$1504,$I10,$B$5:$B$1504,$B10)>1,"Takror",""))
A11: 7 | H11: =IF(OR($D11="",$B11=""),"",INT(($B11-$D11)/365.25)) | K11: =IF(OR($I11="",$H11=""),"",IF(OR(AND($I11="Bachadon bo'yni",$H11>=35,$H11<=55),AND($I11="Ko'krak bezi",$H11>=45,$H11<=65)),"Ha","Yo'q")) | P11: =IF(OR($C11="",$D11="",$I11="",$B11=""),"",IF(COUNTIFS($C$5:$C$1504,$C11,$D$5:$D$1504,$D11,$I$5:$I$1504,$I11,$B$5:$B$1504,$B11)>1,"Takror",""))
A12: 8 | H12: =IF(OR($D12="",$B12=""),"",INT(($B12-$D12)/365.25)) | K12: =IF(OR($I12="",$H12=""),"",IF(OR(AND($I12="Bachadon bo'yni",$H12>=35,$H12<=55),AND($I12="Ko'krak bezi",$H12>=45,$H12<=65)),"Ha","Yo'q")) | P12: =IF(OR($C12="",$D12="",$I12="",$B12=""),"",IF(COUNTIFS($C$5:$C$1504,$C12,$D$5:$D$1504,$D12,$I$5:$I$1504,$I12,$B$5:$B$1504,$B12)>1,"Takror",""))
A13: 9 | H13: =IF(OR($D13="",$B13=""),"",INT(($B13-$D13)/365.25)) | K13: =IF(OR($I13="",$H13=""),"",IF(OR(AND($I13="Bachadon bo'yni",$H13>=35,$H13<=55),AND($I13="Ko'krak bezi",$H13>=45,$H13<=65)),"Ha","Yo'q")) | P13: =IF(OR($C13="",$D13="",$I13="",$B13=""),"",IF(COUNTIFS($C$5:$C$1504,$C13,$D$5:$D$1504,$D13,$I$5:$I$1504,$I13,$B$5:$B$1504,$B13)>1,"Takror",""))
A14: 10 | H14: =IF(OR($D14="",$B14=""),"",INT(($B14-$D14)/365.25)) | K14: =IF(OR($I14="",$H14=""),"",IF(OR(AND($I14="Bachadon bo'yni",$H14>=35,$H14<=55),AND($I14="Ko'krak bezi",$H14>=45,$H14<=65)),"Ha","Yo'q")) | P14: =IF(OR($C14="",$D14="",$I14="",$B14=""),"",IF(COUNTIFS($C$5:$C$1504,$C14,$D$5:$D$1504,$D14,$I$5:$I$1504,$I14,$B$5:$B$1504,$B14)>1,"Takror",""))
A15: 11 | H15: =IF(OR($D15="",$B15=""),"",INT(($B15-$D15)/365.25)) | K15: =IF(OR($I15="",$H15=""),"",IF(OR(AND($I15="Bachadon bo'yni",$H15>=35,$H15<=55),AND($I15="Ko'krak bezi",$H15>=45,$H15<=65)),"Ha","Yo'q")) | P15: =IF(OR($C15="",$D15="",$I15="",$B15=""),"",IF(COUNTIFS($C$5:$C$1504,$C15,$D$5:$D$1504,$D15,$I$5:$I$1504,$I15,$B$5:$B$1504,$B15)>1,"Takror",""))
A16: 12 | H16: =IF(OR($D16="",$B16=""),"",INT(($B16-$D16)/365.25)) | K16: =IF(OR($I16="",$H16=""),"",IF(OR(AND($I16="Bachadon bo'yni",$H16>=35,$H16<=55),AND($I16="Ko'krak bezi",$H16>=45,$H16<=65)),"Ha","Yo'q")) | P16: =IF(OR($C16="",$D16="",$I16="",$B16=""),"",IF(COUNTIFS($C$5:$C$1504,$C16,$D$5:$D$1504,$D16,$I$5:$I$1504,$I16,$B$5:$B$1504,$B16)>1,"Takror",""))
... A1504: 1500 | H1504: =IF(OR($D1504="",$B1504=""),"",INT(($B1504-$D1504)/365.25)) | K1504: =IF(OR($I1504="",$H1504=""),"",IF(OR(AND($I1504="Bachadon bo'yni",$H1504>=35,$H1504<=55),AND($I1504="Ko'krak bezi",$H1504>=45,$H1504<=65)),"Ha","Yo'q")) | P1504: =IF(OR($C1504="",$D1504="",$I1504="",$B1504=""),"",IF(COUNTIFS($C$5:$C$1504,$C1504,$D$5:$D$1504,$D1504,$I$5:$I$1504,$I1504,$B$5:$B$1504,$B1504)>1,"Takror",""))

Sheet Qabul_jurnali
A1: DOYA QABULI KUNDALIK JURNALI / ЖУРНАЛ ЕЖЕДНЕВНОГО ПРИЁМА ДОЯ
A2: Har kuni bitta qator: rejalashtirilgan va haqiqiy tashriflar soni. / Каждый день одна строка: запланированные и фактические визиты.
A4: № | B4: Sana Дата | C4: Rejalashtirilgan tashriflar Запланировано визитов | D4: Haqiqiy tashriflar Фактические визиты | E4: Shundan homiladorlar Из них беременные | F4: Shundan fertil yoshdagi ayollar Из них ЖФВ | G4: Maslahat berilganlar Получили консультацию | H4: Bajarilishi (avto) Выполнение (авто) | I4: Izoh Примечание
A5: 1 | H5: =IF(N($C5)=0,"",$D5/$C5)
A6: 2 | H6: =IF(N($C6)=0,"",$D6/$C6)
A7: 3 | H7: =IF(N($C7)=0,"",$D7/$C7)
A8: 4 | H8: =IF(N($C8)=0,"",$D8/$C8)
A9: 5 | H9: =IF(N($C9)=0,"",$D9/$C9)
A10: 6 | H10: =IF(N($C10)=0,"",$D10/$C10)
A11: 7 | H11: =IF(N($C11)=0,"",$D11/$C11)
A12: 8 | H12: =IF(N($C12)=0,"",$D12/$C12)
A13: 9 | H13: =IF(N($C13)=0,"",$D13/$C13)
A14: 10 | H14: =IF(N($C14)=0,"",$D14/$C14)
A15: 11 | H15: =IF(N($C15)=0,"",$D15/$C15)
A16: 12 | H16: =IF(N($C16)=0,"",$D16/$C16)
... A404: 400 | H404: =IF(N($C404)=0,"",$D404/$C404)

Sheet Targibot
A1: TARG‘IBOT VA TADBIRLAR JURNALI / ЖУРНАЛ ПРОПАГАНДЫ И МЕРОПРИЯТИЙ
A2: Suhbat, tadbirlar; bayonnoma raqamini yozing. / Беседы, мероприятия; укажите № протокола.
A4: № | B4: Sana Дата | C4: Turi Вид | D4: O‘tkazilgan joy Место | E4: Mavzu Тема | F4: Qatnashchilar soni Число участников | G4: Bayonnoma № № протокола | H4: Izoh Примечание
A5: 1
A6: 2
A7: 3
A8: 4
A9: 5
A10: 6
A11: 7
A12: 8
A13: 9
A14: 10
A15: 11
A16: 12
... A304: 300

Sheet Qizlar_maslahat
A1: O‘SMIR QIZLARGA MASLAHAT / КОНСУЛЬТАЦИИ ДЕВОЧКАМ-ПОДРОСТКАМ (15–17 yosh)
A2: Reproduktiv salomatlik bo‘yicha maslahat olgan 15–17 yoshli qizlar. / Девочки 15–17 лет, получившие консультацию по репродуктивному здоровью.
A3: MAXFIY / КОНФИДЕНЦИАЛЬНО — shaxsiy va tibbiy ma’lumotlar (shifokorlik siri). Faylni parol bilan himoyalang, ochiq guruhlarga yubormang. / Персональные и медицинские данные (врачебная тайна). Защитите файл паролем, не отправляйте в открытые группы.
A4: № | B4: Maslahat sanasi Дата консультации | C4: F.I.Sh. (to‘liq) Ф.И.О. | D4: Tug‘ilgan sana Дата рождения | E4: PINFL (14 raqam) ПИНФЛ (14 цифр) | F4: Telefon Телефон | G4: Mahalla Махалля | H4: Yosh (avto) Возраст | I4: Mavzu Тема | J4: Kim o‘tkazdi Кто провёл | K4: Izoh Примечание | L4: Takror? (avto) Дубль?
A5: 1 | H5: =IF(OR($D5="",$B5=""),"",INT(($B5-$D5)/365.25)) | L5: =IF(OR($C5="",$D5="",$B5=""),"",IF(COUNTIFS($C$5:$C$304,$C5,$D$5:$D$304,$D5,$B$5:$B$304,$B5)>1,"Takror",""))
A6: 2 | H6: =IF(OR($D6="",$B6=""),"",INT(($B6-$D6)/365.25)) | L6: =IF(OR($C6="",$D6="",$B6=""),"",IF(COUNTIFS($C$5:$C$304,$C6,$D$5:$D$304,$D6,$B$5:$B$304,$B6)>1,"Takror",""))
A7: 3 | H7: =IF(OR($D7="",$B7=""),"",INT(($B7-$D7)/365.25)) | L7: =IF(OR($C7="",$D7="",$B7=""),"",IF(COUNTIFS($C$5:$C$304,$C7,$D$5:$D$304,$D7,$B$5:$B$304,$B7)>1,"Takror",""))
A8: 4 | H8: =IF(OR($D8="",$B8=""),"",INT(($B8-$D8)/365.25)) | L8: =IF(OR($C8="",$D8="",$B8=""),"",IF(COUNTIFS($C$5:$C$304,$C8,$D$5:$D$304,$D8,$B$5:$B$304,$B8)>1,"Takror",""))
A9: 5 | H9: =IF(OR($D9="",$B9=""),"",INT(($B9-$D9)/365.25)) | L9: =IF(OR($C9="",$D9="",$B9=""),"",IF(COUNTIFS($C$5:$C$304,$C9,$D$5:$D$304,$D9,$B$5:$B$304,$B9)>1,"Takror",""))
A10: 6 | H10: =IF(OR($D10="",$B10=""),"",INT(($B10-$D10)/365.25)) | L10: =IF(OR($C10="",$D10="",$B10=""),"",IF(COUNTIFS($C$5:$C$304,$C10,$D$5:$D$304,$D10,$B$5:$B$304,$B10)>1,"Takror",""))
A11: 7 | H11: =IF(OR($D11="",$B11=""),"",INT(($B11-$D11)/365.25)) | L11: =IF(OR($C11="",$D11="",$B11=""),"",IF(COUNTIFS($C$5:$C$304,$C11,$D$5:$D$304,$D11,$B$5:$B$304,$B11)>1,"Takror",""))
A12: 8 | H12: =IF(OR($D12="",$B12=""),"",INT(($B12-$D12)/365.25)) | L12: =IF(OR($C12="",$D12="",$B12=""),"",IF(COUNTIFS($C$5:$C$304,$C12,$D$5:$D$304,$D12,$B$5:$B$304,$B12)>1,"Takror",""))
A13: 9 | H13: =IF(OR($D13="",$B13=""),"",INT(($B13-$D13)/365.25)) | L13: =IF(OR($C13="",$D13="",$B13=""),"",IF(COUNTIFS($C$5:$C$304,$C13,$D$5:$D$304,$D13,$B$5:$B$304,$B13)>1,"Takror",""))
A14: 10 | H14: =IF(OR($D14="",$B14=""),"",INT(($B14-$D14)/365.25)) | L14: =IF(OR($C14="",$D14="",$B14=""),"",IF(COUNTIFS($C$5:$C$304,$C14,$D$5:$D$304,$D14,$B$5:$B$304,$B14)>1,"Takror",""))
A15: 11 | H15: =IF(OR($D15="",$B15=""),"",INT(($B15-$D15)/365.25)) | L15: =IF(OR($C15="",$D15="",$B15=""),"",IF(COUNTIFS($C$5:$C$304,$C15,$D$5:$D$304,$D15,$B$5:$B$304,$B15)>1,"Takror",""))
A16: 12 | H16: =IF(OR($D16="",$B16=""),"",INT(($B16-$D16)/365.25)) | L16: =IF(OR($C16="",$D16="",$B16=""),"",IF(COUNTIFS($C$5:$C$304,$C16,$D$5:$D$304,$D16,$B$5:$B$304,$B16)>1,"Takror",""))
... A304: 300 | H304: =IF(OR($D304="",$B304=""),"",INT(($B304-$D304)/365.25)) | L304: =IF(OR($C304="",$D304="",$B304=""),"",IF(COUNTIFS($C$5:$C$304,$C304,$D$5:$D$304,$D304,$B$5:$B$304,$B304)>1,"Takror",""))

Sheet Spravochnik
A1: Spravochnik / Справочники (o‘zingiz to‘ldiring va moslashtiring)
A2: Bu ro‘yxatlar boshqa varaqlardagi tanlash menyularini to‘ldiradi. / Эти списки наполняют выпадающие меню на других листах.
A4: Mahalla / Махалля (o‘zingiz yozing) | B4: Xavf omillari / Факторы риска | C4: MKB-10 kodi (Z32–Z36) / Код МКБ-10 | D4: Kontratseptiv usul / Метод контрацепции | F4: Parametrlar (tahrirlanadi) / Параметры (редактируются) | G4: Qiymat / Значение
B5: Ekstragenital kasallik | C5: Z32 | D5: BIV | F5: I trimestr skrining oynasi — boshlanish (hafta) [180-son buyruq: 11–13⁶ hafta, TEKSHIRING] / Окно скрининга I триместра — начало (нед.) [приказ 180: 11–13⁶ нед., СВЕРЬТЕ] | G5: 11
B6: Obstetrik anamnez (kesarcha, o‘lik tug‘ilish va h.k.) | C6: Z33 | D6: Tabletkalar | F6: I trimestr skrining oynasi — tugash (hafta) / Окно скрининга I триместра — конец (нед.) | G6: 13
B7: Yoshi (18 yoshgacha yoki 35+) | C7: Z34 | D7: In’ektsiya
B8: Ko‘p homilalik | C8: Z35 | D8: Implant
B9: Gipertenziya / preeklampsiya | C9: Z36 | D9: Prezervativ
B10: Anemiya | D10: Jarrohlik
B11: Qandli diabet | D11: Boshqa
B12: Rezus-nomuvofiqlik
B13: Infeksiya (OIV, gepatit va h.k.)
B14: Boshqa

Sheet Hujjatlar
A1: HUJJATLAR / ДОКУМЕНТЫ — Doya kabineti (QVP / oilaviy poliklinika)
A2: Siz topshirishingiz kerak bo‘lgan qog‘oz/elektron hujjatlar. Har biri uchun belgilang. / Бумажные/электронные документы, которые вы сдаёте. Отметьте каждый.
A4: T/r | B4: Papka № | C4: Hujjat nomi (o‘zbekcha) | D4: Название документа (русский) | E4: Bor / Есть? | F4: Sana va raqami / Дата и номер | G4: Imzo bor? / Подпись? | H4: Muhr bor? / Печать? | I4: Shakl / Форма | J4: Izoh / Примечание
A5: 1 | B5: 8 | C5: Nogiron ayollar ro'yxati | D5: Список женщин-инвалидов
A6: 2 | B6: 8 | C6: Ko'rsatilgan amaliy yordam dalolatnomalari | D6: Акты оказанной практической помощи
A7: 3 | B7: 8 | C7: Ko'rik va maslahatlar natijalari | D7: Результаты осмотров и консультаций
A8: 4 | B8: 9 | C8: Dispanser hisobidagi ayollar ro'yxati | D8: Список женщин на диспансерном учёте
A9: 5 | B9: 9 | C9: O'smir qizlar ro'yxati | D9: Список девочек-подростков
A10: 6 | B10: 9 | C10: Sog'lomlashtirish rejalari | D10: Планы оздоровления
A11: 7 | B11: 10 | C11: Homiladorlarni hisobga olish muddatlari to'g'risida ma'lumotlar | D11: Данные о сроках постановки беременных на учёт
A12: 8 | B12: 10 | C12: Homiladorlar ro'yxati (xavf guruhi bilan) | D12: Список беременных (с группой риска)
A13: 9 | B13: 10 | C13: Targ'ibot tadbirlari bayonnomalari | D13: Протоколы пропагандистских мероприятий
A14: 10 | B14: 12 | C14: Muassasalar hisobotlari | D14: Отчёты учреждений
A15: 11 | B15: 10 | C15: Akusher-ginekologning (doya) kundalik qabul jurnali (024-2 x/sh) | D15: Журнал ежедневного приёма акушера-гинеколога (доя) (024-2 х/ш)
A16: 12 | B16: 10 | C16: Homilador va tuqqan ayolning individual kartasi (111-x/sh) | D16: Индивидуальная карта беременной и родильницы (111-х/ш)
... A19: 15 | B19: 9 | C19: Hudud pasporti (026-x/sh) | D19: Паспорт участка (территории) (026-х/ш)
C21: «Bor» — hujjat tayyor va ilova qilinadi. «Yo‘q» — hali yo‘q (izohda sababini yozing). «Kerak emas» — bu davrda talab etilmaydi. / «Bor» — есть и прилагается; «Yo‘q» — нет (причина в примечании); «Kerak emas» — не требуется в этом периоде.

Sheet Chop_etish
A1: SHO‘RCHI TUMAN TIBBIYOT BIRLASHMASI
A2: Birlashma boshlig‘ining onalik va bolalikni muhofaza qilish bo‘yicha o‘rinbosariga / Заместителю начальника объединения по охране материнства и детства
A4: MA’LUMOTNOMA / СПРАВКА
A5: Doya kabineti (QVP / oilaviy poliklinika) / Кабинет доя (СВП / семейная поликлиника)
A7: Muassasa / Учреждение: | C7: =Boshqaruv!C5&"" -> СВП №3 (тест)
A8: Mas’ul / Ответственный: | C8: =Boshqaruv!C6&"" -> Тестова Дильфуза
A9: Davr / Период: | C9: =Boshqaruv!C11&"" -> 16.10.2026 – 23.10.2026
A10: Muddat / Срок: | C10: Har hafta juma kuni soat 12:00 gacha / каждую пятницу до 12:00
A11: Chiqish raqami / Исх. №:
A13: T/r | B13: Ko‘rsatkich | C13: Показатель | D13: Birlik | E13: Joriy davr
A14: 1 | B14: Hisobdagi homilador ayollar soni | C14: Число беременных на учёте | D14: nafar | E14: =IF(Boshqaruv!F17="","",Boshqaruv!F17) -> 12
A15: 2 | B15: Shundan 12 haftagacha hisobga olinganlar | C15: Из них взято на учёт до 12 недель | D15: nafar | E15: =IF(Boshqaruv!F18="","",Boshqaruv!F18) -> 12
A16: 3 | B16: Erta hisobga olish ulushi | C16: Доля раннего учёта | D16: % | E16: =IF(Boshqaruv!F19="","",Boshqaruv!F19) -> 1
A17: 4 | B17: Xavf guruhidagi homiladorlar | C17: Беременные группы риска | D17: nafar | E17: =IF(Boshqaruv!F20="","",Boshqaruv!F20) -> 4
A18: 5 | B18: Tug'ish yoshidagi ayollar soni (uchastkada) | C18: Женщин фертильного возраста на участке | D18: nafar | E18: =IF(Boshqaruv!F21="","",Boshqaruv!F21) -> 0
A19: 6 | B19: Kontratseptiv qo'llayotgan ayollar | C19: Женщины, использующие контрацептивы | D19: nafar | E19: =IF(Boshqaruv!F22="","",Boshqaruv!F22) -> 0
A20: 7 | B20: Dispanser hisobidagi ayollar | C20: Женщины на диспансерном учёте | D20: nafar | E20: =IF(Boshqaruv!F23="","",Boshqaruv!F23) -> 0
A21: 8 | B21: Dispanser hisobidagi o'smir qizlar | C21: Девочки-подростки на диспансерном учёте | D21: nafar | E21: =IF(Boshqaruv!F24="","",Boshqaruv!F24) -> 0
A22: 9 | B22: Nogiron ayollar soni | C22: Число женщин-инвалидов | D22: nafar | E22: =IF(Boshqaruv!F25="","",Boshqaruv!F25) -> 0
A23: 10 | B23: Nogiron ayollarga uyga borib ko'rsatilgan yordam | C23: Выезды к женщинам-инвалидам | D23: marta | E23: =IF(Boshqaruv!F26="","",Boshqaruv!F26) -> 0
A24: 11 | B24: Patronaj tashriflari (homilador va tuqqan ayollar) | C24: Патронажные посещения (беременные и родильницы) | D24: marta | E24: =IF(Boshqaruv!F27="","",Boshqaruv!F27) -> 0
A25: 12 | B25: Targ'ibot suhbatlari (kontratseptsiya, sog'lom turmush) | C25: Беседы-пропаганда (контрацепция, ЗОЖ) | D25: marta | E25: =IF(Boshqaruv!F28="","",Boshqaruv!F28) -> 0
... A40: 27 | B40: [Voyaga yetmaganlar] «Qizlar salomatlik markazi» bilan o‘tkazilgan tadbirlar | C40: [Несовершеннолетние] Мероприятия совместно с «Центром здоровья девочек» | D40: marta | E40: =IF(Boshqaruv!F43="","",Boshqaruv!F43) -> 0
A42: Eslatma: bu varaqda faqat yig‘ma sonlar bor; shaxsiy va tibbiy ma’lumotlar (F.I.Sh., tashxis) kiritilmagan. / Примечание: на листе только агрегированные числа; персональных и медицинских данных (ФИО, диагнозов) нет.
A44: Tayyorladi / Подготовил(а): | D44: Sana / Дата: ____.____.20____
A45: ______________________________________ lavozim, F.I.Sh., imzo / должность, ФИО, подпись
A47: Muassasa rahbari / Руководитель учреждения:
A48: ______________________________________ F.I.Sh., imzo / ФИО, подпись
E50: M.O. / М.П. (muhr o‘rni / место печати)

Sheet Eksport
A1: Bu varaq avtomatik to‘ladi — o‘zgartirmang. / Лист заполняется автоматически — не изменяйте.
A2: O‘rinbosar uchun: 4-qatorni (A dan oxirigacha) nusxalab, «Yigish_Svod» faylidagi tegishli varaqqa qiymat sifatida qo‘ying. / Для заместителя: скопируйте строку 4 (от A до конца) и вставьте как значения на соответствующий лист файла «Yigish_Svod».
A3: Muassasa | B3: Mas’ul F.I.Sh. | C3: Davr | D3: Telefon | E3: Tayyorlik | F3: Hisobdagi homilador ayollar soni [nafar] (Papka 10) | G3: Shundan 12 haftagacha hisobga olinganlar [nafar] (Papka 10) | H3: Erta hisobga olish ulushi [%] (Papka 10) | I3: Xavf guruhidagi homiladorlar [nafar] (Papka 7) | J3: Tug'ish yoshidagi ayollar soni (uchastkada) [nafar] (Papka 13) | K3: Kontratseptiv qo'llayotgan ayollar [nafar] (Papka 12) | L3: Dispanser hisobidagi ayollar [nafar] (Papka 9) | M3: Dispanser hisobidagi o'smir qizlar [nafar] (Papka 9) | N3: Nogiron ayollar soni [nafar] (Papka 8) | O3: Nogiron ayollarga uyga borib ko'rsatilgan yordam [marta] (Papka 8) | P3: Patronaj tashriflari (homilador va tuqqan ayollar) [marta] (Papka 7) | Q3: Targ'ibot suhbatlari (kontratseptsiya, sog'lom turmush) [marta] (Papka 10) | R3: Universal-progressiv patronaj bilan qamrab olingan homilador va tuqqan ayollar [nafar] (Papka 10) | S3: Antenatal ko‘rikka yo‘llangan homiladorlar [nafar] (Papka 10) | T3: Prenatal skriningdan o‘z vaqtida o‘tgan homiladorlar [nafar] (Papka 11) | U3: Xavf guruhidagi ayollardan skrining ko‘rigidan o‘tganlar [nafar] (Papka 9) | V3: Kontratseptiv bilan qamrab olish choralari ko‘rilgan fertil yoshdagi ayollar [nafar] (Papka 12) | W3: Xavf omillari aniqlanib, individual kuzatuv rejasi tuzilgan homilador va tuqqan ayollar [nafar] (Papka 7) | X3: Doya qabuliga rejalashtirilgan tashriflar [ta] (Papka 3) | Y3: Doya qabuliga haqiqiy tashriflar [ta] (Papka 3) | Z3: Doya qabuli rejasi bajarilishi [%] (Papka 3) | AA3: Bachadon bo‘yni saratoni skriningi bilan qamrab olingan ayollar (35–55 yosh) [nafar] (Papka 9) | AB3: Ko‘krak bezi saratoni skriningi bilan qamrab olingan ayollar (45–65 yosh) [nafar] (Papka 9) | AC3: [Voyaga yetmaganlar] Hisobdagi homilador qizlar (18 yoshgacha) [nafar] (Papka 10) | AD3: [Voyaga yetmaganlar] Davr ichida tuqqan qizlar (18 yoshgacha) [nafar] (Papka 7) | AE3: [Voyaga yetmaganlar] Reproduktiv salomatlik bo‘yicha maslahat olgan o‘smir qizlar (15–17 yosh) [nafar] (Papka 9) | AF3: [Voyaga yetmaganlar] «Qizlar salomatlik markazi» bilan o‘tkazilgan tadbirlar [marta] (Papka 9)
A4: =Boshqaruv!C5&"" -> СВП №3 (тест) | B4: =Boshqaruv!C6&"" -> Тестова Дильфуза | C4: =Boshqaruv!C11&"" -> 16.10.2026 – 23.10.2026 | D4: =Boshqaruv!C8&"" -> +998900000001 | E4: =IF(LEFT(Boshqaruv!C13,1)="✔","TAYYOR","TO‘LIQ EMAS") -> TO‘LIQ EMAS | F4: =IF(Boshqaruv!F17="","",Boshqaruv!F17) -> 12 | G4: =IF(Boshqaruv!F18="","",Boshqaruv!F18) -> 12 | H4: =IF(Boshqaruv!F19="","",Boshqaruv!F19) -> 1 | I4: =IF(Boshqaruv!F20="","",Boshqaruv!F20) -> 4 | J4: =IF(Boshqaruv!F21="","",Boshqaruv!F21) -> 0 | K4: =IF(Boshqaruv!F22="","",Boshqaruv!F22) -> 0 | L4: =IF(Boshqaruv!F23="","",Boshqaruv!F23) -> 0 | M4: =IF(Boshqaruv!F24="","",Boshqaruv!F24) -> 0 | N4: =IF(Boshqaruv!F25="","",Boshqaruv!F25) -> 0 | O4: =IF(Boshqaruv!F26="","",Boshqaruv!F26) -> 0 | P4: =IF(Boshqaruv!F27="","",Boshqaruv!F27) -> 0 | Q4: =IF(Boshqaruv!F28="","",Boshqaruv!F28) -> 0 | R4: =IF(Boshqaruv!F29="","",Boshqaruv!F29) -> 0 | S4: =IF(Boshqaruv!F30="","",Boshqaruv!F30) -> 0 | T4: =IF(Boshqaruv!F31="","",Boshqaruv!F31) -> 0 | U4: =IF(Boshqaruv!F32="","",Boshqaruv!F32) -> 0 | V4: =IF(Boshqaruv!F33="","",Boshqaruv!F33) -> 0 | W4: =IF(Boshqaruv!F34="","",Boshqaruv!F34) -> 0 | X4: =IF(Boshqaruv!F35="","",Boshqaruv!F35) -> 0 | Y4: =IF(Boshqaruv!F36="","",Boshqaruv!F36) -> 0 | Z4: =IF(Boshqaruv!F37="","",Boshqaruv!F37) | AA4: =IF(Boshqaruv!F38="","",Boshqaruv!F38) -> 0 | AB4: =IF(Boshqaruv!F39="","",Boshqaruv!F39) -> 0 | AC4: =IF(Boshqaruv!F40="","",Boshqaruv!F40) -> 0 | AD4: =IF(Boshqaruv!F41="","",Boshqaruv!F41) -> 0 | AE4: =IF(Boshqaruv!F42="","",Boshqaruv!F42) -> 0 | AF4: =IF(Boshqaruv!F43="","",Boshqaruv!F43) -> 0
