Workbook

Sheet Yoriqnoma
A1: YO‘RIQNOMA / ИНСТРУКЦИЯ — Vrach-pediatr
A2: Врач-педиатр
A3: MAXFIY / КОНФИДЕНЦИАЛЬНО — bu fayl shaxsiy va tibbiy ma’lumotlarni saqlaydi (shifokorlik siri). Faqat o‘zingizda saqlang, parol qo‘ying; o‘rinbosarga FAQAT «Chop_etish» varag‘i (qog‘oz) va «Eksport» qatori (yig‘ma sonlar) topshiriladi. / Файл хранит персональные и медицинские данные (врачебная тайна). Храните у себя, поставьте пароль; заместителю сдаются ТОЛЬКО лист «Chop_etish» (бумага) и строка «Eksport» (агрегаты).
B4: Kim to‘ldiradi / Кто заполняет | C4: Vrach-pediatr / Врач-педиатр
B5: Kimga topshiriladi / Кому сдаётся | C5: Birlashma boshlig'ining onalik va bolalikni muhofaza qilish bo'yicha o'rinbosari / Заместитель начальника объединения по охране материнства и детства
B6: Muddat / Срок | C6: Har oyning 5-sanasigacha, soat 17:00 gacha / до 5-го числа каждого месяца, до 17:00
B7: Papkalar / Папки | C7: № 3, 5
A9: 1. Qanday ishlash kerak / Как работать
A10: № | B10: Qadam / Шаг | C10: O‘zbekcha (lotin) | D10: Русский
A11: 1 | B11: Bolalar ro‘yxatini tuzing | C11: Uchastkadagi har bir bolani «Bolalar»ga bir marta yozing (F.I.Sh., tug‘ilgan sana, ona). Dispanser va sog‘lomlashtirish ham shu yerda. | D11: Внесите каждого ребёнка участка в «Bolalar» один раз (ФИО, дата рождения, мать). Диспансер и оздоровление — там же.
A12: 2 | B12: Boshqa jurnallarda bolani tanlang | C12: Kasallanish, o‘lim, patronaj, profilaktik ko‘rik — bolani ro‘yxatdan tanlang; yosh va guruhlar o‘zi hisoblanadi. | D12: Заболеваемость, смерть, патронаж, профосмотр — выберите ребёнка из списка; возраст и группы считаются сами.
A13: 3 | B13: Chaqaloqlar patronaji | C13: «Yangi_tugilgan»da tug‘ruqxonadan chiqish va 1-patronaj sanasini yozing — muddat o‘zi tekshiriladi; muddati o‘tganlar qizil bo‘ladi. | D13: В «Yangi_tugilgan» укажите дату выписки и дату 1-го патронажа — срок проверяется сам; просроченные станут красными.
A14: 4 | B14: «Boshqaruv» varag‘i | C14: Davr boshi va oxirini (C9, C10), muassasa va F.I.Sh.ni kiriting. Ko‘rsatkichlar jurnallardan o‘zi hisoblanadi; sariq ko‘rsatkichlarni qo‘lda kiriting. «TAYYORLIK» qatori «✔ TAYYOR» bo‘lishi kerak. | D14: Введите начало и конец периода (C9, C10), учреждение и ФИО. Показатели считаются сами из журналов; жёлтые показатели введите вручную. Строка «ГОТОВНОСТЬ» должна показать «✔ ГОТОВО».
A15: 5 | B15: «Chop_etish» varag‘i | C15: A4 qog‘ozga bir bet qilib chop eting, «Tayyorladi»ga imzo qo‘ying, rahbarga imzolating, M.O. joyiga muhr bosdiring. Qog‘ozdagi raqamlar Excel bilan bir xil bo‘lsin. | D15: Распечатайте на одном листе А4, подпишите («Подготовил(а)»), заверьте у руководителя и поставьте печать в поле М.П. Цифры на бумаге должны совпадать с Excel.
A16: 6 | B16: «Eksport» qatori va yuborish | C16: «Eksport» varag‘ining 4-qatori — yig‘ma sonlar (shaxsiy ma’lumotsiz). Faylni EMAS, faqat shu qatorni (yoki «Chop_etish»ni) yuboring. Fayl nomi: Rol_Muassasa_Davr.xlsx. | D16: Строка 4 листа «Eksport» — агрегированные числа (без персональных данных). Отправляйте не файл, а только эту строку (или «Chop_etish»). Имя файла: Роль_Учреждение_Период.xlsx.
A18: 2. Varaqlar va jurnallar / Листы и журналы
A19: № | B19: Varaq / Лист | C19: Nima uchun / Для чего (uz) | D19: Для чего (ru)
A20: 1 | B20: Bolalar | C20: Uchastka bolalari: yoshi (avto), hisobda turishi, dispanser, sog‘lomlashtirilgan sana. Ko‘rsatkichlar 1, 5, 6. Boshqa jurnallarda bola shu ro‘yxatdan tanlanadi. | D20: Дети участка: возраст (авто), учёт, диспансер, дата оздоровления. Показатели 1, 5, 6. В других журналах ребёнок выбирается из этого списка.
A21: 2 | B21: Kasallanish | C21: Bolalar kasallanishi: 5 yoshgacha (ko‘rsatkich 2) va 0–17 yosh (12). | D21: Заболеваемость детей: до 5 лет (показатель 2) и 0–17 лет (12).
A22: 3 | B22: Olim_bolalar | C22: 5 yoshgacha (ko‘rsatkich 3) va 0–17 yosh (13) bolalar o‘limi. | D22: Смертность детей до 5 лет (показатель 3) и 0–17 лет (13).
A23: 4 | B23: Yangi_tugilgan | C23: Chaqaloqlarning 1-patronaji: tug‘ruqxonadan chiqqach muddat ichida qamrab olinganmi (ko‘rsatkichlar 4 va 10). | D23: Первый патронаж новорождённых: охвачены ли в срок после выписки (показатели 4 и 10).
A24: 5 | B24: Patronaj_0_5 | C24: 0–5 yoshli bolalarning patronaj tashriflari (ko‘rsatkich 11; chaqaloqlarning 1-patronaji «Yangi_tugilgan»dan qo‘shiladi). | D24: Патронажные визиты к детям 0–5 лет (показатель 11; первый патронаж новорождённых добавляется из «Yangi_tugilgan»).
A25: 6 | B25: Emlash | C25: Emlash rejasi va bajarilishi: rejadagi bolalar, emlanganlar, qamrov (hammasi bolalar bo‘yicha), 2 yoshgacha va 7–17 yosh kesimida. | D25: План и выполнение прививок: плановые, привитые, охват (по детям), в разрезе до 2 лет и 7–17 лет.
A26: 7 | B26: Profilaktik_korik | C26: Profilaktik ko‘rikdan o‘tgan bolalar va o‘smirlar (ko‘rsatkich 14). | D26: Дети и подростки, прошедшие профилактический осмотр (показатель 14).
A27: 8 | B27: Skrining_bolalar | C27: Gelmintoz (2–10) va onkogematologik (2–18) skrining — ko‘rsatkichlar 15, 16. | D27: Гельминтозы (2–10) и онкогематологический скрининг (2–18) — показатели 15, 16.
A28: 9 | B28: Boshqaruv | C28: Davr, ko‘rsatkichlar (avto), tekshiruvlar, tayyorlik. | D28: Период, показатели (авто), проверки, готовность.
A29: 10 | B29: Hujjatlar | C29: Topshiriladigan hujjatlar ro‘yxati va ularning holati. | D29: Перечень сдаваемых документов и их статус.
A30: 11 | B30: Chop_etish | C30: Qog‘oz nusxa (imzo va muhr uchun). | D30: Бумажный экземпляр (для подписи и печати).
A31: 12 | B31: Eksport | C31: O‘rinbosarga yuboriladigan bir qator. | D31: Строка для отправки заместителю.
A33: 3. Qoidalar / Правила
A34: № | B34: Qoida / Правило | C34: O‘zbekcha (lotin) | D34: Русский
A35: 1 | B35: Ranglar | C35: Sariq katak — kiritiladi. Yashil — avtomatik (tegmang). Kulrang — yordamchi ustun. Qizil — xato/muddat o‘tgan. Ustun sarlavhasi: ko‘k — kiritish, yashil — avtomatik. | D35: Жёлтая — ввод. Зелёная — авто (не трогать). Серая — вспомогательная. Красная — ошибка/просрочка. Заголовок: синий — ввод, зелёный — авто.
A36: 2 | B36: Bir marta yozing | C36: Har bir shaxs/hodisa bitta qatorga yoziladi; takror yozuv qizil bo‘ladi. Sanani kun.oy.yil ko‘rinishida kiriting. | D36: Каждый человек/событие — одна строка; дубль подсвечивается красным. Даты вводите как дд.мм.гггг.
A37: 3 | B37: Tashxis va xavf | C37: Tashxis va xavf sababini faqat davolovchi shifokor hujjatidan (karta, xulosa) ko‘chiring — o‘zingizdan yozmang; hujjat raqamini ham yozing. | D37: Диагноз и причину риска переписывайте только из документа лечащего врача (карта, заключение), не от себя; укажите № документа.
A38: 4 | B38: Maxfiylik | C38: Fayl faqat sizda; guruhga yubormang. PINFL — 14 ta raqam, «PINFL» ustuniga; faylni parol bilan himoyalang. Yig‘ma ma’lumot — «Eksport» va «Chop_etish». | D38: Файл только у вас; в группы не отправлять. ПИНФЛ — 14 цифр, в столбец «ПИНФЛ»; защитите файл паролем. Агрегаты — «Eksport» и «Chop_etish».
A39: 5 | B39: Nusxa | C39: Har oy oxirida faylning zaxira nusxasini saqlang (Fayl → Boshqacha saqlash). | D39: В конце каждого месяца сохраняйте резервную копию файла.
A40: 6 | B40: Eng ko‘p xatolar | C40: Sanani matn qilib yozish; yashil katakni o‘zgartirish; ro‘yxatdan tashqari qiymat; davrni (C9, C10) kiritmaslik; qog‘oz va Excel raqamlari mos kelmasligi; imzo/muhrsiz topshirish. | D40: Дата текстом; правка зелёных ячеек; значение не из списка; не введён период (C9, C10); цифры на бумаге и в Excel не совпадают; сдача без подписи/печати.

Sheet Boshqaruv
A1: BOSHQARUV VA KO‘RSATKICHLAR / УПРАВЛЕНИЕ И ПОКАЗАТЕЛИ — Vrach-pediatr
A2: Врач-педиатр
A3: Bu yerda faqat davr va ma’lumotlarni kiriting; ko‘rsatkichlar jurnallardan O‘ZI hisoblanadi (yashil). Sariq katak — qo‘lda kiritiladi. / Здесь вводятся период и реквизиты; показатели считаются САМИ из журналов (зелёные). Жёлтая ячейка — вводится вручную.
B5: Muassasa (nomi, №) / Учреждение | C5: СВП №3 (тест)
B6: F.I.Sh. (to‘ldiruvchi) / Ф.И.О. (заполняющий) | C6: Детская Тест Ольга
B7: Lavozimi / Должность | C7: Vrach-pediatr / Врач-педиатр
B8: Telefon / Телефон | C8: +998900000003
B9: Davr boshi (sana) / Начало периода (дата) | C9: 46266 | D9: ← masalan / напр.: 01.09.2026
B10: Davr oxiri (sana) / Конец периода (дата) | C10: 46295 | D10: ← masalan / напр.: 30.09.2026
B11: Davr (avto) / Период (авто) | C11: =IF(OR(C9="",C10=""),"",DAY(C9)&"."&MONTH(C9)&"."&YEAR(C9)&" – "&DAY(C10)&"."&MONTH(C10)&"."&YEAR(C10)) -> 1.9.2026 – 30.9.2026
B12: Hisob sanasi (avto: davr oxiri, bo‘sh bo‘lsa — bugun) / Дата расчёта (авто: конец периода, иначе сегодня) | C12: =IF(C10="",TODAY(),C10) -> 46295
B13: TAYYORLIK / ГОТОВНОСТЬ | C13: =IF(IF(OR(C9="",C10=""),"davrni kiriting (C9, C10); ","")&IF(AND(C9<>"",C10<>"",C10<C9),"davr oxiri boshidan oldin; ","")&IF(OR(C5="",C6=""),"muassasa va F.I.Sh.; ","")&IF(SUM(D36,D37,D38,D39,D40,D43,D44,D45,D46,D48,D50,D51)>0,"jurnallarda xatolar bor (pastga qarang); ","")="","✔ TAYYOR / ГОТОВО","✖ TO‘LIQ EMAS / НЕ ПОЛНО: "&IF(OR(C9="",C10=""),"davrni kiriting (C9, C10); ","")&IF(AND(C9<>"",C10<>"",C10<C9),"davr oxiri boshidan oldin; ","")&IF(OR(C5="",C6=""),"muassasa va F.I.Sh.; ","")&IF(SUM(D36,D37,D38,D39,D40,D43,D44,D45,D46,D48,D50,D51)>0,"jurnallarda xatolar bor (pastga qarang); ","")) -> ✔ TAYYOR / ГОТОВО
B14: HUJJATLAR / ДОКУМЕНТЫ | C14: =IF(COUNTBLANK(Hujjatlar!E5:E9)=0,"✔ Hammasi belgilangan / Всё отмечено","✖ Hujjatlar varag‘ida belgilanmagan: "&COUNTBLANK(Hujjatlar!E5:E9)&" ta") -> ✖ Hujjatlar varag‘ida belgilanmagan: 5 ta
A16: T/r | B16: Ko‘rsatkich | C16: Показатель | D16: Birlik | E16: Papka | F16: Qiymat / Значение | G16: Manba / Источник и как считается
A17: 1 | B17: 0–14 yoshdagi bolalar soni | C17: Число детей 0–14 лет | D17: nafar | E17: 3 | F17: =IF(OR(Boshqaruv!$C$9="",Boshqaruv!$C$10=""),"",COUNTIFS(Bolalar!$N$5:$N$1804,"Ha",Bolalar!$K$5:$K$1804,"Ha")) -> 6 | G17: AVTOMATIK: «Bolalar»: hisobda va 0–14 yosh (davr oxiriga). / АВТОМАТИЧЕСКИ: «Bolalar»: на учёте и 0–14 лет (на конец периода).
A18: 2 | B18: 5 yoshgacha bolalar kasallanishi | C18: Заболеваемость детей до 5 лет | D18: ta | E18: 3 | F18: =IF(OR(Boshqaruv!$C$9="",Boshqaruv!$C$10=""),"",COUNTIFS(Kasallanish!$B$5:$B$2504,">="&Boshqaruv!$C$9,Kasallanish!$B$5:$B$2504,"<="&Boshqaruv!$C$10,Kasallanish!$H$5:$H$2504,"Ha")) -> 0 | G18: AVTOMATIK: «Kasallanish»: 5 yoshgacha, davrda. / АВТОМАТИЧЕСКИ: «Kasallanish»: до 5 лет, за период.
A19: 3 | B19: 5 yoshgacha bolalar o'limi | C19: Смертность детей до 5 лет | D19: ta | E19: 3 | F19: =IF(OR(Boshqaruv!$C$9="",Boshqaruv!$C$10=""),"",COUNTIFS(Olim_bolalar!$B$5:$B$104,">="&Boshqaruv!$C$9,Olim_bolalar!$B$5:$B$104,"<="&Boshqaruv!$C$10,Olim_bolalar!$H$5:$H$104,"Ha")) -> 0 | G19: AVTOMATIK: «Olim_bolalar»: 5 yoshgacha. / АВТОМАТИЧЕСКИ: «Olim_bolalar»: до 5 лет.
A20: 4 | B20: Yangi tug'ilganlarni patronaj bilan qamrab olish | C20: Охват новорождённых патронажем | D20: nafar | E20: 3 | F20: =IF(OR(Boshqaruv!$C$9="",Boshqaruv!$C$10=""),"",COUNTIFS(Yangi_tugilgan!$I$5:$I$604,">="&Boshqaruv!$C$9,Yangi_tugilgan!$I$5:$I$604,"<="&Boshqaruv!$C$10,Yangi_tugilgan!$B$5:$B$604,"<>")) -> 0 | G20: AVTOMATIK: «Yangi_tugilgan»: 1-patronaj sanasi davrda. / АВТОМАТИЧЕСКИ: «Yangi_tugilgan»: дата 1-го патронажа в периоде.
A21: 5 | B21: Dispanser hisobidagi bolalar | C21: Дети на диспансерном учёте | D21: nafar | E21: 3 | F21: =IF(OR(Boshqaruv!$C$9="",Boshqaruv!$C$10=""),"",COUNTIFS(Bolalar!$T$5:$T$1804,"Ha")) -> 0 | G21: AVTOMATIK: «Bolalar»: dispanser hisobida (davr oxiriga). / АВТОМАТИЧЕСКИ: «Bolalar»: на диспансерном учёте (на конец периода).
A22: 6 | B22: Sog'lomlashtirilgan bolalar | C22: Оздоровлено детей | D22: nafar | E22: 3 | F22: =IF(OR(Boshqaruv!$C$9="",Boshqaruv!$C$10=""),"",COUNTIFS(Bolalar!$U$5:$U$1804,">="&Boshqaruv!$C$9,Bolalar!$U$5:$U$1804,"<="&Boshqaruv!$C$10,Bolalar!$B$5:$B$1804,"<>")) -> 0 | G22: AVTOMATIK: «Bolalar»: sog‘lomlashtirilgan sana davrda. / АВТОМАТИЧЕСКИ: «Bolalar»: дата оздоровления в периоде.
A23: 7 | B23: Emlanishi kerak bo'lgan bolalar (reja) | C23: Подлежит прививкам (план) | D23: nafar | E23: 5 | F23: =IF(OR(Boshqaruv!$C$9="",Boshqaruv!$C$10=""),"",COUNTIFS(Emlash!$Q$5:$Q$2004,1)) -> 0 | G23: AVTOMATIK: «Emlash»: davrda rejadagi bolalar (har bir bola bir marta). / АВТОМАТИЧЕСКИ: «Emlash»: плановые дети за период (каждый ребёнок один раз).
A24: 8 | B24: Emlangan bolalar | C24: Привито детей | D24: nafar | E24: 5 | F24: =IF(OR(Boshqaruv!$C$9="",Boshqaruv!$C$10=""),"",COUNTIFS(Emlash!$R$5:$R$2004,1)) -> 0 | G24: AVTOMATIK: Rejadagilardan emlanganlar (bolalar). / АВТОМАТИЧЕСКИ: Из плановых — привитые (дети).
A25: 9 | B25: Emlash qamrovi | C25: Охват прививками | D25: % | E25: 5 | F25: =IF(OR(Boshqaruv!$C$9="",Boshqaruv!$C$10=""),"",IF(N($F$23)=0,"",$F$24/$F$23)) | G25: AVTOMATIK: 8-qator / 7-qator. / АВТОМАТИЧЕСКИ: Строка 8 / строка 7.
A26: 10 | B26: 3 kun ichida patronaj bilan qamrab olingan chaqaloqlar (tug‘ruqxonadan chiqqach) | C26: Новорождённые, охваченные патронажем в течение 3 дней после выписки | D26: nafar | E26: 3 | F26: =IF(OR(Boshqaruv!$C$9="",Boshqaruv!$C$10=""),"",COUNTIFS(Yangi_tugilgan!$I$5:$I$604,">="&Boshqaruv!$C$9,Yangi_tugilgan!$I$5:$I$604,"<="&Boshqaruv!$C$10,Yangi_tugilgan!$K$5:$K$604,"Ha")) -> 0 | G26: AVTOMATIK: «Yangi_tugilgan»: chiqqandan keyin ≤ patronaj muddati (Spravochnik: kun). / АВТОМАТИЧЕСКИ: «Yangi_tugilgan»: ≤ срока патронажа после выписки (параметр: дни). [Asos: 178-son buyruq (2023), reyting mezonlari]
A27: 11 | B27: 0–5 yoshli bolalar patronaj bilan qamrab olinganlar | C27: Дети 0–5 лет, охваченные патронажем | D27: nafar | E27: 3 | F27: =IF(OR(Boshqaruv!$C$9="",Boshqaruv!$C$10=""),"",COUNTIFS(Patronaj_0_5!$K$5:$K$2504,1)+COUNTIFS(Yangi_tugilgan!$O$5:$O$604,1)) -> 0 | G27: AVTOMATIK: «Patronaj_0_5» (har bir bola 1 marta) + «Yangi_tugilgan»da 1-patronaji bor, lekin patronaj jurnalida yo‘q chaqaloqlar. / АВТОМАТИЧЕСКИ: «Patronaj_0_5» (каждый ребёнок 1 раз) + новорождённые с 1-м патронажем, которых нет в журнале патронажа. [Asos: 178-son buyruq (2023), reyting mezonlari]
A28: 12 | B28: [Voyaga yetmaganlar] 0–17 yoshdagi bolalar kasallanishi | C28: [Несовершеннолетние] Заболеваемость детей 0–17 лет | D28: ta | E28: 3 | F28: =IF(OR(Boshqaruv!$C$9="",Boshqaruv!$C$10=""),"",COUNTIFS(Kasallanish!$B$5:$B$2504,">="&Boshqaruv!$C$9,Kasallanish!$B$5:$B$2504,"<="&Boshqaruv!$C$10,Kasallanish!$I$5:$I$2504,"Ha")) -> 0 | G28: AVTOMATIK: «Kasallanish»: 0–17 yosh, davrda. / АВТОМАТИЧЕСКИ: «Kasallanish»: 0–17 лет, за период. [Asos: 363-son buyruq (2020), tibbiy hisob shakllari]
A29: 13 | B29: [Voyaga yetmaganlar] 0–17 yoshdagi bolalar o‘limi | C29: [Несовершеннолетние] Смертность детей 0–17 лет | D29: ta | E29: 3 | F29: =IF(OR(Boshqaruv!$C$9="",Boshqaruv!$C$10=""),"",COUNTIFS(Olim_bolalar!$B$5:$B$104,">="&Boshqaruv!$C$9,Olim_bolalar!$B$5:$B$104,"<="&Boshqaruv!$C$10,Olim_bolalar!$I$5:$I$104,"Ha")) -> 0 | G29: AVTOMATIK: «Olim_bolalar»: 0–17 yosh. / АВТОМАТИЧЕСКИ: «Olim_bolalar»: 0–17 лет. [Asos: 363-son buyruq (2020), tibbiy hisob shakllari]
A30: 14 | B30: [Voyaga yetmaganlar] Profilaktik ko‘rikdan o‘tgan bolalar va o‘smirlar | C30: [Несовершеннолетние] Прошли профилактический осмотр дети и подростки | D30: nafar | E30: 3 | F30: =IF(OR(Boshqaruv!$C$9="",Boshqaruv!$C$10=""),"",COUNTIFS(Profilaktik_korik!$J$5:$J$2504,1)) -> 0 | G30: AVTOMATIK: «Profilaktik_korik»: ko‘rikdan o‘tgan bolalar (har biri 1 marta). / АВТОМАТИЧЕСКИ: «Profilaktik_korik»: осмотренные дети (каждый 1 раз). [Asos: 3-XS buyrug‘i (2024), BTSY yondashuvlari]
A31: 15 | B31: [Voyaga yetmaganlar] 2–10 yoshli bolalar gelmintoz skriningi | C31: [Несовершеннолетние] Скрининг гельминтозов у детей 2–10 лет | D31: nafar | E31: 3 | F31: =IF(OR(Boshqaruv!$C$9="",Boshqaruv!$C$10=""),"",COUNTIFS(Skrining_bolalar!$B$5:$B$2504,">="&Boshqaruv!$C$9,Skrining_bolalar!$B$5:$B$2504,"<="&Boshqaruv!$C$10,Skrining_bolalar!$J$5:$J$2504,"Gelmintoz",Skrining_bolalar!$K$5:$K$2504,"Ha")) -> 0 | G31: AVTOMATIK: «Skrining_bolalar»: gelmintoz, 2–10 yosh. / АВТОМАТИЧЕСКИ: «Skrining_bolalar»: гельминтозы, 2–10 лет. [Asos: 47-T buyrug‘i (Surxondaryo, 2024), skrining shtabi]
A32: 16 | B32: [Voyaga yetmaganlar] 2–18 yoshli bolalar onkogematologik skriningi | C32: [Несовершеннолетние] Онкогематологический скрининг детей 2–18 лет | D32: nafar | E32: 3 | F32: =IF(OR(Boshqaruv!$C$9="",Boshqaruv!$C$10=""),"",COUNTIFS(Skrining_bolalar!$B$5:$B$2504,">="&Boshqaruv!$C$9,Skrining_bolalar!$B$5:$B$2504,"<="&Boshqaruv!$C$10,Skrining_bolalar!$J$5:$J$2504,"Onkogematologik",Skrining_bolalar!$K$5:$K$2504,"Ha")) -> 0 | G32: AVTOMATIK: «Skrining_bolalar»: onkogematologik, 2–18 yosh. / АВТОМАТИЧЕСКИ: «Skrining_bolalar»: онкогематологический, 2–18 лет. [Asos: 47-T buyrug‘i (Surxondaryo, 2024), skrining shtabi]
A34: TEKSHIRUV / ПРОВЕРКА MA’LUMOT SIFATI
B35: Tekshiruv | C35: Проверка | D35: Soni | F35: Holat | G35: Nima qilish kerak / Что делать
B36: Tug‘ilgan sanasi yo‘q — Bolalar | C36: Нет даты рождения — Bolalar | D36: =COUNTIFS(Bolalar!$B$5:$B$1804,"<>",Bolalar!$C$5:$C$1804,"") -> 0 | F36: =IF(N(D36)=0,"✔ OK",IF("err"="err","✖ XATO / ОШИБКА","⚠ DIQQAT / ВНИМАНИЕ")) -> ✔ OK | G36: Sanani kiriting / Введите дату
B37: Dispanser = Ha, lekin diagnoz yo‘q | C37: Диспансер = Ha, но нет диагноза | D37: =COUNTIFS(Bolalar!$P$5:$P$1804,"Ha",Bolalar!$Q$5:$Q$1804,"") -> 0 | F37: =IF(N(D37)=0,"✔ OK",IF("err"="err","✖ XATO / ОШИБКА","⚠ DIQQAT / ВНИМАНИЕ")) -> ✔ OK | G37: Diagnozni hujjat bo‘yicha yozing / Впишите диагноз по документу
B38: Takror yozuvlar — Bolalar | C38: Дубли — Bolalar | D38: =COUNTIF(Bolalar!$W$5:$W$1804,"Takror") -> 0 | F38: =IF(N(D38)=0,"✔ OK",IF("err"="err","✖ XATO / ОШИБКА","⚠ DIQQAT / ВНИМАНИЕ")) -> ✔ OK | G38: Qizil qatorni toping va takrorni o‘chiring / Найдите красные строки и удалите дубль
B39: Sanasi yo‘q yozuvlar — Kasallanish | C39: Записи без даты — Kasallanish | D39: =COUNTIFS(Kasallanish!$C$5:$C$2504,"<>",Kasallanish!$B$5:$B$2504,"") -> 0 | F39: =IF(N(D39)=0,"✔ OK",IF("err"="err","✖ XATO / ОШИБКА","⚠ DIQQAT / ВНИМАНИЕ")) -> ✔ OK | G39: Sanani kiriting / Введите дату
B40: Sanasi yo‘q yozuvlar — Olim_bolalar | C40: Записи без даты | D40: =COUNTIFS(Olim_bolalar!$C$5:$C$104,"<>",Olim_bolalar!$B$5:$B$104,"") -> 0 | F40: =IF(N(D40)=0,"✔ OK",IF("err"="err","✖ XATO / ОШИБКА","⚠ DIQQAT / ВНИМАНИЕ")) -> ✔ OK | G40: Sanani kiriting / Введите дату
B41: Muddatida patronaj qilinmagan chaqaloqlar | C41: Новорождённые без патронажа в срок | D41: =COUNTIF(Yangi_tugilgan!$L$5:$L$604,"Ha") -> 0 | F41: =IF(N(D41)=0,"✔ OK",IF("warn"="err","✖ XATO / ОШИБКА","⚠ DIQQAT / ВНИМАНИЕ")) -> ✔ OK | G41: Qizil qatorlar: tezda tashrif / Красные строки: срочно посетить
B42: Chiqish sanasi yo‘q — Yangi_tugilgan | C42: Нет даты выписки | D42: =COUNTIFS(Yangi_tugilgan!$B$5:$B$604,"<>",Yangi_tugilgan!$H$5:$H$604,"") -> 0 | F42: =IF(N(D42)=0,"✔ OK",IF("warn"="err","✖ XATO / ОШИБКА","⚠ DIQQAT / ВНИМАНИЕ")) -> ✔ OK | G42: Sanani kiriting / Введите дату
B43: Takror yozuvlar — Yangi_tugilgan | C43: Дубли — Yangi_tugilgan | D43: =COUNTIF(Yangi_tugilgan!$N$5:$N$604,"Takror") -> 0 | F43: =IF(N(D43)=0,"✔ OK",IF("err"="err","✖ XATO / ОШИБКА","⚠ DIQQAT / ВНИМАНИЕ")) -> ✔ OK | G43: Qizil qatorni toping va takrorni o‘chiring / Найдите красные строки и удалите дубль
B44: Sanasi yo‘q — Patronaj_0_5 | C44: Нет даты — Patronaj_0_5 | D44: =COUNTIFS(Patronaj_0_5!$C$5:$C$2504,"<>",Patronaj_0_5!$B$5:$B$2504,"") -> 0 | F44: =IF(N(D44)=0,"✔ OK",IF("err"="err","✖ XATO / ОШИБКА","⚠ DIQQAT / ВНИМАНИЕ")) -> ✔ OK | G44: Sanani kiriting / Введите дату
B45: Reja sanasi yo‘q yozuvlar — Emlash | C45: Нет плановой даты — Emlash | D45: =COUNTIFS(Emlash!$B$5:$B$2004,"<>",Emlash!$J$5:$J$2004,"") -> 0 | F45: =IF(N(D45)=0,"✔ OK",IF("err"="err","✖ XATO / ОШИБКА","⚠ DIQQAT / ВНИМАНИЕ")) -> ✔ OK | G45: Reja sanasini kiriting / Введите плановую дату
B46: Tug‘ilgan sana yo‘q — Emlash | C46: Нет даты рождения — Emlash | D46: =COUNTIFS(Emlash!$B$5:$B$2004,"<>",Emlash!$C$5:$C$2004,"") -> 0 | F46: =IF(N(D46)=0,"✔ OK",IF("err"="err","✖ XATO / ОШИБКА","⚠ DIQQAT / ВНИМАНИЕ")) -> ✔ OK | G46: Sanani kiriting / Введите дату
B47: Muddati o‘tgan, emlanmagan bolalar | C47: Просроченные, непривитые дети | D47: =SUM(Emlash!$S$5:$S$2004) -> 0 | F47: =IF(N(D47)=0,"✔ OK",IF("warn"="err","✖ XATO / ОШИБКА","⚠ DIQQAT / ВНИМАНИЕ")) -> ✔ OK | G47: Qizil qatorlar: ota-onaga bog‘laning / Красные строки: свяжитесь с родителями
B48: Sanasi yo‘q — Profilaktik_korik | C48: Нет даты — Profilaktik_korik | D48: =COUNTIFS(Profilaktik_korik!$C$5:$C$2504,"<>",Profilaktik_korik!$B$5:$B$2504,"") -> 0 | F48: =IF(N(D48)=0,"✔ OK",IF("err"="err","✖ XATO / ОШИБКА","⚠ DIQQAT / ВНИМАНИЕ")) -> ✔ OK | G48: Sanani kiriting / Введите дату
B49: Yoshi mos kelmaydigan skrininglar (sanalmaydi) | C49: Скрининги не по возрасту (не засчитываются) | D49: =COUNTIF(Skrining_bolalar!$K$5:$K$2504,"Yo'q") -> 0 | F49: =IF(N(D49)=0,"✔ OK",IF("warn"="err","✖ XATO / ОШИБКА","⚠ DIQQAT / ВНИМАНИЕ")) -> ✔ OK | G49: Sanalarni tekshiring / Проверьте даты
B50: Tug‘ilgan sanasi yo‘q — Skrining_bolalar | C50: Нет даты рождения — Skrining_bolalar | D50: =COUNTIFS(Skrining_bolalar!$C$5:$C$2504,"<>",Skrining_bolalar!$D$5:$D$2504,"") -> 0 | F50: =IF(N(D50)=0,"✔ OK",IF("err"="err","✖ XATO / ОШИБКА","⚠ DIQQAT / ВНИМАНИЕ")) -> ✔ OK | G50: Sanani kiriting / Введите дату
B51: Takror yozuvlar — Skrining_bolalar | C51: Дубли — Skrining_bolalar | D51: =COUNTIF(Skrining_bolalar!$N$5:$N$2504,"Takror") -> 0 | F51: =IF(N(D51)=0,"✔ OK",IF("err"="err","✖ XATO / ОШИБКА","⚠ DIQQAT / ВНИМАНИЕ")) -> ✔ OK | G51: Qizil qatorni toping va takrorni o‘chiring / Найдите красные строки и удалите дубль

Sheet Bolalar
A1: BOLALAR RO‘YXATI / СПИСОК ДЕТЕЙ УЧАСТКА (pediatr)
A2: Uchastkadagi har bir bola bir marta yoziladi. Dispanser va sog‘lomlashtirish ham shu yerda. / Каждый ребёнок участка вносится один раз. Диспансер и оздоровление — здесь же.
A3: MAXFIY / КОНФИДЕНЦИАЛЬНО — shaxsiy va tibbiy ma’lumotlar (shifokorlik siri). Faylni parol bilan himoyalang, ochiq guruhlarga yubormang. / Персональные и медицинские данные (врачебная тайна). Защитите файл паролем, не отправляйте в открытые группы.
A4: № | B4: Bola F.I.Sh. Ф.И.О. ребёнка | C4: Tug‘ilgan sana Дата рождения | D4: PINFL (14 raqam) ПИНФЛ (14 цифр) | E4: Jinsi Пол | F4: Ona / vakil F.I.Sh. Мать / представитель | G4: Telefon Телефон | H4: Mahalla Махалля | I4: Yorliq (avto) — boshqa varaqlarda tanlanadi Метка (авто) | J4: Yosh (avto, davr oxiriga) Возраст (на конец периода) | K4: 0–14 yosh? (avto) 0–14 лет? | L4: Kuzatuvga olingan sana (ixtiyoriy) Дата взятия под наблюдение (необяз.) | M4: Chiqish sanasi (ko‘chdi / vafot) Дата выбытия | N4: Hisobda? (avto) На учёте? (авто) | O4: Sog‘lomlik guruhi Группа здоровья | P4: Dispanser hisobidami? На диспансерном учёте? | Q4: Dispanser diagnozi (hujjat bo‘yicha) Диагноз диспансерного учёта (по документам) | R4: Dispanserga olingan sana Дата взятия на диспансер | S4: Dispanserdan chiqarilgan sana Дата снятия с диспансера | T4: Dispanser hisobida (avto) На диспансере (авто) | U4: Sog‘lomlashtirilgan sana Дата оздоровления | V4: Izoh Примечание | W4: Takror? (avto) Дубль?
A5: 1 | B5: Детский Тест 0 Иванович | C5: 45296 | D5: 31000000000000 | E5: +998910000000 | I5: =IF(OR($B5="",$C5=""),"",$B5&" ("&DAY($C5)&"."&MONTH($C5)&"."&YEAR($C5)&")") -> Детский Тест 0 Иванович (5.1.2024) | J5: =IF($C5="","",INT((Boshqaruv!$C$12-$C5)/365.25)) -> 2 | K5: =IF($J5="","",IF($J5<=14,"Ha","Yo'q")) -> Ha | N5: =IF($B5="","",IF(AND(OR($L5="",$L5<=Boshqaruv!$C$12),OR($M5="",$M5>Boshqaruv!$C$12)),"Ha","")) -> Ha | T5: =IF($B5="","",IF(AND($P5="Ha",$N5="Ha",OR($R5="",$R5<=Boshqaruv!$C$12),OR($S5="",$S5>Boshqaruv!$C$12)),"Ha","")) | W5: =IF(OR($B5="",$C5=""),"",IF(COUNTIFS($B$5:$B$1804,$B5,$C$5:$C$1804,$C5)>1,"Takror",""))
A6: 2 | B6: Детский Тест 1 Иванович | C6: 45327 | D6: 31000000000001 | E6: +998910000001 | I6: =IF(OR($B6="",$C6=""),"",$B6&" ("&DAY($C6)&"."&MONTH($C6)&"."&YEAR($C6)&")") -> Детский Тест 1 Иванович (5.2.2024) | J6: =IF($C6="","",INT((Boshqaruv!$C$12-$C6)/365.25)) -> 2 | K6: =IF($J6="","",IF($J6<=14,"Ha","Yo'q")) -> Ha | N6: =IF($B6="","",IF(AND(OR($L6="",$L6<=Boshqaruv!$C$12),OR($M6="",$M6>Boshqaruv!$C$12)),"Ha","")) -> Ha | T6: =IF($B6="","",IF(AND($P6="Ha",$N6="Ha",OR($R6="",$R6<=Boshqaruv!$C$12),OR($S6="",$S6>Boshqaruv!$C$12)),"Ha","")) | W6: =IF(OR($B6="",$C6=""),"",IF(COUNTIFS($B$5:$B$1804,$B6,$C$5:$C$1804,$C6)>1,"Takror",""))
A7: 3 | B7: Детский Тест 2 Иванович | C7: 45356 | D7: 31000000000002 | E7: +998910000002 | I7: =IF(OR($B7="",$C7=""),"",$B7&" ("&DAY($C7)&"."&MONTH($C7)&"."&YEAR($C7)&")") -> Детский Тест 2 Иванович (5.3.2024) | J7: =IF($C7="","",INT((Boshqaruv!$C$12-$C7)/365.25)) -> 2 | K7: =IF($J7="","",IF($J7<=14,"Ha","Yo'q")) -> Ha | N7: =IF($B7="","",IF(AND(OR($L7="",$L7<=Boshqaruv!$C$12),OR($M7="",$M7>Boshqaruv!$C$12)),"Ha","")) -> Ha | T7: =IF($B7="","",IF(AND($P7="Ha",$N7="Ha",OR($R7="",$R7<=Boshqaruv!$C$12),OR($S7="",$S7>Boshqaruv!$C$12)),"Ha","")) | W7: =IF(OR($B7="",$C7=""),"",IF(COUNTIFS($B$5:$B$1804,$B7,$C$5:$C$1804,$C7)>1,"Takror",""))
A8: 4 | B8: Детский Тест 3 Иванович | C8: 45387 | D8: 31000000000003 | E8: +998910000003 | I8: =IF(OR($B8="",$C8=""),"",$B8&" ("&DAY($C8)&"."&MONTH($C8)&"."&YEAR($C8)&")") -> Детский Тест 3 Иванович (5.4.2024) | J8: =IF($C8="","",INT((Boshqaruv!$C$12-$C8)/365.25)) -> 2 | K8: =IF($J8="","",IF($J8<=14,"Ha","Yo'q")) -> Ha | N8: =IF($B8="","",IF(AND(OR($L8="",$L8<=Boshqaruv!$C$12),OR($M8="",$M8>Boshqaruv!$C$12)),"Ha","")) -> Ha | T8: =IF($B8="","",IF(AND($P8="Ha",$N8="Ha",OR($R8="",$R8<=Boshqaruv!$C$12),OR($S8="",$S8>Boshqaruv!$C$12)),"Ha","")) | W8: =IF(OR($B8="",$C8=""),"",IF(COUNTIFS($B$5:$B$1804,$B8,$C$5:$C$1804,$C8)>1,"Takror",""))
A9: 5 | B9: Детский Тест 4 Иванович | C9: 45417 | D9: 31000000000004 | E9: +998910000004 | I9: =IF(OR($B9="",$C9=""),"",$B9&" ("&DAY($C9)&"."&MONTH($C9)&"."&YEAR($C9)&")") -> Детский Тест 4 Иванович (5.5.2024) | J9: =IF($C9="","",INT((Boshqaruv!$C$12-$C9)/365.25)) -> 2 | K9: =IF($J9="","",IF($J9<=14,"Ha","Yo'q")) -> Ha | N9: =IF($B9="","",IF(AND(OR($L9="",$L9<=Boshqaruv!$C$12),OR($M9="",$M9>Boshqaruv!$C$12)),"Ha","")) -> Ha | T9: =IF($B9="","",IF(AND($P9="Ha",$N9="Ha",OR($R9="",$R9<=Boshqaruv!$C$12),OR($S9="",$S9>Boshqaruv!$C$12)),"Ha","")) | W9: =IF(OR($B9="",$C9=""),"",IF(COUNTIFS($B$5:$B$1804,$B9,$C$5:$C$1804,$C9)>1,"Takror",""))
A10: 6 | B10: Детский Тест 5 Иванович | C10: 45448 | D10: 31000000000005 | E10: +998910000005 | I10: =IF(OR($B10="",$C10=""),"",$B10&" ("&DAY($C10)&"."&MONTH($C10)&"."&YEAR($C10)&")") -> Детский Тест 5 Иванович (5.6.2024) | J10: =IF($C10="","",INT((Boshqaruv!$C$12-$C10)/365.25)) -> 2 | K10: =IF($J10="","",IF($J10<=14,"Ha","Yo'q")) -> Ha | N10: =IF($B10="","",IF(AND(OR($L10="",$L10<=Boshqaruv!$C$12),OR($M10="",$M10>Boshqaruv!$C$12)),"Ha","")) -> Ha | T10: =IF($B10="","",IF(AND($P10="Ha",$N10="Ha",OR($R10="",$R10<=Boshqaruv!$C$12),OR($S10="",$S10>Boshqaruv!$C$12)),"Ha","")) | W10: =IF(OR($B10="",$C10=""),"",IF(COUNTIFS($B$5:$B$1804,$B10,$C$5:$C$1804,$C10)>1,"Takror",""))
A11: 7 | I11: =IF(OR($B11="",$C11=""),"",$B11&" ("&DAY($C11)&"."&MONTH($C11)&"."&YEAR($C11)&")") | J11: =IF($C11="","",INT((Boshqaruv!$C$12-$C11)/365.25)) | K11: =IF($J11="","",IF($J11<=14,"Ha","Yo'q")) | N11: =IF($B11="","",IF(AND(OR($L11="",$L11<=Boshqaruv!$C$12),OR($M11="",$M11>Boshqaruv!$C$12)),"Ha","")) | T11: =IF($B11="","",IF(AND($P11="Ha",$N11="Ha",OR($R11="",$R11<=Boshqaruv!$C$12),OR($S11="",$S11>Boshqaruv!$C$12)),"Ha","")) | W11: =IF(OR($B11="",$C11=""),"",IF(COUNTIFS($B$5:$B$1804,$B11,$C$5:$C$1804,$C11)>1,"Takror",""))
A12: 8 | I12: =IF(OR($B12="",$C12=""),"",$B12&" ("&DAY($C12)&"."&MONTH($C12)&"."&YEAR($C12)&")") | J12: =IF($C12="","",INT((Boshqaruv!$C$12-$C12)/365.25)) | K12: =IF($J12="","",IF($J12<=14,"Ha","Yo'q")) | N12: =IF($B12="","",IF(AND(OR($L12="",$L12<=Boshqaruv!$C$12),OR($M12="",$M12>Boshqaruv!$C$12)),"Ha","")) | T12: =IF($B12="","",IF(AND($P12="Ha",$N12="Ha",OR($R12="",$R12<=Boshqaruv!$C$12),OR($S12="",$S12>Boshqaruv!$C$12)),"Ha","")) | W12: =IF(OR($B12="",$C12=""),"",IF(COUNTIFS($B$5:$B$1804,$B12,$C$5:$C$1804,$C12)>1,"Takror",""))
A13: 9 | I13: =IF(OR($B13="",$C13=""),"",$B13&" ("&DAY($C13)&"."&MONTH($C13)&"."&YEAR($C13)&")") | J13: =IF($C13="","",INT((Boshqaruv!$C$12-$C13)/365.25)) | K13: =IF($J13="","",IF($J13<=14,"Ha","Yo'q")) | N13: =IF($B13="","",IF(AND(OR($L13="",$L13<=Boshqaruv!$C$12),OR($M13="",$M13>Boshqaruv!$C$12)),"Ha","")) | T13: =IF($B13="","",IF(AND($P13="Ha",$N13="Ha",OR($R13="",$R13<=Boshqaruv!$C$12),OR($S13="",$S13>Boshqaruv!$C$12)),"Ha","")) | W13: =IF(OR($B13="",$C13=""),"",IF(COUNTIFS($B$5:$B$1804,$B13,$C$5:$C$1804,$C13)>1,"Takror",""))
A14: 10 | I14: =IF(OR($B14="",$C14=""),"",$B14&" ("&DAY($C14)&"."&MONTH($C14)&"."&YEAR($C14)&")") | J14: =IF($C14="","",INT((Boshqaruv!$C$12-$C14)/365.25)) | K14: =IF($J14="","",IF($J14<=14,"Ha","Yo'q")) | N14: =IF($B14="","",IF(AND(OR($L14="",$L14<=Boshqaruv!$C$12),OR($M14="",$M14>Boshqaruv!$C$12)),"Ha","")) | T14: =IF($B14="","",IF(AND($P14="Ha",$N14="Ha",OR($R14="",$R14<=Boshqaruv!$C$12),OR($S14="",$S14>Boshqaruv!$C$12)),"Ha","")) | W14: =IF(OR($B14="",$C14=""),"",IF(COUNTIFS($B$5:$B$1804,$B14,$C$5:$C$1804,$C14)>1,"Takror",""))
A15: 11 | I15: =IF(OR($B15="",$C15=""),"",$B15&" ("&DAY($C15)&"."&MONTH($C15)&"."&YEAR($C15)&")") | J15: =IF($C15="","",INT((Boshqaruv!$C$12-$C15)/365.25)) | K15: =IF($J15="","",IF($J15<=14,"Ha","Yo'q")) | N15: =IF($B15="","",IF(AND(OR($L15="",$L15<=Boshqaruv!$C$12),OR($M15="",$M15>Boshqaruv!$C$12)),"Ha","")) | T15: =IF($B15="","",IF(AND($P15="Ha",$N15="Ha",OR($R15="",$R15<=Boshqaruv!$C$12),OR($S15="",$S15>Boshqaruv!$C$12)),"Ha","")) | W15: =IF(OR($B15="",$C15=""),"",IF(COUNTIFS($B$5:$B$1804,$B15,$C$5:$C$1804,$C15)>1,"Takror",""))
A16: 12 | I16: =IF(OR($B16="",$C16=""),"",$B16&" ("&DAY($C16)&"."&MONTH($C16)&"."&YEAR($C16)&")") | J16: =IF($C16="","",INT((Boshqaruv!$C$12-$C16)/365.25)) | K16: =IF($J16="","",IF($J16<=14,"Ha","Yo'q")) | N16: =IF($B16="","",IF(AND(OR($L16="",$L16<=Boshqaruv!$C$12),OR($M16="",$M16>Boshqaruv!$C$12)),"Ha","")) | T16: =IF($B16="","",IF(AND($P16="Ha",$N16="Ha",OR($R16="",$R16<=Boshqaruv!$C$12),OR($S16="",$S16>Boshqaruv!$C$12)),"Ha","")) | W16: =IF(OR($B16="",$C16=""),"",IF(COUNTIFS($B$5:$B$1804,$B16,$C$5:$C$1804,$C16)>1,"Takror",""))
A17: 13 | I17: =IF(OR($B17="",$C17=""),"",$B17&" ("&DAY($C17)&"."&MONTH($C17)&"."&YEAR($C17)&")") | J17: =IF($C17="","",INT((Boshqaruv!$C$12-$C17)/365.25)) | K17: =IF($J17="","",IF($J17<=14,"Ha","Yo'q")) | N17: =IF($B17="","",IF(AND(OR($L17="",$L17<=Boshqaruv!$C$12),OR($M17="",$M17>Boshqaruv!$C$12)),"Ha","")) | T17: =IF($B17="","",IF(AND($P17="Ha",$N17="Ha",OR($R17="",$R17<=Boshqaruv!$C$12),OR($S17="",$S17>Boshqaruv!$C$12)),"Ha","")) | W17: =IF(OR($B17="",$C17=""),"",IF(COUNTIFS($B$5:$B$1804,$B17,$C$5:$C$1804,$C17)>1,"Takror",""))
A18: 14 | I18: =IF(OR($B18="",$C18=""),"",$B18&" ("&DAY($C18)&"."&MONTH($C18)&"."&YEAR($C18)&")") | J18: =IF($C18="","",INT((Boshqaruv!$C$12-$C18)/365.25)) | K18: =IF($J18="","",IF($J18<=14,"Ha","Yo'q")) | N18: =IF($B18="","",IF(AND(OR($L18="",$L18<=Boshqaruv!$C$12),OR($M18="",$M18>Boshqaruv!$C$12)),"Ha","")) | T18: =IF($B18="","",IF(AND($P18="Ha",$N18="Ha",OR($R18="",$R18<=Boshqaruv!$C$12),OR($S18="",$S18>Boshqaruv!$C$12)),"Ha","")) | W18: =IF(OR($B18="",$C18=""),"",IF(COUNTIFS($B$5:$B$1804,$B18,$C$5:$C$1804,$C18)>1,"Takror",""))
A19: 15 | I19: =IF(OR($B19="",$C19=""),"",$B19&" ("&DAY($C19)&"."&MONTH($C19)&"."&YEAR($C19)&")") | J19: =IF($C19="","",INT((Boshqaruv!$C$12-$C19)/365.25)) | K19: =IF($J19="","",IF($J19<=14,"Ha","Yo'q")) | N19: =IF($B19="","",IF(AND(OR($L19="",$L19<=Boshqaruv!$C$12),OR($M19="",$M19>Boshqaruv!$C$12)),"Ha","")) | T19: =IF($B19="","",IF(AND($P19="Ha",$N19="Ha",OR($R19="",$R19<=Boshqaruv!$C$12),OR($S19="",$S19>Boshqaruv!$C$12)),"Ha","")) | W19: =IF(OR($B19="",$C19=""),"",IF(COUNTIFS($B$5:$B$1804,$B19,$C$5:$C$1804,$C19)>1,"Takror",""))
A20: 16 | I20: =IF(OR($B20="",$C20=""),"",$B20&" ("&DAY($C20)&"."&MONTH($C20)&"."&YEAR($C20)&")") | J20: =IF($C20="","",INT((Boshqaruv!$C$12-$C20)/365.25)) | K20: =IF($J20="","",IF($J20<=14,"Ha","Yo'q")) | N20: =IF($B20="","",IF(AND(OR($L20="",$L20<=Boshqaruv!$C$12),OR($M20="",$M20>Boshqaruv!$C$12)),"Ha","")) | T20: =IF($B20="","",IF(AND($P20="Ha",$N20="Ha",OR($R20="",$R20<=Boshqaruv!$C$12),OR($S20="",$S20>Boshqaruv!$C$12)),"Ha","")) | W20: =IF(OR($B20="",$C20=""),"",IF(COUNTIFS($B$5:$B$1804,$B20,$C$5:$C$1804,$C20)>1,"Takror",""))
A21: 17 | I21: =IF(OR($B21="",$C21=""),"",$B21&" ("&DAY($C21)&"."&MONTH($C21)&"."&YEAR($C21)&")") | J21: =IF($C21="","",INT((Boshqaruv!$C$12-$C21)/365.25)) | K21: =IF($J21="","",IF($J21<=14,"Ha","Yo'q")) | N21: =IF($B21="","",IF(AND(OR($L21="",$L21<=Boshqaruv!$C$12),OR($M21="",$M21>Boshqaruv!$C$12)),"Ha","")) | T21: =IF($B21="","",IF(AND($P21="Ha",$N21="Ha",OR($R21="",$R21<=Boshqaruv!$C$12),OR($S21="",$S21>Boshqaruv!$C$12)),"Ha","")) | W21: =IF(OR($B21="",$C21=""),"",IF(COUNTIFS($B$5:$B$1804,$B21,$C$5:$C$1804,$C21)>1,"Takror",""))
A22: 18 | I22: =IF(OR($B22="",$C22=""),"",$B22&" ("&DAY($C22)&"."&MONTH($C22)&"."&YEAR($C22)&")") | J22: =IF($C22="","",INT((Boshqaruv!$C$12-$C22)/365.25)) | K22: =IF($J22="","",IF($J22<=14,"Ha","Yo'q")) | N22: =IF($B22="","",IF(AND(OR($L22="",$L22<=Boshqaruv!$C$12),OR($M22="",$M22>Boshqaruv!$C$12)),"Ha","")) | T22: =IF($B22="","",IF(AND($P22="Ha",$N22="Ha",OR($R22="",$R22<=Boshqaruv!$C$12),OR($S22="",$S22>Boshqaruv!$C$12)),"Ha","")) | W22: =IF(OR($B22="",$C22=""),"",IF(COUNTIFS($B$5:$B$1804,$B22,$C$5:$C$1804,$C22)>1,"Takror",""))
... A1804: 1800 | I1804: =IF(OR($B1804="",$C1804=""),"",$B1804&" ("&DAY($C1804)&"."&MONTH($C1804)&"."&YEAR($C1804)&")") | J1804: =IF($C1804="","",INT((Boshqaruv!$C$12-$C1804)/365.25)) | K1804: =IF($J1804="","",IF($J1804<=14,"Ha","Yo'q")) | N1804: =IF($B1804="","",IF(AND(OR($L1804="",$L1804<=Boshqaruv!$C$12),OR($M1804="",$M1804>Boshqaruv!$C$12)),"Ha","")) | T1804: =IF($B1804="","",IF(AND($P1804="Ha",$N1804="Ha",OR($R1804="",$R1804<=Boshqaruv!$C$12),OR($S1804="",$S1804>Boshqaruv!$C$12)),"Ha","")) | W1804: =IF(OR($B1804="",$C1804=""),"",IF(COUNTIFS($B$5:$B$1804,$B1804,$C$5:$C$1804,$C1804)>1,"Takror",""))

Sheet Kasallanish
A1: KASALLANISH JURNALI / ЖУРНАЛ ЗАБОЛЕВАЕМОСТИ (bolalar)
A2: Har bir kasallanish — bitta qator; bola «Bolalar» ro‘yxatidan tanlanadi. / Каждый случай — одна строка; ребёнок выбирается из «Bolalar».
A3: MAXFIY / КОНФИДЕНЦИАЛЬНО — shaxsiy va tibbiy ma’lumotlar (shifokorlik siri). Faylni parol bilan himoyalang, ochiq guruhlarga yubormang. / Персональные и медицинские данные (врачебная тайна). Защитите файл паролем, не отправляйте в открытые группы.
A4: № | B4: Sana Дата | C4: Shaxs (ro‘yxatdan tanlang) Человек (выбрать из списка) | D4: Bola F.I.Sh. (avto) Ф.И.О. (авто) | E4: Tug‘ilgan sana (avto) Дата рожд. (авто) | F4: PINFL (14 raqam) ПИНФЛ (14 цифр) | G4: Yosh (avto) Возраст | H4: 5 yoshgacha? (avto) До 5 лет? | I4: 0–17 yosh? (avto) 0–17 лет? | J4: Diagnoz (hujjat bo‘yicha) Диагноз (по документам) | K4: MKB-10 МКБ-10 | L4: Statsionarga yotqizildimi? Госпитализирован? | M4: Izoh Примечание
A5: 1 | D5: =IF($C5="","",IFERROR(IF(INDEX(Bolalar!$B$5:$B$1804,MATCH($C5,Bolalar!$I$5:$I$1804,0))="","",INDEX(Bolalar!$B$5:$B$1804,MATCH($C5,Bolalar!$I$5:$I$1804,0))),"")) | E5: =IF($C5="","",IFERROR(IF(INDEX(Bolalar!$C$5:$C$1804,MATCH($C5,Bolalar!$I$5:$I$1804,0))="","",INDEX(Bolalar!$C$5:$C$1804,MATCH($C5,Bolalar!$I$5:$I$1804,0))),"")) | G5: =IF(OR($E5="",$B5=""),"",INT(($B5-$E5)/365.25)) | H5: =IF($G5="","",IF($G5<5,"Ha","Yo'q")) | I5: =IF($G5="","",IF($G5<18,"Ha","Yo'q"))
A6: 2 | D6: =IF($C6="","",IFERROR(IF(INDEX(Bolalar!$B$5:$B$1804,MATCH($C6,Bolalar!$I$5:$I$1804,0))="","",INDEX(Bolalar!$B$5:$B$1804,MATCH($C6,Bolalar!$I$5:$I$1804,0))),"")) | E6: =IF($C6="","",IFERROR(IF(INDEX(Bolalar!$C$5:$C$1804,MATCH($C6,Bolalar!$I$5:$I$1804,0))="","",INDEX(Bolalar!$C$5:$C$1804,MATCH($C6,Bolalar!$I$5:$I$1804,0))),"")) | G6: =IF(OR($E6="",$B6=""),"",INT(($B6-$E6)/365.25)) | H6: =IF($G6="","",IF($G6<5,"Ha","Yo'q")) | I6: =IF($G6="","",IF($G6<18,"Ha","Yo'q"))
A7: 3 | D7: =IF($C7="","",IFERROR(IF(INDEX(Bolalar!$B$5:$B$1804,MATCH($C7,Bolalar!$I$5:$I$1804,0))="","",INDEX(Bolalar!$B$5:$B$1804,MATCH($C7,Bolalar!$I$5:$I$1804,0))),"")) | E7: =IF($C7="","",IFERROR(IF(INDEX(Bolalar!$C$5:$C$1804,MATCH($C7,Bolalar!$I$5:$I$1804,0))="","",INDEX(Bolalar!$C$5:$C$1804,MATCH($C7,Bolalar!$I$5:$I$1804,0))),"")) | G7: =IF(OR($E7="",$B7=""),"",INT(($B7-$E7)/365.25)) | H7: =IF($G7="","",IF($G7<5,"Ha","Yo'q")) | I7: =IF($G7="","",IF($G7<18,"Ha","Yo'q"))
A8: 4 | D8: =IF($C8="","",IFERROR(IF(INDEX(Bolalar!$B$5:$B$1804,MATCH($C8,Bolalar!$I$5:$I$1804,0))="","",INDEX(Bolalar!$B$5:$B$1804,MATCH($C8,Bolalar!$I$5:$I$1804,0))),"")) | E8: =IF($C8="","",IFERROR(IF(INDEX(Bolalar!$C$5:$C$1804,MATCH($C8,Bolalar!$I$5:$I$1804,0))="","",INDEX(Bolalar!$C$5:$C$1804,MATCH($C8,Bolalar!$I$5:$I$1804,0))),"")) | G8: =IF(OR($E8="",$B8=""),"",INT(($B8-$E8)/365.25)) | H8: =IF($G8="","",IF($G8<5,"Ha","Yo'q")) | I8: =IF($G8="","",IF($G8<18,"Ha","Yo'q"))
A9: 5 | D9: =IF($C9="","",IFERROR(IF(INDEX(Bolalar!$B$5:$B$1804,MATCH($C9,Bolalar!$I$5:$I$1804,0))="","",INDEX(Bolalar!$B$5:$B$1804,MATCH($C9,Bolalar!$I$5:$I$1804,0))),"")) | E9: =IF($C9="","",IFERROR(IF(INDEX(Bolalar!$C$5:$C$1804,MATCH($C9,Bolalar!$I$5:$I$1804,0))="","",INDEX(Bolalar!$C$5:$C$1804,MATCH($C9,Bolalar!$I$5:$I$1804,0))),"")) | G9: =IF(OR($E9="",$B9=""),"",INT(($B9-$E9)/365.25)) | H9: =IF($G9="","",IF($G9<5,"Ha","Yo'q")) | I9: =IF($G9="","",IF($G9<18,"Ha","Yo'q"))
A10: 6 | D10: =IF($C10="","",IFERROR(IF(INDEX(Bolalar!$B$5:$B$1804,MATCH($C10,Bolalar!$I$5:$I$1804,0))="","",INDEX(Bolalar!$B$5:$B$1804,MATCH($C10,Bolalar!$I$5:$I$1804,0))),"")) | E10: =IF($C10="","",IFERROR(IF(INDEX(Bolalar!$C$5:$C$1804,MATCH($C10,Bolalar!$I$5:$I$1804,0))="","",INDEX(Bolalar!$C$5:$C$1804,MATCH($C10,Bolalar!$I$5:$I$1804,0))),"")) | G10: =IF(OR($E10="",$B10=""),"",INT(($B10-$E10)/365.25)) | H10: =IF($G10="","",IF($G10<5,"Ha","Yo'q")) | I10: =IF($G10="","",IF($G10<18,"Ha","Yo'q"))
A11: 7 | D11: =IF($C11="","",IFERROR(IF(INDEX(Bolalar!$B$5:$B$1804,MATCH($C11,Bolalar!$I$5:$I$1804,0))="","",INDEX(Bolalar!$B$5:$B$1804,MATCH($C11,Bolalar!$I$5:$I$1804,0))),"")) | E11: =IF($C11="","",IFERROR(IF(INDEX(Bolalar!$C$5:$C$1804,MATCH($C11,Bolalar!$I$5:$I$1804,0))="","",INDEX(Bolalar!$C$5:$C$1804,MATCH($C11,Bolalar!$I$5:$I$1804,0))),"")) | G11: =IF(OR($E11="",$B11=""),"",INT(($B11-$E11)/365.25)) | H11: =IF($G11="","",IF($G11<5,"Ha","Yo'q")) | I11: =IF($G11="","",IF($G11<18,"Ha","Yo'q"))
A12: 8 | D12: =IF($C12="","",IFERROR(IF(INDEX(Bolalar!$B$5:$B$1804,MATCH($C12,Bolalar!$I$5:$I$1804,0))="","",INDEX(Bolalar!$B$5:$B$1804,MATCH($C12,Bolalar!$I$5:$I$1804,0))),"")) | E12: =IF($C12="","",IFERROR(IF(INDEX(Bolalar!$C$5:$C$1804,MATCH($C12,Bolalar!$I$5:$I$1804,0))="","",INDEX(Bolalar!$C$5:$C$1804,MATCH($C12,Bolalar!$I$5:$I$1804,0))),"")) | G12: =IF(OR($E12="",$B12=""),"",INT(($B12-$E12)/365.25)) | H12: =IF($G12="","",IF($G12<5,"Ha","Yo'q")) | I12: =IF($G12="","",IF($G12<18,"Ha","Yo'q"))
A13: 9 | D13: =IF($C13="","",IFERROR(IF(INDEX(Bolalar!$B$5:$B$1804,MATCH($C13,Bolalar!$I$5:$I$1804,0))="","",INDEX(Bolalar!$B$5:$B$1804,MATCH($C13,Bolalar!$I$5:$I$1804,0))),"")) | E13: =IF($C13="","",IFERROR(IF(INDEX(Bolalar!$C$5:$C$1804,MATCH($C13,Bolalar!$I$5:$I$1804,0))="","",INDEX(Bolalar!$C$5:$C$1804,MATCH($C13,Bolalar!$I$5:$I$1804,0))),"")) | G13: =IF(OR($E13="",$B13=""),"",INT(($B13-$E13)/365.25)) | H13: =IF($G13="","",IF($G13<5,"Ha","Yo'q")) | I13: =IF($G13="","",IF($G13<18,"Ha","Yo'q"))
A14: 10 | D14: =IF($C14="","",IFERROR(IF(INDEX(Bolalar!$B$5:$B$1804,MATCH($C14,Bolalar!$I$5:$I$1804,0))="","",INDEX(Bolalar!$B$5:$B$1804,MATCH($C14,Bolalar!$I$5:$I$1804,0))),"")) | E14: =IF($C14="","",IFERROR(IF(INDEX(Bolalar!$C$5:$C$1804,MATCH($C14,Bolalar!$I$5:$I$1804,0))="","",INDEX(Bolalar!$C$5:$C$1804,MATCH($C14,Bolalar!$I$5:$I$1804,0))),"")) | G14: =IF(OR($E14="",$B14=""),"",INT(($B14-$E14)/365.25)) | H14: =IF($G14="","",IF($G14<5,"Ha","Yo'q")) | I14: =IF($G14="","",IF($G14<18,"Ha","Yo'q"))
A15: 11 | D15: =IF($C15="","",IFERROR(IF(INDEX(Bolalar!$B$5:$B$1804,MATCH($C15,Bolalar!$I$5:$I$1804,0))="","",INDEX(Bolalar!$B$5:$B$1804,MATCH($C15,Bolalar!$I$5:$I$1804,0))),"")) | E15: =IF($C15="","",IFERROR(IF(INDEX(Bolalar!$C$5:$C$1804,MATCH($C15,Bolalar!$I$5:$I$1804,0))="","",INDEX(Bolalar!$C$5:$C$1804,MATCH($C15,Bolalar!$I$5:$I$1804,0))),"")) | G15: =IF(OR($E15="",$B15=""),"",INT(($B15-$E15)/365.25)) | H15: =IF($G15="","",IF($G15<5,"Ha","Yo'q")) | I15: =IF($G15="","",IF($G15<18,"Ha","Yo'q"))
A16: 12 | D16: =IF($C16="","",IFERROR(IF(INDEX(Bolalar!$B$5:$B$1804,MATCH($C16,Bolalar!$I$5:$I$1804,0))="","",INDEX(Bolalar!$B$5:$B$1804,MATCH($C16,Bolalar!$I$5:$I$1804,0))),"")) | E16: =IF($C16="","",IFERROR(IF(INDEX(Bolalar!$C$5:$C$1804,MATCH($C16,Bolalar!$I$5:$I$1804,0))="","",INDEX(Bolalar!$C$5:$C$1804,MATCH($C16,Bolalar!$I$5:$I$1804,0))),"")) | G16: =IF(OR($E16="",$B16=""),"",INT(($B16-$E16)/365.25)) | H16: =IF($G16="","",IF($G16<5,"Ha","Yo'q")) | I16: =IF($G16="","",IF($G16<18,"Ha","Yo'q"))
... A2504: 2500 | D2504: =IF($C2504="","",IFERROR(IF(INDEX(Bolalar!$B$5:$B$1804,MATCH($C2504,Bolalar!$I$5:$I$1804,0))="","",INDEX(Bolalar!$B$5:$B$1804,MATCH($C2504,Bolalar!$I$5:$I$1804,0))),"")) | E2504: =IF($C2504="","",IFERROR(IF(INDEX(Bolalar!$C$5:$C$1804,MATCH($C2504,Bolalar!$I$5:$I$1804,0))="","",INDEX(Bolalar!$C$5:$C$1804,MATCH($C2504,Bolalar!$I$5:$I$1804,0))),"")) | G2504: =IF(OR($E2504="",$B2504=""),"",INT(($B2504-$E2504)/365.25)) | H2504: =IF($G2504="","",IF($G2504<5,"Ha","Yo'q")) | I2504: =IF($G2504="","",IF($G2504<18,"Ha","Yo'q"))

Sheet Olim_bolalar
A1: BOLALAR O‘LIMI / СМЕРТНОСТЬ ДЕТЕЙ
A2: Har bir holat — bitta qator; bola «Bolalar» ro‘yxatidan tanlanadi. Sababi hujjat bo‘yicha. / Каждый случай — одна строка; причина — по документу.
A3: MAXFIY / КОНФИДЕНЦИАЛЬНО — shaxsiy va tibbiy ma’lumotlar (shifokorlik siri). Faylni parol bilan himoyalang, ochiq guruhlarga yubormang. / Персональные и медицинские данные (врачебная тайна). Защитите файл паролем, не отправляйте в открытые группы.
A4: № | B4: O‘lim sanasi Дата смерти | C4: Shaxs (ro‘yxatdan tanlang) Человек (выбрать из списка) | D4: Bola F.I.Sh. (avto) Ф.И.О. (авто) | E4: Tug‘ilgan sana (avto) Дата рожд. (авто) | F4: PINFL (14 raqam) ПИНФЛ (14 цифр) | G4: Yosh (avto) Возраст | H4: 5 yoshgacha? (avto) До 5 лет? | I4: 0–17 yosh? (avto) 0–17 лет? | J4: Sabab (hujjat bo‘yicha) Причина (по документу) | K4: Guvohnoma / hujjat № № свидетельства / документа | L4: Izoh Примечание
A5: 1 | D5: =IF($C5="","",IFERROR(IF(INDEX(Bolalar!$B$5:$B$1804,MATCH($C5,Bolalar!$I$5:$I$1804,0))="","",INDEX(Bolalar!$B$5:$B$1804,MATCH($C5,Bolalar!$I$5:$I$1804,0))),"")) | E5: =IF($C5="","",IFERROR(IF(INDEX(Bolalar!$C$5:$C$1804,MATCH($C5,Bolalar!$I$5:$I$1804,0))="","",INDEX(Bolalar!$C$5:$C$1804,MATCH($C5,Bolalar!$I$5:$I$1804,0))),"")) | G5: =IF(OR($E5="",$B5=""),"",INT(($B5-$E5)/365.25)) | H5: =IF($G5="","",IF($G5<5,"Ha","Yo'q")) | I5: =IF($G5="","",IF($G5<18,"Ha","Yo'q"))
A6: 2 | D6: =IF($C6="","",IFERROR(IF(INDEX(Bolalar!$B$5:$B$1804,MATCH($C6,Bolalar!$I$5:$I$1804,0))="","",INDEX(Bolalar!$B$5:$B$1804,MATCH($C6,Bolalar!$I$5:$I$1804,0))),"")) | E6: =IF($C6="","",IFERROR(IF(INDEX(Bolalar!$C$5:$C$1804,MATCH($C6,Bolalar!$I$5:$I$1804,0))="","",INDEX(Bolalar!$C$5:$C$1804,MATCH($C6,Bolalar!$I$5:$I$1804,0))),"")) | G6: =IF(OR($E6="",$B6=""),"",INT(($B6-$E6)/365.25)) | H6: =IF($G6="","",IF($G6<5,"Ha","Yo'q")) | I6: =IF($G6="","",IF($G6<18,"Ha","Yo'q"))
A7: 3 | D7: =IF($C7="","",IFERROR(IF(INDEX(Bolalar!$B$5:$B$1804,MATCH($C7,Bolalar!$I$5:$I$1804,0))="","",INDEX(Bolalar!$B$5:$B$1804,MATCH($C7,Bolalar!$I$5:$I$1804,0))),"")) | E7: =IF($C7="","",IFERROR(IF(INDEX(Bolalar!$C$5:$C$1804,MATCH($C7,Bolalar!$I$5:$I$1804,0))="","",INDEX(Bolalar!$C$5:$C$1804,MATCH($C7,Bolalar!$I$5:$I$1804,0))),"")) | G7: =IF(OR($E7="",$B7=""),"",INT(($B7-$E7)/365.25)) | H7: =IF($G7="","",IF($G7<5,"Ha","Yo'q")) | I7: =IF($G7="","",IF($G7<18,"Ha","Yo'q"))
A8: 4 | D8: =IF($C8="","",IFERROR(IF(INDEX(Bolalar!$B$5:$B$1804,MATCH($C8,Bolalar!$I$5:$I$1804,0))="","",INDEX(Bolalar!$B$5:$B$1804,MATCH($C8,Bolalar!$I$5:$I$1804,0))),"")) | E8: =IF($C8="","",IFERROR(IF(INDEX(Bolalar!$C$5:$C$1804,MATCH($C8,Bolalar!$I$5:$I$1804,0))="","",INDEX(Bolalar!$C$5:$C$1804,MATCH($C8,Bolalar!$I$5:$I$1804,0))),"")) | G8: =IF(OR($E8="",$B8=""),"",INT(($B8-$E8)/365.25)) | H8: =IF($G8="","",IF($G8<5,"Ha","Yo'q")) | I8: =IF($G8="","",IF($G8<18,"Ha","Yo'q"))
A9: 5 | D9: =IF($C9="","",IFERROR(IF(INDEX(Bolalar!$B$5:$B$1804,MATCH($C9,Bolalar!$I$5:$I$1804,0))="","",INDEX(Bolalar!$B$5:$B$1804,MATCH($C9,Bolalar!$I$5:$I$1804,0))),"")) | E9: =IF($C9="","",IFERROR(IF(INDEX(Bolalar!$C$5:$C$1804,MATCH($C9,Bolalar!$I$5:$I$1804,0))="","",INDEX(Bolalar!$C$5:$C$1804,MATCH($C9,Bolalar!$I$5:$I$1804,0))),"")) | G9: =IF(OR($E9="",$B9=""),"",INT(($B9-$E9)/365.25)) | H9: =IF($G9="","",IF($G9<5,"Ha","Yo'q")) | I9: =IF($G9="","",IF($G9<18,"Ha","Yo'q"))
A10: 6 | D10: =IF($C10="","",IFERROR(IF(INDEX(Bolalar!$B$5:$B$1804,MATCH($C10,Bolalar!$I$5:$I$1804,0))="","",INDEX(Bolalar!$B$5:$B$1804,MATCH($C10,Bolalar!$I$5:$I$1804,0))),"")) | E10: =IF($C10="","",IFERROR(IF(INDEX(Bolalar!$C$5:$C$1804,MATCH($C10,Bolalar!$I$5:$I$1804,0))="","",INDEX(Bolalar!$C$5:$C$1804,MATCH($C10,Bolalar!$I$5:$I$1804,0))),"")) | G10: =IF(OR($E10="",$B10=""),"",INT(($B10-$E10)/365.25)) | H10: =IF($G10="","",IF($G10<5,"Ha","Yo'q")) | I10: =IF($G10="","",IF($G10<18,"Ha","Yo'q"))
A11: 7 | D11: =IF($C11="","",IFERROR(IF(INDEX(Bolalar!$B$5:$B$1804,MATCH($C11,Bolalar!$I$5:$I$1804,0))="","",INDEX(Bolalar!$B$5:$B$1804,MATCH($C11,Bolalar!$I$5:$I$1804,0))),"")) | E11: =IF($C11="","",IFERROR(IF(INDEX(Bolalar!$C$5:$C$1804,MATCH($C11,Bolalar!$I$5:$I$1804,0))="","",INDEX(Bolalar!$C$5:$C$1804,MATCH($C11,Bolalar!$I$5:$I$1804,0))),"")) | G11: =IF(OR($E11="",$B11=""),"",INT(($B11-$E11)/365.25)) | H11: =IF($G11="","",IF($G11<5,"Ha","Yo'q")) | I11: =IF($G11="","",IF($G11<18,"Ha","Yo'q"))
A12: 8 | D12: =IF($C12="","",IFERROR(IF(INDEX(Bolalar!$B$5:$B$1804,MATCH($C12,Bolalar!$I$5:$I$1804,0))="","",INDEX(Bolalar!$B$5:$B$1804,MATCH($C12,Bolalar!$I$5:$I$1804,0))),"")) | E12: =IF($C12="","",IFERROR(IF(INDEX(Bolalar!$C$5:$C$1804,MATCH($C12,Bolalar!$I$5:$I$1804,0))="","",INDEX(Bolalar!$C$5:$C$1804,MATCH($C12,Bolalar!$I$5:$I$1804,0))),"")) | G12: =IF(OR($E12="",$B12=""),"",INT(($B12-$E12)/365.25)) | H12: =IF($G12="","",IF($G12<5,"Ha","Yo'q")) | I12: =IF($G12="","",IF($G12<18,"Ha","Yo'q"))
A13: 9 | D13: =IF($C13="","",IFERROR(IF(INDEX(Bolalar!$B$5:$B$1804,MATCH($C13,Bolalar!$I$5:$I$1804,0))="","",INDEX(Bolalar!$B$5:$B$1804,MATCH($C13,Bolalar!$I$5:$I$1804,0))),"")) | E13: =IF($C13="","",IFERROR(IF(INDEX(Bolalar!$C$5:$C$1804,MATCH($C13,Bolalar!$I$5:$I$1804,0))="","",INDEX(Bolalar!$C$5:$C$1804,MATCH($C13,Bolalar!$I$5:$I$1804,0))),"")) | G13: =IF(OR($E13="",$B13=""),"",INT(($B13-$E13)/365.25)) | H13: =IF($G13="","",IF($G13<5,"Ha","Yo'q")) | I13: =IF($G13="","",IF($G13<18,"Ha","Yo'q"))
A14: 10 | D14: =IF($C14="","",IFERROR(IF(INDEX(Bolalar!$B$5:$B$1804,MATCH($C14,Bolalar!$I$5:$I$1804,0))="","",INDEX(Bolalar!$B$5:$B$1804,MATCH($C14,Bolalar!$I$5:$I$1804,0))),"")) | E14: =IF($C14="","",IFERROR(IF(INDEX(Bolalar!$C$5:$C$1804,MATCH($C14,Bolalar!$I$5:$I$1804,0))="","",INDEX(Bolalar!$C$5:$C$1804,MATCH($C14,Bolalar!$I$5:$I$1804,0))),"")) | G14: =IF(OR($E14="",$B14=""),"",INT(($B14-$E14)/365.25)) | H14: =IF($G14="","",IF($G14<5,"Ha","Yo'q")) | I14: =IF($G14="","",IF($G14<18,"Ha","Yo'q"))
A15: 11 | D15: =IF($C15="","",IFERROR(IF(INDEX(Bolalar!$B$5:$B$1804,MATCH($C15,Bolalar!$I$5:$I$1804,0))="","",INDEX(Bolalar!$B$5:$B$1804,MATCH($C15,Bolalar!$I$5:$I$1804,0))),"")) | E15: =IF($C15="","",IFERROR(IF(INDEX(Bolalar!$C$5:$C$1804,MATCH($C15,Bolalar!$I$5:$I$1804,0))="","",INDEX(Bolalar!$C$5:$C$1804,MATCH($C15,Bolalar!$I$5:$I$1804,0))),"")) | G15: =IF(OR($E15="",$B15=""),"",INT(($B15-$E15)/365.25)) | H15: =IF($G15="","",IF($G15<5,"Ha","Yo'q")) | I15: =IF($G15="","",IF($G15<18,"Ha","Yo'q"))
A16: 12 | D16: =IF($C16="","",IFERROR(IF(INDEX(Bolalar!$B$5:$B$1804,MATCH($C16,Bolalar!$I$5:$I$1804,0))="","",INDEX(Bolalar!$B$5:$B$1804,MATCH($C16,Bolalar!$I$5:$I$1804,0))),"")) | E16: =IF($C16="","",IFERROR(IF(INDEX(Bolalar!$C$5:$C$1804,MATCH($C16,Bolalar!$I$5:$I$1804,0))="","",INDEX(Bolalar!$C$5:$C$1804,MATCH($C16,Bolalar!$I$5:$I$1804,0))),"")) | G16: =IF(OR($E16="",$B16=""),"",INT(($B16-$E16)/365.25)) | H16: =IF($G16="","",IF($G16<5,"Ha","Yo'q")) | I16: =IF($G16="","",IF($G16<18,"Ha","Yo'q"))
... A104: 100 | D104: =IF($C104="","",IFERROR(IF(INDEX(Bolalar!$B$5:$B$1804,MATCH($C104,Bolalar!$I$5:$I$1804,0))="","",INDEX(Bolalar!$B$5:$B$1804,MATCH($C104,Bolalar!$I$5:$I$1804,0))),"")) | E104: =IF($C104="","",IFERROR(IF(INDEX(Bolalar!$C$5:$C$1804,MATCH($C104,Bolalar!$I$5:$I$1804,0))="","",INDEX(Bolalar!$C$5:$C$1804,MATCH($C104,Bolalar!$I$5:$I$1804,0))),"")) | G104: =IF(OR($E104="",$B104=""),"",INT(($B104-$E104)/365.25)) | H104: =IF($G104="","",IF($G104<5,"Ha","Yo'q")) | I104: =IF($G104="","",IF($G104<18,"Ha","Yo'q"))

Sheet Yangi_tugilgan
A1: YANGI TUG‘ILGANLAR PATRONAJI / ПАТРОНАЖ НОВОРОЖДЁННЫХ
A2: Tug‘ruqxonadan chiqish sanasi va 1-patronaj sanasini yozing — muddat (kun) avto tekshiriladi. / Укажите дату выписки и дату 1-го патронажа — срок (дни) проверяется автоматически.
A3: MAXFIY / КОНФИДЕНЦИАЛЬНО — shaxsiy va tibbiy ma’lumotlar (shifokorlik siri). Faylni parol bilan himoyalang, ochiq guruhlarga yubormang. / Персональные и медицинские данные (врачебная тайна). Защитите файл паролем, не отправляйте в открытые группы.
A4: № | B4: Chaqaloq F.I.Sh. Ф.И.О. новорождённого | C4: Tug‘ilgan sana Дата рождения | D4: PINFL (14 raqam) ПИНФЛ (14 цифр) | E4: Ona F.I.Sh. Ф.И.О. матери | F4: Telefon Телефон | G4: Mahalla Махалля | H4: Tug‘ruqxonadan chiqqan sana Дата выписки из роддома | I4: 1-patronaj sanasi Дата 1-го патронажа | J4: Chiqqandan keyin necha kun? (avto) Дней после выписки (авто) | K4: Muddatida? (avto) В срок? (авто) | L4: Patronaj qilinmagan (muddat o‘tgan)? (avto) Патронаж не проведён (срок прошёл)? | M4: Izoh Примечание | N4: Takror? (avto) Дубль? | O4: Patronaj jurnalida yo‘q (1) Нет в журнале патронажа (1)
A5: 1 | J5: =IF(OR($H5="",$I5=""),"",$I5-$H5) | K5: =IF(OR($H5="",$I5=""),"",IF($I5-$H5<=Spravochnik!$E$5,"Ha","Yo'q")) | L5: =IF(AND($B5<>"",$H5<>"",$I5="",Boshqaruv!$C$12-$H5>Spravochnik!$E$5),"Ha","") | N5: =IF(OR($B5="",$C5=""),"",IF(COUNTIFS($B$5:$B$604,$B5,$C$5:$C$604,$C5)>1,"Takror","")) | O5: =IF(AND($B5<>"",$I5>=Boshqaruv!$C$9,$I5<=Boshqaruv!$C$10),IF(COUNTIFS(Patronaj_0_5!$D$5:$D$2504,$B5,Patronaj_0_5!$E$5:$E$2504,$C5,Patronaj_0_5!$H$5:$H$2504,"Ha",Patronaj_0_5!$B$5:$B$2504,">="&Boshqaruv!$C$9,Patronaj_0_5!$B$5:$B$2504,"<="&Boshqaruv!$C$10)=0,1,0),0) -> 0
A6: 2 | J6: =IF(OR($H6="",$I6=""),"",$I6-$H6) | K6: =IF(OR($H6="",$I6=""),"",IF($I6-$H6<=Spravochnik!$E$5,"Ha","Yo'q")) | L6: =IF(AND($B6<>"",$H6<>"",$I6="",Boshqaruv!$C$12-$H6>Spravochnik!$E$5),"Ha","") | N6: =IF(OR($B6="",$C6=""),"",IF(COUNTIFS($B$5:$B$604,$B6,$C$5:$C$604,$C6)>1,"Takror","")) | O6: =IF(AND($B6<>"",$I6>=Boshqaruv!$C$9,$I6<=Boshqaruv!$C$10),IF(COUNTIFS(Patronaj_0_5!$D$5:$D$2504,$B6,Patronaj_0_5!$E$5:$E$2504,$C6,Patronaj_0_5!$H$5:$H$2504,"Ha",Patronaj_0_5!$B$5:$B$2504,">="&Boshqaruv!$C$9,Patronaj_0_5!$B$5:$B$2504,"<="&Boshqaruv!$C$10)=0,1,0),0) -> 0
A7: 3 | J7: =IF(OR($H7="",$I7=""),"",$I7-$H7) | K7: =IF(OR($H7="",$I7=""),"",IF($I7-$H7<=Spravochnik!$E$5,"Ha","Yo'q")) | L7: =IF(AND($B7<>"",$H7<>"",$I7="",Boshqaruv!$C$12-$H7>Spravochnik!$E$5),"Ha","") | N7: =IF(OR($B7="",$C7=""),"",IF(COUNTIFS($B$5:$B$604,$B7,$C$5:$C$604,$C7)>1,"Takror","")) | O7: =IF(AND($B7<>"",$I7>=Boshqaruv!$C$9,$I7<=Boshqaruv!$C$10),IF(COUNTIFS(Patronaj_0_5!$D$5:$D$2504,$B7,Patronaj_0_5!$E$5:$E$2504,$C7,Patronaj_0_5!$H$5:$H$2504,"Ha",Patronaj_0_5!$B$5:$B$2504,">="&Boshqaruv!$C$9,Patronaj_0_5!$B$5:$B$2504,"<="&Boshqaruv!$C$10)=0,1,0),0) -> 0
A8: 4 | J8: =IF(OR($H8="",$I8=""),"",$I8-$H8) | K8: =IF(OR($H8="",$I8=""),"",IF($I8-$H8<=Spravochnik!$E$5,"Ha","Yo'q")) | L8: =IF(AND($B8<>"",$H8<>"",$I8="",Boshqaruv!$C$12-$H8>Spravochnik!$E$5),"Ha","") | N8: =IF(OR($B8="",$C8=""),"",IF(COUNTIFS($B$5:$B$604,$B8,$C$5:$C$604,$C8)>1,"Takror","")) | O8: =IF(AND($B8<>"",$I8>=Boshqaruv!$C$9,$I8<=Boshqaruv!$C$10),IF(COUNTIFS(Patronaj_0_5!$D$5:$D$2504,$B8,Patronaj_0_5!$E$5:$E$2504,$C8,Patronaj_0_5!$H$5:$H$2504,"Ha",Patronaj_0_5!$B$5:$B$2504,">="&Boshqaruv!$C$9,Patronaj_0_5!$B$5:$B$2504,"<="&Boshqaruv!$C$10)=0,1,0),0) -> 0
A9: 5 | J9: =IF(OR($H9="",$I9=""),"",$I9-$H9) | K9: =IF(OR($H9="",$I9=""),"",IF($I9-$H9<=Spravochnik!$E$5,"Ha","Yo'q")) | L9: =IF(AND($B9<>"",$H9<>"",$I9="",Boshqaruv!$C$12-$H9>Spravochnik!$E$5),"Ha","") | N9: =IF(OR($B9="",$C9=""),"",IF(COUNTIFS($B$5:$B$604,$B9,$C$5:$C$604,$C9)>1,"Takror","")) | O9: =IF(AND($B9<>"",$I9>=Boshqaruv!$C$9,$I9<=Boshqaruv!$C$10),IF(COUNTIFS(Patronaj_0_5!$D$5:$D$2504,$B9,Patronaj_0_5!$E$5:$E$2504,$C9,Patronaj_0_5!$H$5:$H$2504,"Ha",Patronaj_0_5!$B$5:$B$2504,">="&Boshqaruv!$C$9,Patronaj_0_5!$B$5:$B$2504,"<="&Boshqaruv!$C$10)=0,1,0),0) -> 0
A10: 6 | J10: =IF(OR($H10="",$I10=""),"",$I10-$H10) | K10: =IF(OR($H10="",$I10=""),"",IF($I10-$H10<=Spravochnik!$E$5,"Ha","Yo'q")) | L10: =IF(AND($B10<>"",$H10<>"",$I10="",Boshqaruv!$C$12-$H10>Spravochnik!$E$5),"Ha","") | N10: =IF(OR($B10="",$C10=""),"",IF(COUNTIFS($B$5:$B$604,$B10,$C$5:$C$604,$C10)>1,"Takror","")) | O10: =IF(AND($B10<>"",$I10>=Boshqaruv!$C$9,$I10<=Boshqaruv!$C$10),IF(COUNTIFS(Patronaj_0_5!$D$5:$D$2504,$B10,Patronaj_0_5!$E$5:$E$2504,$C10,Patronaj_0_5!$H$5:$H$2504,"Ha",Patronaj_0_5!$B$5:$B$2504,">="&Boshqaruv!$C$9,Patronaj_0_5!$B$5:$B$2504,"<="&Boshqaruv!$C$10)=0,1,0),0) -> 0
A11: 7 | J11: =IF(OR($H11="",$I11=""),"",$I11-$H11) | K11: =IF(OR($H11="",$I11=""),"",IF($I11-$H11<=Spravochnik!$E$5,"Ha","Yo'q")) | L11: =IF(AND($B11<>"",$H11<>"",$I11="",Boshqaruv!$C$12-$H11>Spravochnik!$E$5),"Ha","") | N11: =IF(OR($B11="",$C11=""),"",IF(COUNTIFS($B$5:$B$604,$B11,$C$5:$C$604,$C11)>1,"Takror","")) | O11: =IF(AND($B11<>"",$I11>=Boshqaruv!$C$9,$I11<=Boshqaruv!$C$10),IF(COUNTIFS(Patronaj_0_5!$D$5:$D$2504,$B11,Patronaj_0_5!$E$5:$E$2504,$C11,Patronaj_0_5!$H$5:$H$2504,"Ha",Patronaj_0_5!$B$5:$B$2504,">="&Boshqaruv!$C$9,Patronaj_0_5!$B$5:$B$2504,"<="&Boshqaruv!$C$10)=0,1,0),0) -> 0
A12: 8 | J12: =IF(OR($H12="",$I12=""),"",$I12-$H12) | K12: =IF(OR($H12="",$I12=""),"",IF($I12-$H12<=Spravochnik!$E$5,"Ha","Yo'q")) | L12: =IF(AND($B12<>"",$H12<>"",$I12="",Boshqaruv!$C$12-$H12>Spravochnik!$E$5),"Ha","") | N12: =IF(OR($B12="",$C12=""),"",IF(COUNTIFS($B$5:$B$604,$B12,$C$5:$C$604,$C12)>1,"Takror","")) | O12: =IF(AND($B12<>"",$I12>=Boshqaruv!$C$9,$I12<=Boshqaruv!$C$10),IF(COUNTIFS(Patronaj_0_5!$D$5:$D$2504,$B12,Patronaj_0_5!$E$5:$E$2504,$C12,Patronaj_0_5!$H$5:$H$2504,"Ha",Patronaj_0_5!$B$5:$B$2504,">="&Boshqaruv!$C$9,Patronaj_0_5!$B$5:$B$2504,"<="&Boshqaruv!$C$10)=0,1,0),0) -> 0
A13: 9 | J13: =IF(OR($H13="",$I13=""),"",$I13-$H13) | K13: =IF(OR($H13="",$I13=""),"",IF($I13-$H13<=Spravochnik!$E$5,"Ha","Yo'q")) | L13: =IF(AND($B13<>"",$H13<>"",$I13="",Boshqaruv!$C$12-$H13>Spravochnik!$E$5),"Ha","") | N13: =IF(OR($B13="",$C13=""),"",IF(COUNTIFS($B$5:$B$604,$B13,$C$5:$C$604,$C13)>1,"Takror","")) | O13: =IF(AND($B13<>"",$I13>=Boshqaruv!$C$9,$I13<=Boshqaruv!$C$10),IF(COUNTIFS(Patronaj_0_5!$D$5:$D$2504,$B13,Patronaj_0_5!$E$5:$E$2504,$C13,Patronaj_0_5!$H$5:$H$2504,"Ha",Patronaj_0_5!$B$5:$B$2504,">="&Boshqaruv!$C$9,Patronaj_0_5!$B$5:$B$2504,"<="&Boshqaruv!$C$10)=0,1,0),0) -> 0
A14: 10 | J14: =IF(OR($H14="",$I14=""),"",$I14-$H14) | K14: =IF(OR($H14="",$I14=""),"",IF($I14-$H14<=Spravochnik!$E$5,"Ha","Yo'q")) | L14: =IF(AND($B14<>"",$H14<>"",$I14="",Boshqaruv!$C$12-$H14>Spravochnik!$E$5),"Ha","") | N14: =IF(OR($B14="",$C14=""),"",IF(COUNTIFS($B$5:$B$604,$B14,$C$5:$C$604,$C14)>1,"Takror","")) | O14: =IF(AND($B14<>"",$I14>=Boshqaruv!$C$9,$I14<=Boshqaruv!$C$10),IF(COUNTIFS(Patronaj_0_5!$D$5:$D$2504,$B14,Patronaj_0_5!$E$5:$E$2504,$C14,Patronaj_0_5!$H$5:$H$2504,"Ha",Patronaj_0_5!$B$5:$B$2504,">="&Boshqaruv!$C$9,Patronaj_0_5!$B$5:$B$2504,"<="&Boshqaruv!$C$10)=0,1,0),0) -> 0
A15: 11 | J15: =IF(OR($H15="",$I15=""),"",$I15-$H15) | K15: =IF(OR($H15="",$I15=""),"",IF($I15-$H15<=Spravochnik!$E$5,"Ha","Yo'q")) | L15: =IF(AND($B15<>"",$H15<>"",$I15="",Boshqaruv!$C$12-$H15>Spravochnik!$E$5),"Ha","") | N15: =IF(OR($B15="",$C15=""),"",IF(COUNTIFS($B$5:$B$604,$B15,$C$5:$C$604,$C15)>1,"Takror","")) | O15: =IF(AND($B15<>"",$I15>=Boshqaruv!$C$9,$I15<=Boshqaruv!$C$10),IF(COUNTIFS(Patronaj_0_5!$D$5:$D$2504,$B15,Patronaj_0_5!$E$5:$E$2504,$C15,Patronaj_0_5!$H$5:$H$2504,"Ha",Patronaj_0_5!$B$5:$B$2504,">="&Boshqaruv!$C$9,Patronaj_0_5!$B$5:$B$2504,"<="&Boshqaruv!$C$10)=0,1,0),0) -> 0
A16: 12 | J16: =IF(OR($H16="",$I16=""),"",$I16-$H16) | K16: =IF(OR($H16="",$I16=""),"",IF($I16-$H16<=Spravochnik!$E$5,"Ha","Yo'q")) | L16: =IF(AND($B16<>"",$H16<>"",$I16="",Boshqaruv!$C$12-$H16>Spravochnik!$E$5),"Ha","") | N16: =IF(OR($B16="",$C16=""),"",IF(COUNTIFS($B$5:$B$604,$B16,$C$5:$C$604,$C16)>1,"Takror","")) | O16: =IF(AND($B16<>"",$I16>=Boshqaruv!$C$9,$I16<=Boshqaruv!$C$10),IF(COUNTIFS(Patronaj_0_5!$D$5:$D$2504,$B16,Patronaj_0_5!$E$5:$E$2504,$C16,Patronaj_0_5!$H$5:$H$2504,"Ha",Patronaj_0_5!$B$5:$B$2504,">="&Boshqaruv!$C$9,Patronaj_0_5!$B$5:$B$2504,"<="&Boshqaruv!$C$10)=0,1,0),0) -> 0
... A604: 600 | J604: =IF(OR($H604="",$I604=""),"",$I604-$H604) | K604: =IF(OR($H604="",$I604=""),"",IF($I604-$H604<=Spravochnik!$E$5,"Ha","Yo'q")) | L604: =IF(AND($B604<>"",$H604<>"",$I604="",Boshqaruv!$C$12-$H604>Spravochnik!$E$5),"Ha","") | N604: =IF(OR($B604="",$C604=""),"",IF(COUNTIFS($B$5:$B$604,$B604,$C$5:$C$604,$C604)>1,"Takror","")) | O604: =IF(AND($B604<>"",$I604>=Boshqaruv!$C$9,$I604<=Boshqaruv!$C$10),IF(COUNTIFS(Patronaj_0_5!$D$5:$D$2504,$B604,Patronaj_0_5!$E$5:$E$2504,$C604,Patronaj_0_5!$H$5:$H$2504,"Ha",Patronaj_0_5!$B$5:$B$2504,">="&Boshqaruv!$C$9,Patronaj_0_5!$B$5:$B$2504,"<="&Boshqaruv!$C$10)=0,1,0),0) -> 0

Sheet Patronaj_0_5
A1: 0–5 YOSHLI BOLALAR PATRONAJI / ПАТРОНАЖ ДЕТЕЙ 0–5 ЛЕТ
A2: Har bir patronaj tashrifi — bitta qator; bola «Bolalar» ro‘yxatidan tanlanadi. Har bir bola bir marta sanaladi. / Каждое посещение — одна строка; ребёнок из «Bolalar». Каждый ребёнок считается один раз.
A3: MAXFIY / КОНФИДЕНЦИАЛЬНО — shaxsiy va tibbiy ma’lumotlar (shifokorlik siri). Faylni parol bilan himoyalang, ochiq guruhlarga yubormang. / Персональные и медицинские данные (врачебная тайна). Защитите файл паролем, не отправляйте в открытые группы.
A4: № | B4: Tashrif sanasi Дата посещения | C4: Shaxs (ro‘yxatdan tanlang) Человек (выбрать из списка) | D4: Bola F.I.Sh. (avto) Ф.И.О. (авто) | E4: Tug‘ilgan sana (avto) Дата рожд. (авто) | F4: PINFL (14 raqam) ПИНФЛ (14 цифр) | G4: Yosh (avto) Возраст | H4: 0–5 yosh? (avto) 0–5 лет? | I4: Topilmalar / maslahat Находки / советы | J4: Izoh Примечание | K4: Davrda birinchi (1) Первый в периоде (1)
A5: 1 | D5: =IF($C5="","",IFERROR(IF(INDEX(Bolalar!$B$5:$B$1804,MATCH($C5,Bolalar!$I$5:$I$1804,0))="","",INDEX(Bolalar!$B$5:$B$1804,MATCH($C5,Bolalar!$I$5:$I$1804,0))),"")) | E5: =IF($C5="","",IFERROR(IF(INDEX(Bolalar!$C$5:$C$1804,MATCH($C5,Bolalar!$I$5:$I$1804,0))="","",INDEX(Bolalar!$C$5:$C$1804,MATCH($C5,Bolalar!$I$5:$I$1804,0))),"")) | G5: =IF(OR($E5="",$B5=""),"",INT(($B5-$E5)/365.25)) | H5: =IF($G5="","",IF($G5<=5,"Ha","Yo'q")) | K5: =IF(AND($C5<>"",$H5="Ha",$B5>=Boshqaruv!$C$9,$B5<=Boshqaruv!$C$10),IF(COUNTIFS($C$4:$C4,$C5,$H$4:$H4,"Ha",$B$4:$B4,">="&Boshqaruv!$C$9,$B$4:$B4,"<="&Boshqaruv!$C$10)=0,1,0),0) -> 0
A6: 2 | D6: =IF($C6="","",IFERROR(IF(INDEX(Bolalar!$B$5:$B$1804,MATCH($C6,Bolalar!$I$5:$I$1804,0))="","",INDEX(Bolalar!$B$5:$B$1804,MATCH($C6,Bolalar!$I$5:$I$1804,0))),"")) | E6: =IF($C6="","",IFERROR(IF(INDEX(Bolalar!$C$5:$C$1804,MATCH($C6,Bolalar!$I$5:$I$1804,0))="","",INDEX(Bolalar!$C$5:$C$1804,MATCH($C6,Bolalar!$I$5:$I$1804,0))),"")) | G6: =IF(OR($E6="",$B6=""),"",INT(($B6-$E6)/365.25)) | H6: =IF($G6="","",IF($G6<=5,"Ha","Yo'q")) | K6: =IF(AND($C6<>"",$H6="Ha",$B6>=Boshqaruv!$C$9,$B6<=Boshqaruv!$C$10),IF(COUNTIFS($C$4:$C5,$C6,$H$4:$H5,"Ha",$B$4:$B5,">="&Boshqaruv!$C$9,$B$4:$B5,"<="&Boshqaruv!$C$10)=0,1,0),0) -> 0
A7: 3 | D7: =IF($C7="","",IFERROR(IF(INDEX(Bolalar!$B$5:$B$1804,MATCH($C7,Bolalar!$I$5:$I$1804,0))="","",INDEX(Bolalar!$B$5:$B$1804,MATCH($C7,Bolalar!$I$5:$I$1804,0))),"")) | E7: =IF($C7="","",IFERROR(IF(INDEX(Bolalar!$C$5:$C$1804,MATCH($C7,Bolalar!$I$5:$I$1804,0))="","",INDEX(Bolalar!$C$5:$C$1804,MATCH($C7,Bolalar!$I$5:$I$1804,0))),"")) | G7: =IF(OR($E7="",$B7=""),"",INT(($B7-$E7)/365.25)) | H7: =IF($G7="","",IF($G7<=5,"Ha","Yo'q")) | K7: =IF(AND($C7<>"",$H7="Ha",$B7>=Boshqaruv!$C$9,$B7<=Boshqaruv!$C$10),IF(COUNTIFS($C$4:$C6,$C7,$H$4:$H6,"Ha",$B$4:$B6,">="&Boshqaruv!$C$9,$B$4:$B6,"<="&Boshqaruv!$C$10)=0,1,0),0) -> 0
A8: 4 | D8: =IF($C8="","",IFERROR(IF(INDEX(Bolalar!$B$5:$B$1804,MATCH($C8,Bolalar!$I$5:$I$1804,0))="","",INDEX(Bolalar!$B$5:$B$1804,MATCH($C8,Bolalar!$I$5:$I$1804,0))),"")) | E8: =IF($C8="","",IFERROR(IF(INDEX(Bolalar!$C$5:$C$1804,MATCH($C8,Bolalar!$I$5:$I$1804,0))="","",INDEX(Bolalar!$C$5:$C$1804,MATCH($C8,Bolalar!$I$5:$I$1804,0))),"")) | G8: =IF(OR($E8="",$B8=""),"",INT(($B8-$E8)/365.25)) | H8: =IF($G8="","",IF($G8<=5,"Ha","Yo'q")) | K8: =IF(AND($C8<>"",$H8="Ha",$B8>=Boshqaruv!$C$9,$B8<=Boshqaruv!$C$10),IF(COUNTIFS($C$4:$C7,$C8,$H$4:$H7,"Ha",$B$4:$B7,">="&Boshqaruv!$C$9,$B$4:$B7,"<="&Boshqaruv!$C$10)=0,1,0),0) -> 0
A9: 5 | D9: =IF($C9="","",IFERROR(IF(INDEX(Bolalar!$B$5:$B$1804,MATCH($C9,Bolalar!$I$5:$I$1804,0))="","",INDEX(Bolalar!$B$5:$B$1804,MATCH($C9,Bolalar!$I$5:$I$1804,0))),"")) | E9: =IF($C9="","",IFERROR(IF(INDEX(Bolalar!$C$5:$C$1804,MATCH($C9,Bolalar!$I$5:$I$1804,0))="","",INDEX(Bolalar!$C$5:$C$1804,MATCH($C9,Bolalar!$I$5:$I$1804,0))),"")) | G9: =IF(OR($E9="",$B9=""),"",INT(($B9-$E9)/365.25)) | H9: =IF($G9="","",IF($G9<=5,"Ha","Yo'q")) | K9: =IF(AND($C9<>"",$H9="Ha",$B9>=Boshqaruv!$C$9,$B9<=Boshqaruv!$C$10),IF(COUNTIFS($C$4:$C8,$C9,$H$4:$H8,"Ha",$B$4:$B8,">="&Boshqaruv!$C$9,$B$4:$B8,"<="&Boshqaruv!$C$10)=0,1,0),0) -> 0
A10: 6 | D10: =IF($C10="","",IFERROR(IF(INDEX(Bolalar!$B$5:$B$1804,MATCH($C10,Bolalar!$I$5:$I$1804,0))="","",INDEX(Bolalar!$B$5:$B$1804,MATCH($C10,Bolalar!$I$5:$I$1804,0))),"")) | E10: =IF($C10="","",IFERROR(IF(INDEX(Bolalar!$C$5:$C$1804,MATCH($C10,Bolalar!$I$5:$I$1804,0))="","",INDEX(Bolalar!$C$5:$C$1804,MATCH($C10,Bolalar!$I$5:$I$1804,0))),"")) | G10: =IF(OR($E10="",$B10=""),"",INT(($B10-$E10)/365.25)) | H10: =IF($G10="","",IF($G10<=5,"Ha","Yo'q")) | K10: =IF(AND($C10<>"",$H10="Ha",$B10>=Boshqaruv!$C$9,$B10<=Boshqaruv!$C$10),IF(COUNTIFS($C$4:$C9,$C10,$H$4:$H9,"Ha",$B$4:$B9,">="&Boshqaruv!$C$9,$B$4:$B9,"<="&Boshqaruv!$C$10)=0,1,0),0) -> 0
A11: 7 | D11: =IF($C11="","",IFERROR(IF(INDEX(Bolalar!$B$5:$B$1804,MATCH($C11,Bolalar!$I$5:$I$1804,0))="","",INDEX(Bolalar!$B$5:$B$1804,MATCH($C11,Bolalar!$I$5:$I$1804,0))),"")) | E11: =IF($C11="","",IFERROR(IF(INDEX(Bolalar!$C$5:$C$1804,MATCH($C11,Bolalar!$I$5:$I$1804,0))="","",INDEX(Bolalar!$C$5:$C$1804,MATCH($C11,Bolalar!$I$5:$I$1804,0))),"")) | G11: =IF(OR($E11="",$B11=""),"",INT(($B11-$E11)/365.25)) | H11: =IF($G11="","",IF($G11<=5,"Ha","Yo'q")) | K11: =IF(AND($C11<>"",$H11="Ha",$B11>=Boshqaruv!$C$9,$B11<=Boshqaruv!$C$10),IF(COUNTIFS($C$4:$C10,$C11,$H$4:$H10,"Ha",$B$4:$B10,">="&Boshqaruv!$C$9,$B$4:$B10,"<="&Boshqaruv!$C$10)=0,1,0),0) -> 0
A12: 8 | D12: =IF($C12="","",IFERROR(IF(INDEX(Bolalar!$B$5:$B$1804,MATCH($C12,Bolalar!$I$5:$I$1804,0))="","",INDEX(Bolalar!$B$5:$B$1804,MATCH($C12,Bolalar!$I$5:$I$1804,0))),"")) | E12: =IF($C12="","",IFERROR(IF(INDEX(Bolalar!$C$5:$C$1804,MATCH($C12,Bolalar!$I$5:$I$1804,0))="","",INDEX(Bolalar!$C$5:$C$1804,MATCH($C12,Bolalar!$I$5:$I$1804,0))),"")) | G12: =IF(OR($E12="",$B12=""),"",INT(($B12-$E12)/365.25)) | H12: =IF($G12="","",IF($G12<=5,"Ha","Yo'q")) | K12: =IF(AND($C12<>"",$H12="Ha",$B12>=Boshqaruv!$C$9,$B12<=Boshqaruv!$C$10),IF(COUNTIFS($C$4:$C11,$C12,$H$4:$H11,"Ha",$B$4:$B11,">="&Boshqaruv!$C$9,$B$4:$B11,"<="&Boshqaruv!$C$10)=0,1,0),0) -> 0
A13: 9 | D13: =IF($C13="","",IFERROR(IF(INDEX(Bolalar!$B$5:$B$1804,MATCH($C13,Bolalar!$I$5:$I$1804,0))="","",INDEX(Bolalar!$B$5:$B$1804,MATCH($C13,Bolalar!$I$5:$I$1804,0))),"")) | E13: =IF($C13="","",IFERROR(IF(INDEX(Bolalar!$C$5:$C$1804,MATCH($C13,Bolalar!$I$5:$I$1804,0))="","",INDEX(Bolalar!$C$5:$C$1804,MATCH($C13,Bolalar!$I$5:$I$1804,0))),"")) | G13: =IF(OR($E13="",$B13=""),"",INT(($B13-$E13)/365.25)) | H13: =IF($G13="","",IF($G13<=5,"Ha","Yo'q")) | K13: =IF(AND($C13<>"",$H13="Ha",$B13>=Boshqaruv!$C$9,$B13<=Boshqaruv!$C$10),IF(COUNTIFS($C$4:$C12,$C13,$H$4:$H12,"Ha",$B$4:$B12,">="&Boshqaruv!$C$9,$B$4:$B12,"<="&Boshqaruv!$C$10)=0,1,0),0) -> 0
A14: 10 | D14: =IF($C14="","",IFERROR(IF(INDEX(Bolalar!$B$5:$B$1804,MATCH($C14,Bolalar!$I$5:$I$1804,0))="","",INDEX(Bolalar!$B$5:$B$1804,MATCH($C14,Bolalar!$I$5:$I$1804,0))),"")) | E14: =IF($C14="","",IFERROR(IF(INDEX(Bolalar!$C$5:$C$1804,MATCH($C14,Bolalar!$I$5:$I$1804,0))="","",INDEX(Bolalar!$C$5:$C$1804,MATCH($C14,Bolalar!$I$5:$I$1804,0))),"")) | G14: =IF(OR($E14="",$B14=""),"",INT(($B14-$E14)/365.25)) | H14: =IF($G14="","",IF($G14<=5,"Ha","Yo'q")) | K14: =IF(AND($C14<>"",$H14="Ha",$B14>=Boshqaruv!$C$9,$B14<=Boshqaruv!$C$10),IF(COUNTIFS($C$4:$C13,$C14,$H$4:$H13,"Ha",$B$4:$B13,">="&Boshqaruv!$C$9,$B$4:$B13,"<="&Boshqaruv!$C$10)=0,1,0),0) -> 0
A15: 11 | D15: =IF($C15="","",IFERROR(IF(INDEX(Bolalar!$B$5:$B$1804,MATCH($C15,Bolalar!$I$5:$I$1804,0))="","",INDEX(Bolalar!$B$5:$B$1804,MATCH($C15,Bolalar!$I$5:$I$1804,0))),"")) | E15: =IF($C15="","",IFERROR(IF(INDEX(Bolalar!$C$5:$C$1804,MATCH($C15,Bolalar!$I$5:$I$1804,0))="","",INDEX(Bolalar!$C$5:$C$1804,MATCH($C15,Bolalar!$I$5:$I$1804,0))),"")) | G15: =IF(OR($E15="",$B15=""),"",INT(($B15-$E15)/365.25)) | H15: =IF($G15="","",IF($G15<=5,"Ha","Yo'q")) | K15: =IF(AND($C15<>"",$H15="Ha",$B15>=Boshqaruv!$C$9,$B15<=Boshqaruv!$C$10),IF(COUNTIFS($C$4:$C14,$C15,$H$4:$H14,"Ha",$B$4:$B14,">="&Boshqaruv!$C$9,$B$4:$B14,"<="&Boshqaruv!$C$10)=0,1,0),0) -> 0
A16: 12 | D16: =IF($C16="","",IFERROR(IF(INDEX(Bolalar!$B$5:$B$1804,MATCH($C16,Bolalar!$I$5:$I$1804,0))="","",INDEX(Bolalar!$B$5:$B$1804,MATCH($C16,Bolalar!$I$5:$I$1804,0))),"")) | E16: =IF($C16="","",IFERROR(IF(INDEX(Bolalar!$C$5:$C$1804,MATCH($C16,Bolalar!$I$5:$I$1804,0))="","",INDEX(Bolalar!$C$5:$C$1804,MATCH($C16,Bolalar!$I$5:$I$1804,0))),"")) | G16: =IF(OR($E16="",$B16=""),"",INT(($B16-$E16)/365.25)) | H16: =IF($G16="","",IF($G16<=5,"Ha","Yo'q")) | K16: =IF(AND($C16<>"",$H16="Ha",$B16>=Boshqaruv!$C$9,$B16<=Boshqaruv!$C$10),IF(COUNTIFS($C$4:$C15,$C16,$H$4:$H15,"Ha",$B$4:$B15,">="&Boshqaruv!$C$9,$B$4:$B15,"<="&Boshqaruv!$C$10)=0,1,0),0) -> 0
... A2504: 2500 | D2504: =IF($C2504="","",IFERROR(IF(INDEX(Bolalar!$B$5:$B$1804,MATCH($C2504,Bolalar!$I$5:$I$1804,0))="","",INDEX(Bolalar!$B$5:$B$1804,MATCH($C2504,Bolalar!$I$5:$I$1804,0))),"")) | E2504: =IF($C2504="","",IFERROR(IF(INDEX(Bolalar!$C$5:$C$1804,MATCH($C2504,Bolalar!$I$5:$I$1804,0))="","",INDEX(Bolalar!$C$5:$C$1804,MATCH($C2504,Bolalar!$I$5:$I$1804,0))),"")) | G2504: =IF(OR($E2504="",$B2504=""),"",INT(($B2504-$E2504)/365.25)) | H2504: =IF($G2504="","",IF($G2504<=5,"Ha","Yo'q")) | K2504: =IF(AND($C2504<>"",$H2504="Ha",$B2504>=Boshqaruv!$C$9,$B2504<=Boshqaruv!$C$10),IF(COUNTIFS($C$4:$C2503,$C2504,$H$4:$H2503,"Ha",$B$4:$B2503,">="&Boshqaruv!$C$9,$B$4:$B2503,"<="&Boshqaruv!$C$10)=0,1,0),0) -> 0

Sheet Emlash
A1: EMLASH REJASI VA BAJARILISHI / ПЛАН И ВЫПОЛНЕНИЕ ПРИВИВОК
A2: Har bir rejalashtirilgan emlash — bitta qator (reja sanasi doim yoziladi). Emlangach — «Emlangan sana»ni yozing. Bola bir necha qatorda bo‘lishi mumkin; sonlar bolalar bo‘yicha (har bir bola bir marta) hisoblanadi. / Каждая запланированная прививка — одна строка (плановая дата всегда). После прививки — «Emlangan sana». Дети считаются по одному разу.
A3: MAXFIY / КОНФИДЕНЦИАЛЬНО — shaxsiy va tibbiy ma’lumotlar (shifokorlik siri). Faylni parol bilan himoyalang, ochiq guruhlarga yubormang. / Персональные и медицинские данные (врачебная тайна). Защитите файл паролем, не отправляйте в открытые группы.
A4: № | B4: Bola F.I.Sh. Ф.И.О. ребёнка | C4: Tug‘ilgan sana Дата рождения | D4: PINFL (14 raqam) ПИНФЛ (14 цифр) | E4: Ota-ona / vakil Родитель / представитель | F4: Telefon Телефон | G4: Mahalla Махалля | H4: Vaksina Вакцина | I4: Doza № № дозы | J4: Rejadagi sana Плановая дата | K4: Emlangan sana Дата прививки | L4: Emlanmagan bo‘lsa — sabab Если не привит — причина | M4: Rejadagi sanadagi yosh (avto) Возраст на плановую дату | N4: 2 yoshgacha? (avto) До 2 лет? | O4: 7–17 yosh? (avto) 7–17 лет? | P4: Qamrab olinmagan? (avto) Не охвачен? | Q4: Reja (1-marta) План (1-й раз) | R4: Emlangan (1-marta) Привит (1-й раз) | S4: Qamrab olinmagan (1-marta) Не охвачен (1-й раз) | T4: Izoh Примечание
A5: 1 | M5: =IF(OR($C5="",$J5=""),"",INT(($J5-$C5)/365.25)) | N5: =IF($M5="","",IF($M5<2,"Ha","Yo'q")) | O5: =IF($M5="","",IF(AND($M5>=7,$M5<=17),"Ha","Yo'q")) | P5: =IF(AND($B5<>"",$J5<>"",$J5<=Boshqaruv!$C$10,OR($K5="",$K5>Boshqaruv!$C$10),$L5<>"Tibbiy qarshi ko'rsatma"),1,"") | Q5: =IF(AND($B5<>"",$J5>=Boshqaruv!$C$9,$J5<=Boshqaruv!$C$10),IF(COUNTIFS($B$4:$B4,$B5,$C$4:$C4,$C5,$J$4:$J4,">="&Boshqaruv!$C$9,$J$4:$J4,"<="&Boshqaruv!$C$10)=0,1,0),0) -> 0 | R5: =IF(AND($B5<>"",$J5>=Boshqaruv!$C$9,$J5<=Boshqaruv!$C$10,$K5<>"",$K5<=Boshqaruv!$C$10),IF(COUNTIFS($B$4:$B4,$B5,$C$4:$C4,$C5,$J$4:$J4,">="&Boshqaruv!$C$9,$J$4:$J4,"<="&Boshqaruv!$C$10,$K$4:$K4,"<>",$K$4:$K4,"<="&Boshqaruv!$C$10)=0,1,0),0) -> 0 | S5: =IF($P5=1,IF(COUNTIFS($B$4:$B4,$B5,$C$4:$C4,$C5,$P$4:$P4,1)=0,1,0),0) -> 0
A6: 2 | M6: =IF(OR($C6="",$J6=""),"",INT(($J6-$C6)/365.25)) | N6: =IF($M6="","",IF($M6<2,"Ha","Yo'q")) | O6: =IF($M6="","",IF(AND($M6>=7,$M6<=17),"Ha","Yo'q")) | P6: =IF(AND($B6<>"",$J6<>"",$J6<=Boshqaruv!$C$10,OR($K6="",$K6>Boshqaruv!$C$10),$L6<>"Tibbiy qarshi ko'rsatma"),1,"") | Q6: =IF(AND($B6<>"",$J6>=Boshqaruv!$C$9,$J6<=Boshqaruv!$C$10),IF(COUNTIFS($B$4:$B5,$B6,$C$4:$C5,$C6,$J$4:$J5,">="&Boshqaruv!$C$9,$J$4:$J5,"<="&Boshqaruv!$C$10)=0,1,0),0) -> 0 | R6: =IF(AND($B6<>"",$J6>=Boshqaruv!$C$9,$J6<=Boshqaruv!$C$10,$K6<>"",$K6<=Boshqaruv!$C$10),IF(COUNTIFS($B$4:$B5,$B6,$C$4:$C5,$C6,$J$4:$J5,">="&Boshqaruv!$C$9,$J$4:$J5,"<="&Boshqaruv!$C$10,$K$4:$K5,"<>",$K$4:$K5,"<="&Boshqaruv!$C$10)=0,1,0),0) -> 0 | S6: =IF($P6=1,IF(COUNTIFS($B$4:$B5,$B6,$C$4:$C5,$C6,$P$4:$P5,1)=0,1,0),0) -> 0
A7: 3 | M7: =IF(OR($C7="",$J7=""),"",INT(($J7-$C7)/365.25)) | N7: =IF($M7="","",IF($M7<2,"Ha","Yo'q")) | O7: =IF($M7="","",IF(AND($M7>=7,$M7<=17),"Ha","Yo'q")) | P7: =IF(AND($B7<>"",$J7<>"",$J7<=Boshqaruv!$C$10,OR($K7="",$K7>Boshqaruv!$C$10),$L7<>"Tibbiy qarshi ko'rsatma"),1,"") | Q7: =IF(AND($B7<>"",$J7>=Boshqaruv!$C$9,$J7<=Boshqaruv!$C$10),IF(COUNTIFS($B$4:$B6,$B7,$C$4:$C6,$C7,$J$4:$J6,">="&Boshqaruv!$C$9,$J$4:$J6,"<="&Boshqaruv!$C$10)=0,1,0),0) -> 0 | R7: =IF(AND($B7<>"",$J7>=Boshqaruv!$C$9,$J7<=Boshqaruv!$C$10,$K7<>"",$K7<=Boshqaruv!$C$10),IF(COUNTIFS($B$4:$B6,$B7,$C$4:$C6,$C7,$J$4:$J6,">="&Boshqaruv!$C$9,$J$4:$J6,"<="&Boshqaruv!$C$10,$K$4:$K6,"<>",$K$4:$K6,"<="&Boshqaruv!$C$10)=0,1,0),0) -> 0 | S7: =IF($P7=1,IF(COUNTIFS($B$4:$B6,$B7,$C$4:$C6,$C7,$P$4:$P6,1)=0,1,0),0) -> 0
A8: 4 | M8: =IF(OR($C8="",$J8=""),"",INT(($J8-$C8)/365.25)) | N8: =IF($M8="","",IF($M8<2,"Ha","Yo'q")) | O8: =IF($M8="","",IF(AND($M8>=7,$M8<=17),"Ha","Yo'q")) | P8: =IF(AND($B8<>"",$J8<>"",$J8<=Boshqaruv!$C$10,OR($K8="",$K8>Boshqaruv!$C$10),$L8<>"Tibbiy qarshi ko'rsatma"),1,"") | Q8: =IF(AND($B8<>"",$J8>=Boshqaruv!$C$9,$J8<=Boshqaruv!$C$10),IF(COUNTIFS($B$4:$B7,$B8,$C$4:$C7,$C8,$J$4:$J7,">="&Boshqaruv!$C$9,$J$4:$J7,"<="&Boshqaruv!$C$10)=0,1,0),0) -> 0 | R8: =IF(AND($B8<>"",$J8>=Boshqaruv!$C$9,$J8<=Boshqaruv!$C$10,$K8<>"",$K8<=Boshqaruv!$C$10),IF(COUNTIFS($B$4:$B7,$B8,$C$4:$C7,$C8,$J$4:$J7,">="&Boshqaruv!$C$9,$J$4:$J7,"<="&Boshqaruv!$C$10,$K$4:$K7,"<>",$K$4:$K7,"<="&Boshqaruv!$C$10)=0,1,0),0) -> 0 | S8: =IF($P8=1,IF(COUNTIFS($B$4:$B7,$B8,$C$4:$C7,$C8,$P$4:$P7,1)=0,1,0),0) -> 0
A9: 5 | M9: =IF(OR($C9="",$J9=""),"",INT(($J9-$C9)/365.25)) | N9: =IF($M9="","",IF($M9<2,"Ha","Yo'q")) | O9: =IF($M9="","",IF(AND($M9>=7,$M9<=17),"Ha","Yo'q")) | P9: =IF(AND($B9<>"",$J9<>"",$J9<=Boshqaruv!$C$10,OR($K9="",$K9>Boshqaruv!$C$10),$L9<>"Tibbiy qarshi ko'rsatma"),1,"") | Q9: =IF(AND($B9<>"",$J9>=Boshqaruv!$C$9,$J9<=Boshqaruv!$C$10),IF(COUNTIFS($B$4:$B8,$B9,$C$4:$C8,$C9,$J$4:$J8,">="&Boshqaruv!$C$9,$J$4:$J8,"<="&Boshqaruv!$C$10)=0,1,0),0) -> 0 | R9: =IF(AND($B9<>"",$J9>=Boshqaruv!$C$9,$J9<=Boshqaruv!$C$10,$K9<>"",$K9<=Boshqaruv!$C$10),IF(COUNTIFS($B$4:$B8,$B9,$C$4:$C8,$C9,$J$4:$J8,">="&Boshqaruv!$C$9,$J$4:$J8,"<="&Boshqaruv!$C$10,$K$4:$K8,"<>",$K$4:$K8,"<="&Boshqaruv!$C$10)=0,1,0),0) -> 0 | S9: =IF($P9=1,IF(COUNTIFS($B$4:$B8,$B9,$C$4:$C8,$C9,$P$4:$P8,1)=0,1,0),0) -> 0
A10: 6 | M10: =IF(OR($C10="",$J10=""),"",INT(($J10-$C10)/365.25)) | N10: =IF($M10="","",IF($M10<2,"Ha","Yo'q")) | O10: =IF($M10="","",IF(AND($M10>=7,$M10<=17),"Ha","Yo'q")) | P10: =IF(AND($B10<>"",$J10<>"",$J10<=Boshqaruv!$C$10,OR($K10="",$K10>Boshqaruv!$C$10),$L10<>"Tibbiy qarshi ko'rsatma"),1,"") | Q10: =IF(AND($B10<>"",$J10>=Boshqaruv!$C$9,$J10<=Boshqaruv!$C$10),IF(COUNTIFS($B$4:$B9,$B10,$C$4:$C9,$C10,$J$4:$J9,">="&Boshqaruv!$C$9,$J$4:$J9,"<="&Boshqaruv!$C$10)=0,1,0),0) -> 0 | R10: =IF(AND($B10<>"",$J10>=Boshqaruv!$C$9,$J10<=Boshqaruv!$C$10,$K10<>"",$K10<=Boshqaruv!$C$10),IF(COUNTIFS($B$4:$B9,$B10,$C$4:$C9,$C10,$J$4:$J9,">="&Boshqaruv!$C$9,$J$4:$J9,"<="&Boshqaruv!$C$10,$K$4:$K9,"<>",$K$4:$K9,"<="&Boshqaruv!$C$10)=0,1,0),0) -> 0 | S10: =IF($P10=1,IF(COUNTIFS($B$4:$B9,$B10,$C$4:$C9,$C10,$P$4:$P9,1)=0,1,0),0) -> 0
A11: 7 | M11: =IF(OR($C11="",$J11=""),"",INT(($J11-$C11)/365.25)) | N11: =IF($M11="","",IF($M11<2,"Ha","Yo'q")) | O11: =IF($M11="","",IF(AND($M11>=7,$M11<=17),"Ha","Yo'q")) | P11: =IF(AND($B11<>"",$J11<>"",$J11<=Boshqaruv!$C$10,OR($K11="",$K11>Boshqaruv!$C$10),$L11<>"Tibbiy qarshi ko'rsatma"),1,"") | Q11: =IF(AND($B11<>"",$J11>=Boshqaruv!$C$9,$J11<=Boshqaruv!$C$10),IF(COUNTIFS($B$4:$B10,$B11,$C$4:$C10,$C11,$J$4:$J10,">="&Boshqaruv!$C$9,$J$4:$J10,"<="&Boshqaruv!$C$10)=0,1,0),0) -> 0 | R11: =IF(AND($B11<>"",$J11>=Boshqaruv!$C$9,$J11<=Boshqaruv!$C$10,$K11<>"",$K11<=Boshqaruv!$C$10),IF(COUNTIFS($B$4:$B10,$B11,$C$4:$C10,$C11,$J$4:$J10,">="&Boshqaruv!$C$9,$J$4:$J10,"<="&Boshqaruv!$C$10,$K$4:$K10,"<>",$K$4:$K10,"<="&Boshqaruv!$C$10)=0,1,0),0) -> 0 | S11: =IF($P11=1,IF(COUNTIFS($B$4:$B10,$B11,$C$4:$C10,$C11,$P$4:$P10,1)=0,1,0),0) -> 0
A12: 8 | M12: =IF(OR($C12="",$J12=""),"",INT(($J12-$C12)/365.25)) | N12: =IF($M12="","",IF($M12<2,"Ha","Yo'q")) | O12: =IF($M12="","",IF(AND($M12>=7,$M12<=17),"Ha","Yo'q")) | P12: =IF(AND($B12<>"",$J12<>"",$J12<=Boshqaruv!$C$10,OR($K12="",$K12>Boshqaruv!$C$10),$L12<>"Tibbiy qarshi ko'rsatma"),1,"") | Q12: =IF(AND($B12<>"",$J12>=Boshqaruv!$C$9,$J12<=Boshqaruv!$C$10),IF(COUNTIFS($B$4:$B11,$B12,$C$4:$C11,$C12,$J$4:$J11,">="&Boshqaruv!$C$9,$J$4:$J11,"<="&Boshqaruv!$C$10)=0,1,0),0) -> 0 | R12: =IF(AND($B12<>"",$J12>=Boshqaruv!$C$9,$J12<=Boshqaruv!$C$10,$K12<>"",$K12<=Boshqaruv!$C$10),IF(COUNTIFS($B$4:$B11,$B12,$C$4:$C11,$C12,$J$4:$J11,">="&Boshqaruv!$C$9,$J$4:$J11,"<="&Boshqaruv!$C$10,$K$4:$K11,"<>",$K$4:$K11,"<="&Boshqaruv!$C$10)=0,1,0),0) -> 0 | S12: =IF($P12=1,IF(COUNTIFS($B$4:$B11,$B12,$C$4:$C11,$C12,$P$4:$P11,1)=0,1,0),0) -> 0
A13: 9 | M13: =IF(OR($C13="",$J13=""),"",INT(($J13-$C13)/365.25)) | N13: =IF($M13="","",IF($M13<2,"Ha","Yo'q")) | O13: =IF($M13="","",IF(AND($M13>=7,$M13<=17),"Ha","Yo'q")) | P13: =IF(AND($B13<>"",$J13<>"",$J13<=Boshqaruv!$C$10,OR($K13="",$K13>Boshqaruv!$C$10),$L13<>"Tibbiy qarshi ko'rsatma"),1,"") | Q13: =IF(AND($B13<>"",$J13>=Boshqaruv!$C$9,$J13<=Boshqaruv!$C$10),IF(COUNTIFS($B$4:$B12,$B13,$C$4:$C12,$C13,$J$4:$J12,">="&Boshqaruv!$C$9,$J$4:$J12,"<="&Boshqaruv!$C$10)=0,1,0),0) -> 0 | R13: =IF(AND($B13<>"",$J13>=Boshqaruv!$C$9,$J13<=Boshqaruv!$C$10,$K13<>"",$K13<=Boshqaruv!$C$10),IF(COUNTIFS($B$4:$B12,$B13,$C$4:$C12,$C13,$J$4:$J12,">="&Boshqaruv!$C$9,$J$4:$J12,"<="&Boshqaruv!$C$10,$K$4:$K12,"<>",$K$4:$K12,"<="&Boshqaruv!$C$10)=0,1,0),0) -> 0 | S13: =IF($P13=1,IF(COUNTIFS($B$4:$B12,$B13,$C$4:$C12,$C13,$P$4:$P12,1)=0,1,0),0) -> 0
A14: 10 | M14: =IF(OR($C14="",$J14=""),"",INT(($J14-$C14)/365.25)) | N14: =IF($M14="","",IF($M14<2,"Ha","Yo'q")) | O14: =IF($M14="","",IF(AND($M14>=7,$M14<=17),"Ha","Yo'q")) | P14: =IF(AND($B14<>"",$J14<>"",$J14<=Boshqaruv!$C$10,OR($K14="",$K14>Boshqaruv!$C$10),$L14<>"Tibbiy qarshi ko'rsatma"),1,"") | Q14: =IF(AND($B14<>"",$J14>=Boshqaruv!$C$9,$J14<=Boshqaruv!$C$10),IF(COUNTIFS($B$4:$B13,$B14,$C$4:$C13,$C14,$J$4:$J13,">="&Boshqaruv!$C$9,$J$4:$J13,"<="&Boshqaruv!$C$10)=0,1,0),0) -> 0 | R14: =IF(AND($B14<>"",$J14>=Boshqaruv!$C$9,$J14<=Boshqaruv!$C$10,$K14<>"",$K14<=Boshqaruv!$C$10),IF(COUNTIFS($B$4:$B13,$B14,$C$4:$C13,$C14,$J$4:$J13,">="&Boshqaruv!$C$9,$J$4:$J13,"<="&Boshqaruv!$C$10,$K$4:$K13,"<>",$K$4:$K13,"<="&Boshqaruv!$C$10)=0,1,0),0) -> 0 | S14: =IF($P14=1,IF(COUNTIFS($B$4:$B13,$B14,$C$4:$C13,$C14,$P$4:$P13,1)=0,1,0),0) -> 0
A15: 11 | M15: =IF(OR($C15="",$J15=""),"",INT(($J15-$C15)/365.25)) | N15: =IF($M15="","",IF($M15<2,"Ha","Yo'q")) | O15: =IF($M15="","",IF(AND($M15>=7,$M15<=17),"Ha","Yo'q")) | P15: =IF(AND($B15<>"",$J15<>"",$J15<=Boshqaruv!$C$10,OR($K15="",$K15>Boshqaruv!$C$10),$L15<>"Tibbiy qarshi ko'rsatma"),1,"") | Q15: =IF(AND($B15<>"",$J15>=Boshqaruv!$C$9,$J15<=Boshqaruv!$C$10),IF(COUNTIFS($B$4:$B14,$B15,$C$4:$C14,$C15,$J$4:$J14,">="&Boshqaruv!$C$9,$J$4:$J14,"<="&Boshqaruv!$C$10)=0,1,0),0) -> 0 | R15: =IF(AND($B15<>"",$J15>=Boshqaruv!$C$9,$J15<=Boshqaruv!$C$10,$K15<>"",$K15<=Boshqaruv!$C$10),IF(COUNTIFS($B$4:$B14,$B15,$C$4:$C14,$C15,$J$4:$J14,">="&Boshqaruv!$C$9,$J$4:$J14,"<="&Boshqaruv!$C$10,$K$4:$K14,"<>",$K$4:$K14,"<="&Boshqaruv!$C$10)=0,1,0),0) -> 0 | S15: =IF($P15=1,IF(COUNTIFS($B$4:$B14,$B15,$C$4:$C14,$C15,$P$4:$P14,1)=0,1,0),0) -> 0
A16: 12 | M16: =IF(OR($C16="",$J16=""),"",INT(($J16-$C16)/365.25)) | N16: =IF($M16="","",IF($M16<2,"Ha","Yo'q")) | O16: =IF($M16="","",IF(AND($M16>=7,$M16<=17),"Ha","Yo'q")) | P16: =IF(AND($B16<>"",$J16<>"",$J16<=Boshqaruv!$C$10,OR($K16="",$K16>Boshqaruv!$C$10),$L16<>"Tibbiy qarshi ko'rsatma"),1,"") | Q16: =IF(AND($B16<>"",$J16>=Boshqaruv!$C$9,$J16<=Boshqaruv!$C$10),IF(COUNTIFS($B$4:$B15,$B16,$C$4:$C15,$C16,$J$4:$J15,">="&Boshqaruv!$C$9,$J$4:$J15,"<="&Boshqaruv!$C$10)=0,1,0),0) -> 0 | R16: =IF(AND($B16<>"",$J16>=Boshqaruv!$C$9,$J16<=Boshqaruv!$C$10,$K16<>"",$K16<=Boshqaruv!$C$10),IF(COUNTIFS($B$4:$B15,$B16,$C$4:$C15,$C16,$J$4:$J15,">="&Boshqaruv!$C$9,$J$4:$J15,"<="&Boshqaruv!$C$10,$K$4:$K15,"<>",$K$4:$K15,"<="&Boshqaruv!$C$10)=0,1,0),0) -> 0 | S16: =IF($P16=1,IF(COUNTIFS($B$4:$B15,$B16,$C$4:$C15,$C16,$P$4:$P15,1)=0,1,0),0) -> 0
... A2004: 2000 | M2004: =IF(OR($C2004="",$J2004=""),"",INT(($J2004-$C2004)/365.25)) | N2004: =IF($M2004="","",IF($M2004<2,"Ha","Yo'q")) | O2004: =IF($M2004="","",IF(AND($M2004>=7,$M2004<=17),"Ha","Yo'q")) | P2004: =IF(AND($B2004<>"",$J2004<>"",$J2004<=Boshqaruv!$C$10,OR($K2004="",$K2004>Boshqaruv!$C$10),$L2004<>"Tibbiy qarshi ko'rsatma"),1,"") | Q2004: =IF(AND($B2004<>"",$J2004>=Boshqaruv!$C$9,$J2004<=Boshqaruv!$C$10),IF(COUNTIFS($B$4:$B2003,$B2004,$C$4:$C2003,$C2004,$J$4:$J2003,">="&Boshqaruv!$C$9,$J$4:$J2003,"<="&Boshqaruv!$C$10)=0,1,0),0) -> 0 | R2004: =IF(AND($B2004<>"",$J2004>=Boshqaruv!$C$9,$J2004<=Boshqaruv!$C$10,$K2004<>"",$K2004<=Boshqaruv!$C$10),IF(COUNTIFS($B$4:$B2003,$B2004,$C$4:$C2003,$C2004,$J$4:$J2003,">="&Boshqaruv!$C$9,$J$4:$J2003,"<="&Boshqaruv!$C$10,$K$4:$K2003,"<>",$K$4:$K2003,"<="&Boshqaruv!$C$10)=0,1,0),0) -> 0 | S2004: =IF($P2004=1,IF(COUNTIFS($B$4:$B2003,$B2004,$C$4:$C2003,$C2004,$P$4:$P2003,1)=0,1,0),0) -> 0

Sheet Profilaktik_korik
A1: PROFILAKTIK KO‘RIKLAR / ПРОФИЛАКТИЧЕСКИЕ ОСМОТРЫ (bolalar va o‘smirlar)
A2: Har bir ko‘rik — bitta qator; bola «Bolalar» ro‘yxatidan tanlanadi. / Каждый осмотр — одна строка; ребёнок из «Bolalar».
A3: MAXFIY / КОНФИДЕНЦИАЛЬНО — shaxsiy va tibbiy ma’lumotlar (shifokorlik siri). Faylni parol bilan himoyalang, ochiq guruhlarga yubormang. / Персональные и медицинские данные (врачебная тайна). Защитите файл паролем, не отправляйте в открытые группы.
A4: № | B4: Ko‘rik sanasi Дата осмотра | C4: Shaxs (ro‘yxatdan tanlang) Человек (выбрать из списка) | D4: Bola F.I.Sh. (avto) Ф.И.О. (авто) | E4: Tug‘ilgan sana (avto) Дата рожд. (авто) | F4: PINFL (14 raqam) ПИНФЛ (14 цифр) | G4: Yosh (avto) Возраст | H4: Natija Результат | I4: Izoh Примечание | J4: Davrda birinchi (1) Первый в периоде (1)
A5: 1 | D5: =IF($C5="","",IFERROR(IF(INDEX(Bolalar!$B$5:$B$1804,MATCH($C5,Bolalar!$I$5:$I$1804,0))="","",INDEX(Bolalar!$B$5:$B$1804,MATCH($C5,Bolalar!$I$5:$I$1804,0))),"")) | E5: =IF($C5="","",IFERROR(IF(INDEX(Bolalar!$C$5:$C$1804,MATCH($C5,Bolalar!$I$5:$I$1804,0))="","",INDEX(Bolalar!$C$5:$C$1804,MATCH($C5,Bolalar!$I$5:$I$1804,0))),"")) | G5: =IF(OR($E5="",$B5=""),"",INT(($B5-$E5)/365.25)) | J5: =IF(AND($C5<>"",$B5>=Boshqaruv!$C$9,$B5<=Boshqaruv!$C$10),IF(COUNTIFS($C$4:$C4,$C5,$B$4:$B4,">="&Boshqaruv!$C$9,$B$4:$B4,"<="&Boshqaruv!$C$10)=0,1,0),0) -> 0
A6: 2 | D6: =IF($C6="","",IFERROR(IF(INDEX(Bolalar!$B$5:$B$1804,MATCH($C6,Bolalar!$I$5:$I$1804,0))="","",INDEX(Bolalar!$B$5:$B$1804,MATCH($C6,Bolalar!$I$5:$I$1804,0))),"")) | E6: =IF($C6="","",IFERROR(IF(INDEX(Bolalar!$C$5:$C$1804,MATCH($C6,Bolalar!$I$5:$I$1804,0))="","",INDEX(Bolalar!$C$5:$C$1804,MATCH($C6,Bolalar!$I$5:$I$1804,0))),"")) | G6: =IF(OR($E6="",$B6=""),"",INT(($B6-$E6)/365.25)) | J6: =IF(AND($C6<>"",$B6>=Boshqaruv!$C$9,$B6<=Boshqaruv!$C$10),IF(COUNTIFS($C$4:$C5,$C6,$B$4:$B5,">="&Boshqaruv!$C$9,$B$4:$B5,"<="&Boshqaruv!$C$10)=0,1,0),0) -> 0
A7: 3 | D7: =IF($C7="","",IFERROR(IF(INDEX(Bolalar!$B$5:$B$1804,MATCH($C7,Bolalar!$I$5:$I$1804,0))="","",INDEX(Bolalar!$B$5:$B$1804,MATCH($C7,Bolalar!$I$5:$I$1804,0))),"")) | E7: =IF($C7="","",IFERROR(IF(INDEX(Bolalar!$C$5:$C$1804,MATCH($C7,Bolalar!$I$5:$I$1804,0))="","",INDEX(Bolalar!$C$5:$C$1804,MATCH($C7,Bolalar!$I$5:$I$1804,0))),"")) | G7: =IF(OR($E7="",$B7=""),"",INT(($B7-$E7)/365.25)) | J7: =IF(AND($C7<>"",$B7>=Boshqaruv!$C$9,$B7<=Boshqaruv!$C$10),IF(COUNTIFS($C$4:$C6,$C7,$B$4:$B6,">="&Boshqaruv!$C$9,$B$4:$B6,"<="&Boshqaruv!$C$10)=0,1,0),0) -> 0
A8: 4 | D8: =IF($C8="","",IFERROR(IF(INDEX(Bolalar!$B$5:$B$1804,MATCH($C8,Bolalar!$I$5:$I$1804,0))="","",INDEX(Bolalar!$B$5:$B$1804,MATCH($C8,Bolalar!$I$5:$I$1804,0))),"")) | E8: =IF($C8="","",IFERROR(IF(INDEX(Bolalar!$C$5:$C$1804,MATCH($C8,Bolalar!$I$5:$I$1804,0))="","",INDEX(Bolalar!$C$5:$C$1804,MATCH($C8,Bolalar!$I$5:$I$1804,0))),"")) | G8: =IF(OR($E8="",$B8=""),"",INT(($B8-$E8)/365.25)) | J8: =IF(AND($C8<>"",$B8>=Boshqaruv!$C$9,$B8<=Boshqaruv!$C$10),IF(COUNTIFS($C$4:$C7,$C8,$B$4:$B7,">="&Boshqaruv!$C$9,$B$4:$B7,"<="&Boshqaruv!$C$10)=0,1,0),0) -> 0
A9: 5 | D9: =IF($C9="","",IFERROR(IF(INDEX(Bolalar!$B$5:$B$1804,MATCH($C9,Bolalar!$I$5:$I$1804,0))="","",INDEX(Bolalar!$B$5:$B$1804,MATCH($C9,Bolalar!$I$5:$I$1804,0))),"")) | E9: =IF($C9="","",IFERROR(IF(INDEX(Bolalar!$C$5:$C$1804,MATCH($C9,Bolalar!$I$5:$I$1804,0))="","",INDEX(Bolalar!$C$5:$C$1804,MATCH($C9,Bolalar!$I$5:$I$1804,0))),"")) | G9: =IF(OR($E9="",$B9=""),"",INT(($B9-$E9)/365.25)) | J9: =IF(AND($C9<>"",$B9>=Boshqaruv!$C$9,$B9<=Boshqaruv!$C$10),IF(COUNTIFS($C$4:$C8,$C9,$B$4:$B8,">="&Boshqaruv!$C$9,$B$4:$B8,"<="&Boshqaruv!$C$10)=0,1,0),0) -> 0
A10: 6 | D10: =IF($C10="","",IFERROR(IF(INDEX(Bolalar!$B$5:$B$1804,MATCH($C10,Bolalar!$I$5:$I$1804,0))="","",INDEX(Bolalar!$B$5:$B$1804,MATCH($C10,Bolalar!$I$5:$I$1804,0))),"")) | E10: =IF($C10="","",IFERROR(IF(INDEX(Bolalar!$C$5:$C$1804,MATCH($C10,Bolalar!$I$5:$I$1804,0))="","",INDEX(Bolalar!$C$5:$C$1804,MATCH($C10,Bolalar!$I$5:$I$1804,0))),"")) | G10: =IF(OR($E10="",$B10=""),"",INT(($B10-$E10)/365.25)) | J10: =IF(AND($C10<>"",$B10>=Boshqaruv!$C$9,$B10<=Boshqaruv!$C$10),IF(COUNTIFS($C$4:$C9,$C10,$B$4:$B9,">="&Boshqaruv!$C$9,$B$4:$B9,"<="&Boshqaruv!$C$10)=0,1,0),0) -> 0
A11: 7 | D11: =IF($C11="","",IFERROR(IF(INDEX(Bolalar!$B$5:$B$1804,MATCH($C11,Bolalar!$I$5:$I$1804,0))="","",INDEX(Bolalar!$B$5:$B$1804,MATCH($C11,Bolalar!$I$5:$I$1804,0))),"")) | E11: =IF($C11="","",IFERROR(IF(INDEX(Bolalar!$C$5:$C$1804,MATCH($C11,Bolalar!$I$5:$I$1804,0))="","",INDEX(Bolalar!$C$5:$C$1804,MATCH($C11,Bolalar!$I$5:$I$1804,0))),"")) | G11: =IF(OR($E11="",$B11=""),"",INT(($B11-$E11)/365.25)) | J11: =IF(AND($C11<>"",$B11>=Boshqaruv!$C$9,$B11<=Boshqaruv!$C$10),IF(COUNTIFS($C$4:$C10,$C11,$B$4:$B10,">="&Boshqaruv!$C$9,$B$4:$B10,"<="&Boshqaruv!$C$10)=0,1,0),0) -> 0
A12: 8 | D12: =IF($C12="","",IFERROR(IF(INDEX(Bolalar!$B$5:$B$1804,MATCH($C12,Bolalar!$I$5:$I$1804,0))="","",INDEX(Bolalar!$B$5:$B$1804,MATCH($C12,Bolalar!$I$5:$I$1804,0))),"")) | E12: =IF($C12="","",IFERROR(IF(INDEX(Bolalar!$C$5:$C$1804,MATCH($C12,Bolalar!$I$5:$I$1804,0))="","",INDEX(Bolalar!$C$5:$C$1804,MATCH($C12,Bolalar!$I$5:$I$1804,0))),"")) | G12: =IF(OR($E12="",$B12=""),"",INT(($B12-$E12)/365.25)) | J12: =IF(AND($C12<>"",$B12>=Boshqaruv!$C$9,$B12<=Boshqaruv!$C$10),IF(COUNTIFS($C$4:$C11,$C12,$B$4:$B11,">="&Boshqaruv!$C$9,$B$4:$B11,"<="&Boshqaruv!$C$10)=0,1,0),0) -> 0
A13: 9 | D13: =IF($C13="","",IFERROR(IF(INDEX(Bolalar!$B$5:$B$1804,MATCH($C13,Bolalar!$I$5:$I$1804,0))="","",INDEX(Bolalar!$B$5:$B$1804,MATCH($C13,Bolalar!$I$5:$I$1804,0))),"")) | E13: =IF($C13="","",IFERROR(IF(INDEX(Bolalar!$C$5:$C$1804,MATCH($C13,Bolalar!$I$5:$I$1804,0))="","",INDEX(Bolalar!$C$5:$C$1804,MATCH($C13,Bolalar!$I$5:$I$1804,0))),"")) | G13: =IF(OR($E13="",$B13=""),"",INT(($B13-$E13)/365.25)) | J13: =IF(AND($C13<>"",$B13>=Boshqaruv!$C$9,$B13<=Boshqaruv!$C$10),IF(COUNTIFS($C$4:$C12,$C13,$B$4:$B12,">="&Boshqaruv!$C$9,$B$4:$B12,"<="&Boshqaruv!$C$10)=0,1,0),0) -> 0
A14: 10 | D14: =IF($C14="","",IFERROR(IF(INDEX(Bolalar!$B$5:$B$1804,MATCH($C14,Bolalar!$I$5:$I$1804,0))="","",INDEX(Bolalar!$B$5:$B$1804,MATCH($C14,Bolalar!$I$5:$I$1804,0))),"")) | E14: =IF($C14="","",IFERROR(IF(INDEX(Bolalar!$C$5:$C$1804,MATCH($C14,Bolalar!$I$5:$I$1804,0))="","",INDEX(Bolalar!$C$5:$C$1804,MATCH($C14,Bolalar!$I$5:$I$1804,0))),"")) | G14: =IF(OR($E14="",$B14=""),"",INT(($B14-$E14)/365.25)) | J14: =IF(AND($C14<>"",$B14>=Boshqaruv!$C$9,$B14<=Boshqaruv!$C$10),IF(COUNTIFS($C$4:$C13,$C14,$B$4:$B13,">="&Boshqaruv!$C$9,$B$4:$B13,"<="&Boshqaruv!$C$10)=0,1,0),0) -> 0
A15: 11 | D15: =IF($C15="","",IFERROR(IF(INDEX(Bolalar!$B$5:$B$1804,MATCH($C15,Bolalar!$I$5:$I$1804,0))="","",INDEX(Bolalar!$B$5:$B$1804,MATCH($C15,Bolalar!$I$5:$I$1804,0))),"")) | E15: =IF($C15="","",IFERROR(IF(INDEX(Bolalar!$C$5:$C$1804,MATCH($C15,Bolalar!$I$5:$I$1804,0))="","",INDEX(Bolalar!$C$5:$C$1804,MATCH($C15,Bolalar!$I$5:$I$1804,0))),"")) | G15: =IF(OR($E15="",$B15=""),"",INT(($B15-$E15)/365.25)) | J15: =IF(AND($C15<>"",$B15>=Boshqaruv!$C$9,$B15<=Boshqaruv!$C$10),IF(COUNTIFS($C$4:$C14,$C15,$B$4:$B14,">="&Boshqaruv!$C$9,$B$4:$B14,"<="&Boshqaruv!$C$10)=0,1,0),0) -> 0
A16: 12 | D16: =IF($C16="","",IFERROR(IF(INDEX(Bolalar!$B$5:$B$1804,MATCH($C16,Bolalar!$I$5:$I$1804,0))="","",INDEX(Bolalar!$B$5:$B$1804,MATCH($C16,Bolalar!$I$5:$I$1804,0))),"")) | E16: =IF($C16="","",IFERROR(IF(INDEX(Bolalar!$C$5:$C$1804,MATCH($C16,Bolalar!$I$5:$I$1804,0))="","",INDEX(Bolalar!$C$5:$C$1804,MATCH($C16,Bolalar!$I$5:$I$1804,0))),"")) | G16: =IF(OR($E16="",$B16=""),"",INT(($B16-$E16)/365.25)) | J16: =IF(AND($C16<>"",$B16>=Boshqaruv!$C$9,$B16<=Boshqaruv!$C$10),IF(COUNTIFS($C$4:$C15,$C16,$B$4:$B15,">="&Boshqaruv!$C$9,$B$4:$B15,"<="&Boshqaruv!$C$10)=0,1,0),0) -> 0
... A2504: 2500 | D2504: =IF($C2504="","",IFERROR(IF(INDEX(Bolalar!$B$5:$B$1804,MATCH($C2504,Bolalar!$I$5:$I$1804,0))="","",INDEX(Bolalar!$B$5:$B$1804,MATCH($C2504,Bolalar!$I$5:$I$1804,0))),"")) | E2504: =IF($C2504="","",IFERROR(IF(INDEX(Bolalar!$C$5:$C$1804,MATCH($C2504,Bolalar!$I$5:$I$1804,0))="","",INDEX(Bolalar!$C$5:$C$1804,MATCH($C2504,Bolalar!$I$5:$I$1804,0))),"")) | G2504: =IF(OR($E2504="",$B2504=""),"",INT(($B2504-$E2504)/365.25)) | J2504: =IF(AND($C2504<>"",$B2504>=Boshqaruv!$C$9,$B2504<=Boshqaruv!$C$10),IF(COUNTIFS($C$4:$C2503,$C2504,$B$4:$B2503,">="&Boshqaruv!$C$9,$B$4:$B2503,"<="&Boshqaruv!$C$10)=0,1,0),0) -> 0

Sheet Skrining_bolalar
A1: BOLALAR SKRINGI / СКРИНИНГ ДЕТЕЙ (gelmintoz 2–10 yosh; onkogematologik 2–18 yosh)
A2: Har bir skrining — bitta qator. Yosh skrining sanasiga hisoblanadi. / Каждый скрининг — одна строка. Возраст на дату скрининга.
A3: MAXFIY / КОНФИДЕНЦИАЛЬНО — shaxsiy va tibbiy ma’lumotlar (shifokorlik siri). Faylni parol bilan himoyalang, ochiq guruhlarga yubormang. / Персональные и медицинские данные (врачебная тайна). Защитите файл паролем, не отправляйте в открытые группы.
A4: № | B4: Skrining sanasi Дата скрининга | C4: Bola F.I.Sh. Ф.И.О. ребёнка | D4: Tug‘ilgan sana Дата рождения | E4: PINFL (14 raqam) ПИНФЛ (14 цифр) | F4: Ota-ona / vakil F.I.Sh. Родитель / представитель | G4: Telefon Телефон | H4: Mahalla Махалля | I4: Yosh (avto) Возраст | J4: Skrining turi Вид скрининга | K4: Yosh mos? (avto) Возраст подходит? | L4: Natija Результат | M4: Izoh Примечание | N4: Takror? (avto) Дубль?
A5: 1 | I5: =IF(OR($D5="",$B5=""),"",INT(($B5-$D5)/365.25)) | K5: =IF(OR($J5="",$I5=""),"",IF(OR(AND($J5="Gelmintoz",$I5>=2,$I5<=10),AND($J5="Onkogematologik",$I5>=2,$I5<=18)),"Ha","Yo'q")) | N5: =IF(OR($C5="",$D5="",$J5="",$B5=""),"",IF(COUNTIFS($C$5:$C$2504,$C5,$D$5:$D$2504,$D5,$J$5:$J$2504,$J5,$B$5:$B$2504,$B5)>1,"Takror",""))
A6: 2 | I6: =IF(OR($D6="",$B6=""),"",INT(($B6-$D6)/365.25)) | K6: =IF(OR($J6="",$I6=""),"",IF(OR(AND($J6="Gelmintoz",$I6>=2,$I6<=10),AND($J6="Onkogematologik",$I6>=2,$I6<=18)),"Ha","Yo'q")) | N6: =IF(OR($C6="",$D6="",$J6="",$B6=""),"",IF(COUNTIFS($C$5:$C$2504,$C6,$D$5:$D$2504,$D6,$J$5:$J$2504,$J6,$B$5:$B$2504,$B6)>1,"Takror",""))
A7: 3 | I7: =IF(OR($D7="",$B7=""),"",INT(($B7-$D7)/365.25)) | K7: =IF(OR($J7="",$I7=""),"",IF(OR(AND($J7="Gelmintoz",$I7>=2,$I7<=10),AND($J7="Onkogematologik",$I7>=2,$I7<=18)),"Ha","Yo'q")) | N7: =IF(OR($C7="",$D7="",$J7="",$B7=""),"",IF(COUNTIFS($C$5:$C$2504,$C7,$D$5:$D$2504,$D7,$J$5:$J$2504,$J7,$B$5:$B$2504,$B7)>1,"Takror",""))
A8: 4 | I8: =IF(OR($D8="",$B8=""),"",INT(($B8-$D8)/365.25)) | K8: =IF(OR($J8="",$I8=""),"",IF(OR(AND($J8="Gelmintoz",$I8>=2,$I8<=10),AND($J8="Onkogematologik",$I8>=2,$I8<=18)),"Ha","Yo'q")) | N8: =IF(OR($C8="",$D8="",$J8="",$B8=""),"",IF(COUNTIFS($C$5:$C$2504,$C8,$D$5:$D$2504,$D8,$J$5:$J$2504,$J8,$B$5:$B$2504,$B8)>1,"Takror",""))
A9: 5 | I9: =IF(OR($D9="",$B9=""),"",INT(($B9-$D9)/365.25)) | K9: =IF(OR($J9="",$I9=""),"",IF(OR(AND($J9="Gelmintoz",$I9>=2,$I9<=10),AND($J9="Onkogematologik",$I9>=2,$I9<=18)),"Ha","Yo'q")) | N9: =IF(OR($C9="",$D9="",$J9="",$B9=""),"",IF(COUNTIFS($C$5:$C$2504,$C9,$D$5:$D$2504,$D9,$J$5:$J$2504,$J9,$B$5:$B$2504,$B9)>1,"Takror",""))
A10: 6 | I10: =IF(OR($D10="",$B10=""),"",INT(($B10-$D10)/365.25)) | K10: =IF(OR($J10="",$I10=""),"",IF(OR(AND($J10="Gelmintoz",$I10>=2,$I10<=10),AND($J10="Onkogematologik",$I10>=2,$I10<=18)),"Ha","Yo'q")) | N10: =IF(OR($C10="",$D10="",$J10="",$B10=""),"",IF(COUNTIFS($C$5:$C$2504,$C10,$D$5:$D$2504,$D10,$J$5:$J$2504,$J10,$B$5:$B$2504,$B10)>1,"Takror",""))
A11: 7 | I11: =IF(OR($D11="",$B11=""),"",INT(($B11-$D11)/365.25)) | K11: =IF(OR($J11="",$I11=""),"",IF(OR(AND($J11="Gelmintoz",$I11>=2,$I11<=10),AND($J11="Onkogematologik",$I11>=2,$I11<=18)),"Ha","Yo'q")) | N11: =IF(OR($C11="",$D11="",$J11="",$B11=""),"",IF(COUNTIFS($C$5:$C$2504,$C11,$D$5:$D$2504,$D11,$J$5:$J$2504,$J11,$B$5:$B$2504,$B11)>1,"Takror",""))
A12: 8 | I12: =IF(OR($D12="",$B12=""),"",INT(($B12-$D12)/365.25)) | K12: =IF(OR($J12="",$I12=""),"",IF(OR(AND($J12="Gelmintoz",$I12>=2,$I12<=10),AND($J12="Onkogematologik",$I12>=2,$I12<=18)),"Ha","Yo'q")) | N12: =IF(OR($C12="",$D12="",$J12="",$B12=""),"",IF(COUNTIFS($C$5:$C$2504,$C12,$D$5:$D$2504,$D12,$J$5:$J$2504,$J12,$B$5:$B$2504,$B12)>1,"Takror",""))
A13: 9 | I13: =IF(OR($D13="",$B13=""),"",INT(($B13-$D13)/365.25)) | K13: =IF(OR($J13="",$I13=""),"",IF(OR(AND($J13="Gelmintoz",$I13>=2,$I13<=10),AND($J13="Onkogematologik",$I13>=2,$I13<=18)),"Ha","Yo'q")) | N13: =IF(OR($C13="",$D13="",$J13="",$B13=""),"",IF(COUNTIFS($C$5:$C$2504,$C13,$D$5:$D$2504,$D13,$J$5:$J$2504,$J13,$B$5:$B$2504,$B13)>1,"Takror",""))
A14: 10 | I14: =IF(OR($D14="",$B14=""),"",INT(($B14-$D14)/365.25)) | K14: =IF(OR($J14="",$I14=""),"",IF(OR(AND($J14="Gelmintoz",$I14>=2,$I14<=10),AND($J14="Onkogematologik",$I14>=2,$I14<=18)),"Ha","Yo'q")) | N14: =IF(OR($C14="",$D14="",$J14="",$B14=""),"",IF(COUNTIFS($C$5:$C$2504,$C14,$D$5:$D$2504,$D14,$J$5:$J$2504,$J14,$B$5:$B$2504,$B14)>1,"Takror",""))
A15: 11 | I15: =IF(OR($D15="",$B15=""),"",INT(($B15-$D15)/365.25)) | K15: =IF(OR($J15="",$I15=""),"",IF(OR(AND($J15="Gelmintoz",$I15>=2,$I15<=10),AND($J15="Onkogematologik",$I15>=2,$I15<=18)),"Ha","Yo'q")) | N15: =IF(OR($C15="",$D15="",$J15="",$B15=""),"",IF(COUNTIFS($C$5:$C$2504,$C15,$D$5:$D$2504,$D15,$J$5:$J$2504,$J15,$B$5:$B$2504,$B15)>1,"Takror",""))
A16: 12 | I16: =IF(OR($D16="",$B16=""),"",INT(($B16-$D16)/365.25)) | K16: =IF(OR($J16="",$I16=""),"",IF(OR(AND($J16="Gelmintoz",$I16>=2,$I16<=10),AND($J16="Onkogematologik",$I16>=2,$I16<=18)),"Ha","Yo'q")) | N16: =IF(OR($C16="",$D16="",$J16="",$B16=""),"",IF(COUNTIFS($C$5:$C$2504,$C16,$D$5:$D$2504,$D16,$J$5:$J$2504,$J16,$B$5:$B$2504,$B16)>1,"Takror",""))
... A2504: 2500 | I2504: =IF(OR($D2504="",$B2504=""),"",INT(($B2504-$D2504)/365.25)) | K2504: =IF(OR($J2504="",$I2504=""),"",IF(OR(AND($J2504="Gelmintoz",$I2504>=2,$I2504<=10),AND($J2504="Onkogematologik",$I2504>=2,$I2504<=18)),"Ha","Yo'q")) | N2504: =IF(OR($C2504="",$D2504="",$J2504="",$B2504=""),"",IF(COUNTIFS($C$5:$C$2504,$C2504,$D$5:$D$2504,$D2504,$J$5:$J$2504,$J2504,$B$5:$B$2504,$B2504)>1,"Takror",""))

Sheet Spravochnik
A1: Spravochnik / Справочники (o‘zingiz to‘ldiring va moslashtiring)
A2: Bu ro‘yxatlar boshqa varaqlardagi tanlash menyularini to‘ldiradi. / Эти списки наполняют выпадающие меню на других листах.
A4: Mahalla / Махалля (o‘zingiz yozing) | B4: Vaksina (taqvimga moslab tahrirlang) / Вакцина (отредактируйте по календарю) | D4: Parametrlar (tahrirlanadi) / Параметры (редактируются) | E4: Qiymat / Значение
B5: BCG | D5: Yangi tug‘ilgan patronaji muddati, kun (tug‘ruqxonadan chiqqandan keyin) [buyruq bo‘yicha TEKSHIRING] / Срок патронажа новорождённого, дней после выписки [СВЕРЬТЕ с приказом] | E5: 3
B6: Gepatit B
B7: Pentavalent (DPT-GepB-Hib)
B8: OPV
B9: IPV
B10: Rotavirus
B11: Pnevmokokk
B12: KPK (qizamiq-parotit-qizilcha)
B13: DPT
B14: Td
B15: Boshqa

Sheet Hujjatlar
A1: HUJJATLAR / ДОКУМЕНТЫ — Vrach-pediatr
A2: Siz topshirishingiz kerak bo‘lgan qog‘oz/elektron hujjatlar. Har biri uchun belgilang. / Бумажные/электронные документы, которые вы сдаёте. Отметьте каждый.
A4: T/r | B4: Papka № | C4: Hujjat nomi (o‘zbekcha) | D4: Название документа (русский) | E4: Bor / Есть? | F4: Sana va raqami / Дата и номер | G4: Imzo bor? / Подпись? | H4: Muhr bor? / Печать? | I4: Shakl / Форма | J4: Izoh / Примечание
A5: 1 | B5: 4 | C5: Kasallanish to'g'risida hisobot | D5: Отчёт о заболеваемости
A6: 2 | B6: 5 | C6: Emlash qamrovi to'g'risida hisobotlar | D6: Отчёты об охвате прививками
A7: 3 | B7: 17 | C7: Chaqaloqlar va onalar o'limi ko'rsatkichlari | D7: Показатели младенческой и материнской смертности
A8: 4 | B8: 3 | C8: Chaqaloqning rivojlanish tibbiy kartasi (097-x/sh) | D8: Медицинская карта развития новорождённого (097-х/ш)
A9: 5 | B9: 5 | C9: Profilaktik emlash kartasi (063-x/sh) | D9: Карта профилактических прививок (063-х/ш)
C11: «Bor» — hujjat tayyor va ilova qilinadi. «Yo‘q» — hali yo‘q (izohda sababini yozing). «Kerak emas» — bu davrda talab etilmaydi. / «Bor» — есть и прилагается; «Yo‘q» — нет (причина в примечании); «Kerak emas» — не требуется в этом периоде.

Sheet Chop_etish
A1: SHO‘RCHI TUMAN TIBBIYOT BIRLASHMASI
A2: Birlashma boshlig‘ining onalik va bolalikni muhofaza qilish bo‘yicha o‘rinbosariga / Заместителю начальника объединения по охране материнства и детства
A4: MA’LUMOTNOMA / СПРАВКА
A5: Vrach-pediatr / Врач-педиатр
A7: Muassasa / Учреждение: | C7: =Boshqaruv!C5&"" -> СВП №3 (тест)
A8: Mas’ul / Ответственный: | C8: =Boshqaruv!C6&"" -> Детская Тест Ольга
A9: Davr / Период: | C9: =Boshqaruv!C11&"" -> 1.9.2026 – 30.9.2026
A10: Muddat / Срок: | C10: Har oyning 5-sanasigacha, soat 17:00 gacha / до 5-го числа каждого месяца, до 17:00
A11: Chiqish raqami / Исх. №:
A13: T/r | B13: Ko‘rsatkich | C13: Показатель | D13: Birlik | E13: Joriy davr
A14: 1 | B14: 0–14 yoshdagi bolalar soni | C14: Число детей 0–14 лет | D14: nafar | E14: =IF(Boshqaruv!F17="","",Boshqaruv!F17) -> 6
A15: 2 | B15: 5 yoshgacha bolalar kasallanishi | C15: Заболеваемость детей до 5 лет | D15: ta | E15: =IF(Boshqaruv!F18="","",Boshqaruv!F18) -> 0
A16: 3 | B16: 5 yoshgacha bolalar o'limi | C16: Смертность детей до 5 лет | D16: ta | E16: =IF(Boshqaruv!F19="","",Boshqaruv!F19) -> 0
A17: 4 | B17: Yangi tug'ilganlarni patronaj bilan qamrab olish | C17: Охват новорождённых патронажем | D17: nafar | E17: =IF(Boshqaruv!F20="","",Boshqaruv!F20) -> 0
A18: 5 | B18: Dispanser hisobidagi bolalar | C18: Дети на диспансерном учёте | D18: nafar | E18: =IF(Boshqaruv!F21="","",Boshqaruv!F21) -> 0
A19: 6 | B19: Sog'lomlashtirilgan bolalar | C19: Оздоровлено детей | D19: nafar | E19: =IF(Boshqaruv!F22="","",Boshqaruv!F22) -> 0
A20: 7 | B20: Emlanishi kerak bo'lgan bolalar (reja) | C20: Подлежит прививкам (план) | D20: nafar | E20: =IF(Boshqaruv!F23="","",Boshqaruv!F23) -> 0
A21: 8 | B21: Emlangan bolalar | C21: Привито детей | D21: nafar | E21: =IF(Boshqaruv!F24="","",Boshqaruv!F24) -> 0
A22: 9 | B22: Emlash qamrovi | C22: Охват прививками | D22: % | E22: =IF(Boshqaruv!F25="","",Boshqaruv!F25)
A23: 10 | B23: 3 kun ichida patronaj bilan qamrab olingan chaqaloqlar (tug‘ruqxonadan chiqqach) | C23: Новорождённые, охваченные патронажем в течение 3 дней после выписки | D23: nafar | E23: =IF(Boshqaruv!F26="","",Boshqaruv!F26) -> 0
A24: 11 | B24: 0–5 yoshli bolalar patronaj bilan qamrab olinganlar | C24: Дети 0–5 лет, охваченные патронажем | D24: nafar | E24: =IF(Boshqaruv!F27="","",Boshqaruv!F27) -> 0
A25: 12 | B25: [Voyaga yetmaganlar] 0–17 yoshdagi bolalar kasallanishi | C25: [Несовершеннолетние] Заболеваемость детей 0–17 лет | D25: ta | E25: =IF(Boshqaruv!F28="","",Boshqaruv!F28) -> 0
... A29: 16 | B29: [Voyaga yetmaganlar] 2–18 yoshli bolalar onkogematologik skriningi | C29: [Несовершеннолетние] Онкогематологический скрининг детей 2–18 лет | D29: nafar | E29: =IF(Boshqaruv!F32="","",Boshqaruv!F32) -> 0
A31: Eslatma: bu varaqda faqat yig‘ma sonlar bor; shaxsiy va tibbiy ma’lumotlar (F.I.Sh., tashxis) kiritilmagan. / Примечание: на листе только агрегированные числа; персональных и медицинских данных (ФИО, диагнозов) нет.
A33: Tayyorladi / Подготовил(а): | D33: Sana / Дата: ____.____.20____
A34: ______________________________________ lavozim, F.I.Sh., imzo / должность, ФИО, подпись
A36: Muassasa rahbari / Руководитель учреждения:
A37: ______________________________________ F.I.Sh., imzo / ФИО, подпись
E39: M.O. / М.П. (muhr o‘rni / место печати)

Sheet Eksport
A1: Bu varaq avtomatik to‘ladi — o‘zgartirmang. / Лист заполняется автоматически — не изменяйте.
A2: O‘rinbosar uchun: 4-qatorni (A dan oxirigacha) nusxalab, «Yigish_Svod» faylidagi tegishli varaqqa qiymat sifatida qo‘ying. / Для заместителя: скопируйте строку 4 (от A до конца) и вставьте как значения на соответствующий лист файла «Yigish_Svod».
A3: Muassasa | B3: Mas’ul F.I.Sh. | C3: Davr | D3: Telefon | E3: Tayyorlik | F3: 0–14 yoshdagi bolalar soni [nafar] (Papka 3) | G3: 5 yoshgacha bolalar kasallanishi [ta] (Papka 3) | H3: 5 yoshgacha bolalar o'limi [ta] (Papka 3) | I3: Yangi tug'ilganlarni patronaj bilan qamrab olish [nafar] (Papka 3) | J3: Dispanser hisobidagi bolalar [nafar] (Papka 3) | K3: Sog'lomlashtirilgan bolalar [nafar] (Papka 3) | L3: Emlanishi kerak bo'lgan bolalar (reja) [nafar] (Papka 5) | M3: Emlangan bolalar [nafar] (Papka 5) | N3: Emlash qamrovi [%] (Papka 5) | O3: 3 kun ichida patronaj bilan qamrab olingan chaqaloqlar (tug‘ruqxonadan chiqqach) [nafar] (Papka 3) | P3: 0–5 yoshli bolalar patronaj bilan qamrab olinganlar [nafar] (Papka 3) | Q3: [Voyaga yetmaganlar] 0–17 yoshdagi bolalar kasallanishi [ta] (Papka 3) | R3: [Voyaga yetmaganlar] 0–17 yoshdagi bolalar o‘limi [ta] (Papka 3) | S3: [Voyaga yetmaganlar] Profilaktik ko‘rikdan o‘tgan bolalar va o‘smirlar [nafar] (Papka 3) | T3: [Voyaga yetmaganlar] 2–10 yoshli bolalar gelmintoz skriningi [nafar] (Papka 3) | U3: [Voyaga yetmaganlar] 2–18 yoshli bolalar onkogematologik skriningi [nafar] (Papka 3)
A4: =Boshqaruv!C5&"" -> СВП №3 (тест) | B4: =Boshqaruv!C6&"" -> Детская Тест Ольга | C4: =Boshqaruv!C11&"" -> 1.9.2026 – 30.9.2026 | D4: =Boshqaruv!C8&"" -> +998900000003 | E4: =IF(LEFT(Boshqaruv!C13,1)="✔","TAYYOR","TO‘LIQ EMAS") -> TAYYOR | F4: =IF(Boshqaruv!F17="","",Boshqaruv!F17) -> 6 | G4: =IF(Boshqaruv!F18="","",Boshqaruv!F18) -> 0 | H4: =IF(Boshqaruv!F19="","",Boshqaruv!F19) -> 0 | I4: =IF(Boshqaruv!F20="","",Boshqaruv!F20) -> 0 | J4: =IF(Boshqaruv!F21="","",Boshqaruv!F21) -> 0 | K4: =IF(Boshqaruv!F22="","",Boshqaruv!F22) -> 0 | L4: =IF(Boshqaruv!F23="","",Boshqaruv!F23) -> 0 | M4: =IF(Boshqaruv!F24="","",Boshqaruv!F24) -> 0 | N4: =IF(Boshqaruv!F25="","",Boshqaruv!F25) | O4: =IF(Boshqaruv!F26="","",Boshqaruv!F26) -> 0 | P4: =IF(Boshqaruv!F27="","",Boshqaruv!F27) -> 0 | Q4: =IF(Boshqaruv!F28="","",Boshqaruv!F28) -> 0 | R4: =IF(Boshqaruv!F29="","",Boshqaruv!F29) -> 0 | S4: =IF(Boshqaruv!F30="","",Boshqaruv!F30) -> 0 | T4: =IF(Boshqaruv!F31="","",Boshqaruv!F31) -> 0 | U4: =IF(Boshqaruv!F32="","",Boshqaruv!F32) -> 0
