Workbook

Sheet Yoriqnoma
A1: YO‘RIQNOMA / ИНСТРУКЦИЯ — Tibbiy statistik
A2: Медицинский статистик
A3: MAXFIY / КОНФИДЕНЦИАЛЬНО — bu fayl shaxsiy va tibbiy ma’lumotlarni saqlaydi (shifokorlik siri). Faqat o‘zingizda saqlang, parol qo‘ying; o‘rinbosarga FAQAT «Chop_etish» varag‘i (qog‘oz) va «Eksport» qatori (yig‘ma sonlar) topshiriladi. / Файл хранит персональные и медицинские данные (врачебная тайна). Храните у себя, поставьте пароль; заместителю сдаются ТОЛЬКО лист «Chop_etish» (бумага) и строка «Eksport» (агрегаты).
B4: Kim to‘ldiradi / Кто заполняет | C4: Tibbiy statistik / Медицинский статистик
B5: Kimga topshiriladi / Кому сдаётся | C5: Birlashma boshlig'ining onalik va bolalikni muhofaza qilish bo'yicha o'rinbosari / Заместитель начальника объединения по охране материнства и детства
B6: Muddat / Срок | C6: Har oyning 5-sanasigacha, soat 12:00 gacha / до 5-го числа каждого месяца, до 12:00
B7: Papkalar / Папки | C7: № 2, 17
A9: 1. Qanday ishlash kerak / Как работать
A10: № | B10: Qadam / Шаг | C10: O‘zbekcha (lotin) | D10: Русский
A11: 1 | B11: Muassasalar ro‘yxati | C11: «Muassasalar»ga hisobot beruvchi barcha muassasalarni bir marta yozing. | D11: Внесите в «Muassasalar» все отчитывающиеся учреждения один раз.
A12: 2 | B12: Hisobotlarni kiriting | C12: Har oy har bir muassasadan kelgan hisobotni «Hisobot_jadvali»ga bitta qator qilib yozing (hisobot sanasi = oy oxiri). | D12: Отчёт каждого учреждения за месяц — одна строка в «Hisobot_jadvali» (дата отчёта = конец месяца).
A13: 3 | B13: Topshirmaganlarni tekshiring | C13: «Muassasalar»da qizil qatorlar — shu davr uchun hisobot kelmagan muassasalar. | D13: Красные строки в «Muassasalar» — учреждения, не сдавшие отчёт за период.
A14: 4 | B14: «Boshqaruv» varag‘i | C14: Davr boshi va oxirini (C9, C10), muassasa va F.I.Sh.ni kiriting. Ko‘rsatkichlar jurnallardan o‘zi hisoblanadi; sariq ko‘rsatkichlarni qo‘lda kiriting. «TAYYORLIK» qatori «✔ TAYYOR» bo‘lishi kerak. | D14: Введите начало и конец периода (C9, C10), учреждение и ФИО. Показатели считаются сами из журналов; жёлтые показатели введите вручную. Строка «ГОТОВНОСТЬ» должна показать «✔ ГОТОВО».
A15: 5 | B15: «Chop_etish» varag‘i | C15: A4 qog‘ozga bir bet qilib chop eting, «Tayyorladi»ga imzo qo‘ying, rahbarga imzolating, M.O. joyiga muhr bosdiring. Qog‘ozdagi raqamlar Excel bilan bir xil bo‘lsin. | D15: Распечатайте на одном листе А4, подпишите («Подготовил(а)»), заверьте у руководителя и поставьте печать в поле М.П. Цифры на бумаге должны совпадать с Excel.
A16: 6 | B16: «Eksport» qatori va yuborish | C16: «Eksport» varag‘ining 4-qatori — yig‘ma sonlar (shaxsiy ma’lumotsiz). Faylni EMAS, faqat shu qatorni (yoki «Chop_etish»ni) yuboring. Fayl nomi: Rol_Muassasa_Davr.xlsx. | D16: Строка 4 листа «Eksport» — агрегированные числа (без персональных данных). Отправляйте не файл, а только эту строку (или «Chop_etish»). Имя файла: Роль_Учреждение_Период.xlsx.
A18: 2. Varaqlar va jurnallar / Листы и журналы
A19: № | B19: Varaq / Лист | C19: Nima uchun / Для чего (uz) | D19: Для чего (ru)
A20: 1 | B20: Muassasalar | C20: Muassasalar ro‘yxati va hisobot topshirmaganlarni aniqlash. | D20: Список учреждений и выявление не сдавших отчёт.
A21: 2 | B21: Hisobot_jadvali | C21: Barcha ko‘rsatkichlar (1–13) shu jadvaldan hisoblanadi; ma’lumot muassasalardan olinadi, shaxsiy ma’lumot yo‘q. | D21: Все показатели (1–13) считаются из этой таблицы; данные из учреждений, персональных данных нет.
A22: 3 | B22: Boshqaruv | C22: Davr, ko‘rsatkichlar (avto), tekshiruvlar, tayyorlik. | D22: Период, показатели (авто), проверки, готовность.
A23: 4 | B23: Hujjatlar | C23: Topshiriladigan hujjatlar ro‘yxati va ularning holati. | D23: Перечень сдаваемых документов и их статус.
A24: 5 | B24: Chop_etish | C24: Qog‘oz nusxa (imzo va muhr uchun). | D24: Бумажный экземпляр (для подписи и печати).
A25: 6 | B25: Eksport | C25: O‘rinbosarga yuboriladigan bir qator. | D25: Строка для отправки заместителю.
A27: 3. Qoidalar / Правила
A28: № | B28: Qoida / Правило | C28: O‘zbekcha (lotin) | D28: Русский
A29: 1 | B29: Ranglar | C29: Sariq katak — kiritiladi. Yashil — avtomatik (tegmang). Kulrang — yordamchi ustun. Qizil — xato/muddat o‘tgan. Ustun sarlavhasi: ko‘k — kiritish, yashil — avtomatik. | D29: Жёлтая — ввод. Зелёная — авто (не трогать). Серая — вспомогательная. Красная — ошибка/просрочка. Заголовок: синий — ввод, зелёный — авто.
A30: 2 | B30: Bir marta yozing | C30: Har bir shaxs/hodisa bitta qatorga yoziladi; takror yozuv qizil bo‘ladi. Sanani kun.oy.yil ko‘rinishida kiriting. | D30: Каждый человек/событие — одна строка; дубль подсвечивается красным. Даты вводите как дд.мм.гггг.
A31: 3 | B31: Tashxis va xavf | C31: Tashxis va xavf sababini faqat davolovchi shifokor hujjatidan (karta, xulosa) ko‘chiring — o‘zingizdan yozmang; hujjat raqamini ham yozing. | D31: Диагноз и причину риска переписывайте только из документа лечащего врача (карта, заключение), не от себя; укажите № документа.
A32: 4 | B32: Maxfiylik | C32: Fayl faqat sizda; guruhga yubormang. PINFL kiritish shart emas. Yig‘ma ma’lumot — «Eksport» va «Chop_etish». | D32: Файл только у вас; в группы не отправлять. ПИНФЛ вводить необязательно. Агрегаты — «Eksport» и «Chop_etish».
A33: 5 | B33: Nusxa | C33: Har oy oxirida faylning zaxira nusxasini saqlang (Fayl → Boshqacha saqlash). | D33: В конце каждого месяца сохраняйте резервную копию файла.
A34: 6 | B34: Eng ko‘p xatolar | C34: Sanani matn qilib yozish; yashil katakni o‘zgartirish; ro‘yxatdan tashqari qiymat; davrni (C9, C10) kiritmaslik; qog‘oz va Excel raqamlari mos kelmasligi; imzo/muhrsiz topshirish. | D34: Дата текстом; правка зелёных ячеек; значение не из списка; не введён период (C9, C10); цифры на бумаге и в Excel не совпадают; сдача без подписи/печати.

Sheet Boshqaruv
A1: BOSHQARUV VA KO‘RSATKICHLAR / УПРАВЛЕНИЕ И ПОКАЗАТЕЛИ — Tibbiy statistik
A2: Медицинский статистик
A3: Bu yerda faqat davr va ma’lumotlarni kiriting; ko‘rsatkichlar jurnallardan O‘ZI hisoblanadi (yashil). Sariq katak — qo‘lda kiritiladi. / Здесь вводятся период и реквизиты; показатели считаются САМИ из журналов (зелёные). Жёлтая ячейка — вводится вручную.
B5: Muassasa (nomi, №) / Учреждение
B6: F.I.Sh. (to‘ldiruvchi) / Ф.И.О. (заполняющий)
B7: Lavozimi / Должность | C7: Statistik / Статистик
B8: Telefon / Телефон
B9: Davr boshi (sana) / Начало периода (дата) | D9: ← masalan / напр.: 01.09.2026
B10: Davr oxiri (sana) / Конец периода (дата) | D10: ← masalan / напр.: 30.09.2026
B11: Davr (avto) / Период (авто) | C11: =IF(OR(C9="",C10=""),"",DAY(C9)&"."&MONTH(C9)&"."&YEAR(C9)&" – "&DAY(C10)&"."&MONTH(C10)&"."&YEAR(C10))
B12: Hisob sanasi (avto: davr oxiri, bo‘sh bo‘lsa — bugun) / Дата расчёта (авто: конец периода, иначе сегодня) | C12: =IF(C10="",TODAY(),C10)
B13: TAYYORLIK / ГОТОВНОСТЬ | C13: =IF(IF(OR(C9="",C10=""),"davrni kiriting (C9, C10); ","")&IF(AND(C9<>"",C10<>"",C10<C9),"davr oxiri boshidan oldin; ","")&IF(OR(C5="",C6=""),"muassasa va F.I.Sh.; ","")&IF(SUM(D34,D35,D37)>0,"jurnallarda xatolar bor (pastga qarang); ","")="","✔ TAYYOR / ГОТОВО","✖ TO‘LIQ EMAS / НЕ ПОЛНО: "&IF(OR(C9="",C10=""),"davrni kiriting (C9, C10); ","")&IF(AND(C9<>"",C10<>"",C10<C9),"davr oxiri boshidan oldin; ","")&IF(OR(C5="",C6=""),"muassasa va F.I.Sh.; ","")&IF(SUM(D34,D35,D37)>0,"jurnallarda xatolar bor (pastga qarang); ",""))
B14: HUJJATLAR / ДОКУМЕНТЫ | C14: =IF(COUNTBLANK(Hujjatlar!E5:E12)=0,"✔ Hammasi belgilangan / Всё отмечено","✖ Hujjatlar varag‘ida belgilanmagan: "&COUNTBLANK(Hujjatlar!E5:E12)&" ta")
A16: T/r | B16: Ko‘rsatkich | C16: Показатель | D16: Birlik | E16: Papka | F16: Qiymat / Значение | G16: Manba / Источник и как считается
A17: 1 | B17: Tug'ilganlar | C17: Родившиеся | D17: nafar | E17: 17 | F17: =IF(OR(Boshqaruv!$C$9="",Boshqaruv!$C$10=""),"",SUMIFS('Hisobot_jadvali'!$D$5:$D$404,'Hisobot_jadvali'!$B$5:$B$404,">="&Boshqaruv!$C$9,'Hisobot_jadvali'!$B$5:$B$404,"<="&Boshqaruv!$C$10)) | G17: AVTOMATIK: «Hisobot_jadvali»: tug‘ilganlar yig‘indisi. / АВТОМАТИЧЕСКИ: «Hisobot_jadvali»: сумма родившихся.
A18: 2 | B18: O'lganlar | C18: Умершие | D18: nafar | E18: 17 | F18: =IF(OR(Boshqaruv!$C$9="",Boshqaruv!$C$10=""),"",SUMIFS('Hisobot_jadvali'!$E$5:$E$404,'Hisobot_jadvali'!$B$5:$B$404,">="&Boshqaruv!$C$9,'Hisobot_jadvali'!$B$5:$B$404,"<="&Boshqaruv!$C$10)) | G18: AVTOMATIK: «Hisobot_jadvali»: o‘lganlar yig‘indisi. / АВТОМАТИЧЕСКИ: «Hisobot_jadvali»: сумма умерших.
A19: 3 | B19: Tabiiy o'sish | C19: Естественный прирост | D19: nafar | E19: 17 | F19: =IF(OR(Boshqaruv!$C$9="",Boshqaruv!$C$10=""),"",$F$17-$F$18) | G19: AVTOMATIK: 1-qator − 2-qator. / АВТОМАТИЧЕСКИ: Строка 1 − строка 2.
A20: 4 | B20: Chaqaloqlar o'limi | C20: Младенческая смертность | D20: ta | E20: 17 | F20: =IF(OR(Boshqaruv!$C$9="",Boshqaruv!$C$10=""),"",SUMIFS('Hisobot_jadvali'!$F$5:$F$404,'Hisobot_jadvali'!$B$5:$B$404,">="&Boshqaruv!$C$9,'Hisobot_jadvali'!$B$5:$B$404,"<="&Boshqaruv!$C$10)) | G20: AVTOMATIK: «Hisobot_jadvali»: chaqaloqlar o‘limi. / АВТОМАТИЧЕСКИ: «Hisobot_jadvali»: смерти младенцев.
A21: 5 | B21: Onalar o'limi | C21: Материнская смертность | D21: ta | E21: 15 | F21: =IF(OR(Boshqaruv!$C$9="",Boshqaruv!$C$10=""),"",SUMIFS('Hisobot_jadvali'!$G$5:$G$404,'Hisobot_jadvali'!$B$5:$B$404,">="&Boshqaruv!$C$9,'Hisobot_jadvali'!$B$5:$B$404,"<="&Boshqaruv!$C$10)) | G21: AVTOMATIK: «Hisobot_jadvali»: onalar o‘limi. / АВТОМАТИЧЕСКИ: «Hisobot_jadvali»: материнская смерть.
A22: 6 | B22: Tug'ish yoshidagi ayollar soni | C22: Женщин фертильного возраста | D22: nafar | E22: 17 | F22: =IF(OR(Boshqaruv!$C$9="",Boshqaruv!$C$10=""),"",SUMIFS('Hisobot_jadvali'!$H$5:$H$404,'Hisobot_jadvali'!$B$5:$B$404,">="&DATE(YEAR(Boshqaruv!$C$10),MONTH(Boshqaruv!$C$10),1),'Hisobot_jadvali'!$B$5:$B$404,"<="&Boshqaruv!$C$10)) | G22: AVTOMATIK: «Hisobot_jadvali»: davr oxiridagi kalendar oy hisobotlari yig‘indisi. / АВТОМАТИЧЕСКИ: «Hisobot_jadvali»: сумма отчётов за последний календарный месяц периода.
A23: 7 | B23: Tug‘ruqlar soni (jami) | C23: Число родов (всего) | D23: ta | E23: 17 | F23: =IF(OR(Boshqaruv!$C$9="",Boshqaruv!$C$10=""),"",SUMIFS('Hisobot_jadvali'!$I$5:$I$404,'Hisobot_jadvali'!$B$5:$B$404,">="&Boshqaruv!$C$9,'Hisobot_jadvali'!$B$5:$B$404,"<="&Boshqaruv!$C$10)) | G23: AVTOMATIK: «Hisobot_jadvali»: tug‘ruqlar. / АВТОМАТИЧЕСКИ: «Hisobot_jadvali»: роды. [Asos: 4513-son buyruq (2026), kesarcha kesish ro‘yxati]
A24: 8 | B24: Shundan kesarcha kesish | C24: Из них кесарево сечение | D24: ta | E24: 17 | F24: =IF(OR(Boshqaruv!$C$9="",Boshqaruv!$C$10=""),"",SUMIFS('Hisobot_jadvali'!$J$5:$J$404,'Hisobot_jadvali'!$B$5:$B$404,">="&Boshqaruv!$C$9,'Hisobot_jadvali'!$B$5:$B$404,"<="&Boshqaruv!$C$10)) | G24: AVTOMATIK: «Hisobot_jadvali»: kesarcha. / АВТОМАТИЧЕСКИ: «Hisobot_jadvali»: кесарево. [Asos: 4513-son buyruq (2026), kesarcha kesish ro‘yxati]
A25: 9 | B25: Kesarcha kesish ulushi | C25: Доля кесарева сечения | D25: % | E25: 17 | F25: =IF(OR(Boshqaruv!$C$9="",Boshqaruv!$C$10=""),"",IF(N($F$23)=0,"",$F$24/$F$23)) | G25: AVTOMATIK: 8-qator / 7-qator. / АВТОМАТИЧЕСКИ: Строка 8 / строка 7. [Asos: 4513-son buyruq (2026), kesarcha kesish ro‘yxati]
A26: 10 | B26: [Voyaga yetmaganlar] 0–17 yoshdagi aholi soni | C26: [Несовершеннолетние] Население 0–17 лет | D26: nafar | E26: 17 | F26: =IF(OR(Boshqaruv!$C$9="",Boshqaruv!$C$10=""),"",SUMIFS('Hisobot_jadvali'!$K$5:$K$404,'Hisobot_jadvali'!$B$5:$B$404,">="&DATE(YEAR(Boshqaruv!$C$10),MONTH(Boshqaruv!$C$10),1),'Hisobot_jadvali'!$B$5:$B$404,"<="&Boshqaruv!$C$10)) | G26: AVTOMATIK: «Hisobot_jadvali»: davr oxiridagi oy. / АВТОМАТИЧЕСКИ: «Hisobot_jadvali»: последний месяц периода. [Asos: 363-son buyruq (2020), tibbiy hisob shakllari]
A27: 11 | B27: [Voyaga yetmaganlar] 0–17 yoshdagi o‘lim holatlari | C27: [Несовершеннолетние] Случаи смерти 0–17 лет | D27: ta | E27: 17 | F27: =IF(OR(Boshqaruv!$C$9="",Boshqaruv!$C$10=""),"",SUMIFS('Hisobot_jadvali'!$L$5:$L$404,'Hisobot_jadvali'!$B$5:$B$404,">="&Boshqaruv!$C$9,'Hisobot_jadvali'!$B$5:$B$404,"<="&Boshqaruv!$C$10)) | G27: AVTOMATIK: «Hisobot_jadvali»: 0–17 yosh o‘lim. / АВТОМАТИЧЕСКИ: «Hisobot_jadvali»: смерти 0–17. [Asos: 363-son buyruq (2020), tibbiy hisob shakllari]
A28: 12 | B28: [Voyaga yetmaganlar] Tug‘ruqlar (18 yoshgacha) | C28: [Несовершеннолетние] Роды (до 18 лет) | D28: ta | E28: 17 | F28: =IF(OR(Boshqaruv!$C$9="",Boshqaruv!$C$10=""),"",SUMIFS('Hisobot_jadvali'!$M$5:$M$404,'Hisobot_jadvali'!$B$5:$B$404,">="&Boshqaruv!$C$9,'Hisobot_jadvali'!$B$5:$B$404,"<="&Boshqaruv!$C$10)) | G28: AVTOMATIK: «Hisobot_jadvali»: 18 yoshgacha tug‘ruqlar. / АВТОМАТИЧЕСКИ: «Hisobot_jadvali»: роды до 18 лет. [Asos: 263-son buyruq (2022), doya vazifalari]
A29: 13 | B29: [Voyaga yetmaganlar] Hisobdagi homilador qizlar (18 yoshgacha) | C29: [Несовершеннолетние] Беременные девочки на учёте (до 18 лет) | D29: nafar | E29: 17 | F29: =IF(OR(Boshqaruv!$C$9="",Boshqaruv!$C$10=""),"",SUMIFS('Hisobot_jadvali'!$N$5:$N$404,'Hisobot_jadvali'!$B$5:$B$404,">="&DATE(YEAR(Boshqaruv!$C$10),MONTH(Boshqaruv!$C$10),1),'Hisobot_jadvali'!$B$5:$B$404,"<="&Boshqaruv!$C$10)) | G29: AVTOMATIK: «Hisobot_jadvali»: davr oxiridagi oy. / АВТОМАТИЧЕСКИ: «Hisobot_jadvali»: последний месяц периода. [Asos: 363-son buyruq (2020), tibbiy hisob shakllari]
A31: TEKSHIRUV / ПРОВЕРКА MA’LUMOT SIFATI
B32: Tekshiruv | C32: Проверка | D32: Soni | F32: Holat | G32: Nima qilish kerak / Что делать
B33: Davr uchun hisobot topshirmagan muassasalar | C33: Учреждения, не сдавшие отчёт за период | D33: =COUNTIF('Muassasalar'!$G$5:$G$84,"Ha") | F33: =IF(N(D33)=0,"✔ OK",IF("warn"="err","✖ XATO / ОШИБКА","⚠ DIQQAT / ВНИМАНИЕ")) | G33: Eslatma yuboring / Отправьте напоминание
B34: Kesarcha tug‘ruqlardan ko‘p | C34: Кесарево больше числа родов | D34: =SUMPRODUCT(--('Hisobot_jadvali'!$J$5:$J$404>'Hisobot_jadvali'!$I$5:$I$404)) | F34: =IF(N(D34)=0,"✔ OK",IF("err"="err","✖ XATO / ОШИБКА","⚠ DIQQAT / ВНИМАНИЕ")) | G34: Sonlarni tekshiring / Проверьте числа
B35: Hisobot oyi tanlanmagan muassasa | C35: Нет даты отчёта | D35: =COUNTIFS('Hisobot_jadvali'!$C$5:$C$404,"<>",'Hisobot_jadvali'!$B$5:$B$404,"") | F35: =IF(N(D35)=0,"✔ OK",IF("err"="err","✖ XATO / ОШИБКА","⚠ DIQQAT / ВНИМАНИЕ")) | G35: Sanani kiriting / Введите дату
B36: Takroriy hisobot (bir muassasa, bir sana) | C36: Повторный отчёт (то же учреждение, дата) | D36: =COUNTIF('Hisobot_jadvali'!$Q$5:$Q$404,"Takror") | F36: =IF(N(D36)=0,"✔ OK",IF("warn"="err","✖ XATO / ОШИБКА","⚠ DIQQAT / ВНИМАНИЕ")) | G36: Tekshiring / Проверьте
B37: Takror yozuvlar — Hisobot_jadvali | C37: Дубли — Hisobot_jadvali | D37: =COUNTIF('Hisobot_jadvali'!$Q$5:$Q$404,"Takror") | F37: =IF(N(D37)=0,"✔ OK",IF("err"="err","✖ XATO / ОШИБКА","⚠ DIQQAT / ВНИМАНИЕ")) | G37: Qizil qatorni toping va takrorni o‘chiring / Найдите красные строки и удалите дубль

Sheet Muassasalar
A1: HISOBOT BERUVCHI MUASSASALAR / ОТЧИТЫВАЮЩИЕСЯ УЧРЕЖДЕНИЯ
A2: Tumandagi har bir hisobot beruvchi muassasa (QVP, poliklinika, tug‘ruq bo‘limi va h.k.) — bitta qator. «Davrda hisobot» ustuni nechta hisobot kelganini ko‘rsatadi. / Каждое отчитывающееся учреждение района — одна строка. Колонка «Davrda hisobot» показывает число полученных отчётов.
A4: № | B4: Muassasa nomi Название учреждения | C4: Turi Тип | D4: Mas’ul F.I.Sh. Ответственный | E4: Telefon Телефон | F4: Davrda hisobot (avto) Отчётов за период (авто) | G4: Topshirmagan? (avto) Не сдал? (авто) | H4: Izoh Примечание
A5: 1 | F5: =IF($B5="","",COUNTIFS('Hisobot_jadvali'!$C$5:$C$404,$B5,'Hisobot_jadvali'!$B$5:$B$404,">="&Boshqaruv!$C$9,'Hisobot_jadvali'!$B$5:$B$404,"<="&Boshqaruv!$C$10)) | G5: =IF($B5="","",IF($F5=0,"Ha",""))
A6: 2 | F6: =IF($B6="","",COUNTIFS('Hisobot_jadvali'!$C$5:$C$404,$B6,'Hisobot_jadvali'!$B$5:$B$404,">="&Boshqaruv!$C$9,'Hisobot_jadvali'!$B$5:$B$404,"<="&Boshqaruv!$C$10)) | G6: =IF($B6="","",IF($F6=0,"Ha",""))
A7: 3 | F7: =IF($B7="","",COUNTIFS('Hisobot_jadvali'!$C$5:$C$404,$B7,'Hisobot_jadvali'!$B$5:$B$404,">="&Boshqaruv!$C$9,'Hisobot_jadvali'!$B$5:$B$404,"<="&Boshqaruv!$C$10)) | G7: =IF($B7="","",IF($F7=0,"Ha",""))
A8: 4 | F8: =IF($B8="","",COUNTIFS('Hisobot_jadvali'!$C$5:$C$404,$B8,'Hisobot_jadvali'!$B$5:$B$404,">="&Boshqaruv!$C$9,'Hisobot_jadvali'!$B$5:$B$404,"<="&Boshqaruv!$C$10)) | G8: =IF($B8="","",IF($F8=0,"Ha",""))
A9: 5 | F9: =IF($B9="","",COUNTIFS('Hisobot_jadvali'!$C$5:$C$404,$B9,'Hisobot_jadvali'!$B$5:$B$404,">="&Boshqaruv!$C$9,'Hisobot_jadvali'!$B$5:$B$404,"<="&Boshqaruv!$C$10)) | G9: =IF($B9="","",IF($F9=0,"Ha",""))
A10: 6 | F10: =IF($B10="","",COUNTIFS('Hisobot_jadvali'!$C$5:$C$404,$B10,'Hisobot_jadvali'!$B$5:$B$404,">="&Boshqaruv!$C$9,'Hisobot_jadvali'!$B$5:$B$404,"<="&Boshqaruv!$C$10)) | G10: =IF($B10="","",IF($F10=0,"Ha",""))
A11: 7 | F11: =IF($B11="","",COUNTIFS('Hisobot_jadvali'!$C$5:$C$404,$B11,'Hisobot_jadvali'!$B$5:$B$404,">="&Boshqaruv!$C$9,'Hisobot_jadvali'!$B$5:$B$404,"<="&Boshqaruv!$C$10)) | G11: =IF($B11="","",IF($F11=0,"Ha",""))
A12: 8 | F12: =IF($B12="","",COUNTIFS('Hisobot_jadvali'!$C$5:$C$404,$B12,'Hisobot_jadvali'!$B$5:$B$404,">="&Boshqaruv!$C$9,'Hisobot_jadvali'!$B$5:$B$404,"<="&Boshqaruv!$C$10)) | G12: =IF($B12="","",IF($F12=0,"Ha",""))
A13: 9 | F13: =IF($B13="","",COUNTIFS('Hisobot_jadvali'!$C$5:$C$404,$B13,'Hisobot_jadvali'!$B$5:$B$404,">="&Boshqaruv!$C$9,'Hisobot_jadvali'!$B$5:$B$404,"<="&Boshqaruv!$C$10)) | G13: =IF($B13="","",IF($F13=0,"Ha",""))
A14: 10 | F14: =IF($B14="","",COUNTIFS('Hisobot_jadvali'!$C$5:$C$404,$B14,'Hisobot_jadvali'!$B$5:$B$404,">="&Boshqaruv!$C$9,'Hisobot_jadvali'!$B$5:$B$404,"<="&Boshqaruv!$C$10)) | G14: =IF($B14="","",IF($F14=0,"Ha",""))
A15: 11 | F15: =IF($B15="","",COUNTIFS('Hisobot_jadvali'!$C$5:$C$404,$B15,'Hisobot_jadvali'!$B$5:$B$404,">="&Boshqaruv!$C$9,'Hisobot_jadvali'!$B$5:$B$404,"<="&Boshqaruv!$C$10)) | G15: =IF($B15="","",IF($F15=0,"Ha",""))
A16: 12 | F16: =IF($B16="","",COUNTIFS('Hisobot_jadvali'!$C$5:$C$404,$B16,'Hisobot_jadvali'!$B$5:$B$404,">="&Boshqaruv!$C$9,'Hisobot_jadvali'!$B$5:$B$404,"<="&Boshqaruv!$C$10)) | G16: =IF($B16="","",IF($F16=0,"Ha",""))
... A84: 80 | F84: =IF($B84="","",COUNTIFS('Hisobot_jadvali'!$C$5:$C$404,$B84,'Hisobot_jadvali'!$B$5:$B$404,">="&Boshqaruv!$C$9,'Hisobot_jadvali'!$B$5:$B$404,"<="&Boshqaruv!$C$10)) | G84: =IF($B84="","",IF($F84=0,"Ha",""))

Sheet Hisobot_jadvali
A1: MUASSASALAR OYLIK HISOBOTLARI JADVALI / СВОДНАЯ ТАБЛИЦА МЕСЯЧНЫХ ОТЧЁТОВ УЧРЕЖДЕНИЙ
A2: Har bir muassasa — oyiga bitta qator. «Hisobot sanasi» — hisobot oyining oxirgi kuni. Oqim ko‘rsatkichlari davr bo‘yicha qo‘shiladi; holat ko‘rsatkichlari (ayollar, 0–17 aholi, hisobdagi qizlar) faqat davr oxiridagi kalendar oy hisobotidan olinadi. / Каждое учреждение — одна строка в месяц. «Hisobot sanasi» — последний день месяца. Потоки суммируются за период; остатки (женщины, население 0–17, девочки на учёте) берутся только из отчёта за последний календарный месяц периода.
A4: № | B4: Hisobot sanasi (oy oxiri) Дата отчёта (конец месяца) | C4: Muassasa Учреждение | D4: Tug‘ilganlar Родившиеся | E4: O‘lganlar (jami) Умершие (всего) | F4: Chaqaloqlar o‘limi Смерти младенцев | G4: Onalar o‘limi Материнская смерть | H4: Tug‘ish yoshidagi ayollar (holat) Женщины фертильного возраста (остаток) | I4: Tug‘ruqlar (jami) Роды (всего) | J4: Shundan kesarcha Из них кесарево | K4: 0–17 yoshdagi aholi (holat) Население 0–17 (остаток) | L4: 0–17 yoshdagi o‘lim Смерти 0–17 лет | M4: 18 yoshgacha tug‘ruqlar Роды до 18 лет | N4: Hisobdagi homilador qizlar (holat) Беременные до 18 на учёте (остаток) | O4: Hisobot / xat № № отчёта / письма | P4: Izoh Примечание | Q4: Takror? (avto) Дубль?
A5: 1 | Q5: =IF(OR($C5="",$B5=""),"",IF(COUNTIFS($C$5:$C$404,$C5,$B$5:$B$404,$B5)>1,"Takror",""))
A6: 2 | Q6: =IF(OR($C6="",$B6=""),"",IF(COUNTIFS($C$5:$C$404,$C6,$B$5:$B$404,$B6)>1,"Takror",""))
A7: 3 | Q7: =IF(OR($C7="",$B7=""),"",IF(COUNTIFS($C$5:$C$404,$C7,$B$5:$B$404,$B7)>1,"Takror",""))
A8: 4 | Q8: =IF(OR($C8="",$B8=""),"",IF(COUNTIFS($C$5:$C$404,$C8,$B$5:$B$404,$B8)>1,"Takror",""))
A9: 5 | Q9: =IF(OR($C9="",$B9=""),"",IF(COUNTIFS($C$5:$C$404,$C9,$B$5:$B$404,$B9)>1,"Takror",""))
A10: 6 | Q10: =IF(OR($C10="",$B10=""),"",IF(COUNTIFS($C$5:$C$404,$C10,$B$5:$B$404,$B10)>1,"Takror",""))
A11: 7 | Q11: =IF(OR($C11="",$B11=""),"",IF(COUNTIFS($C$5:$C$404,$C11,$B$5:$B$404,$B11)>1,"Takror",""))
A12: 8 | Q12: =IF(OR($C12="",$B12=""),"",IF(COUNTIFS($C$5:$C$404,$C12,$B$5:$B$404,$B12)>1,"Takror",""))
A13: 9 | Q13: =IF(OR($C13="",$B13=""),"",IF(COUNTIFS($C$5:$C$404,$C13,$B$5:$B$404,$B13)>1,"Takror",""))
A14: 10 | Q14: =IF(OR($C14="",$B14=""),"",IF(COUNTIFS($C$5:$C$404,$C14,$B$5:$B$404,$B14)>1,"Takror",""))
A15: 11 | Q15: =IF(OR($C15="",$B15=""),"",IF(COUNTIFS($C$5:$C$404,$C15,$B$5:$B$404,$B15)>1,"Takror",""))
A16: 12 | Q16: =IF(OR($C16="",$B16=""),"",IF(COUNTIFS($C$5:$C$404,$C16,$B$5:$B$404,$B16)>1,"Takror",""))
... A404: 400 | Q404: =IF(OR($C404="",$B404=""),"",IF(COUNTIFS($C$5:$C$404,$C404,$B$5:$B$404,$B404)>1,"Takror",""))

Sheet Hujjatlar
A1: HUJJATLAR / ДОКУМЕНТЫ — Tibbiy statistik
A2: Siz topshirishingiz kerak bo‘lgan qog‘oz/elektron hujjatlar. Har biri uchun belgilang. / Бумажные/электронные документы, которые вы сдаёте. Отметьте каждый.
A4: T/r | B4: Papka № | C4: Hujjat nomi (o‘zbekcha) | D4: Название документа (русский) | E4: Bor / Есть? | F4: Sana va raqami / Дата и номер | G4: Imzo bor? / Подпись? | H4: Muhr bor? / Печать? | I4: Shakl / Форма | J4: Izoh / Примечание
A5: 1 | B5: 7 | C5: Statistik ma'lumotlar | D5: Статистические данные
A6: 2 | B6: 17 | C6: Tug'ilish va o'lim bo'yicha statistik ma'lumotlar | D6: Статистические данные о рождаемости и смертности
A7: 3 | B7: 17 | C7: Tabiiy o'sish hisob-kitobi | D7: Расчёт естественного прироста
A8: 4 | B8: 17 | C8: Demografik vaziyat tahlili | D8: Анализ демографической ситуации
A9: 5 | B9: 17 | C9: Choraklik va yillik ma'lumotnomalar | D9: Квартальные и годовые справки
A10: 6 | B10: 17 | C10: Chaqaloqlar va onalar o'limi ko'rsatkichlari | D10: Показатели младенческой и материнской смертности
A11: 7 | B11: 17 | C11: Statistika organlari bilan yozishmalar | D11: Переписка со статистическими органами
A12: 8 | B12: 17 | C12: Shifoxonadan chiqarilganlarning statistik kartasi (066-x/sh) | D12: Статистическая карта выбывших из стационара (066-х/ш)
C14: «Bor» — hujjat tayyor va ilova qilinadi. «Yo‘q» — hali yo‘q (izohda sababini yozing). «Kerak emas» — bu davrda talab etilmaydi. / «Bor» — есть и прилагается; «Yo‘q» — нет (причина в примечании); «Kerak emas» — не требуется в этом периоде.

Sheet Chop_etish
A1: SHO‘RCHI TUMAN TIBBIYOT BIRLASHMASI
A2: Birlashma boshlig‘ining onalik va bolalikni muhofaza qilish bo‘yicha o‘rinbosariga / Заместителю начальника объединения по охране материнства и детства
A4: MA’LUMOTNOMA / СПРАВКА
A5: Tibbiy statistik / Медицинский статистик
A7: Muassasa / Учреждение: | C7: =Boshqaruv!C5&""
A8: Mas’ul / Ответственный: | C8: =Boshqaruv!C6&""
A9: Davr / Период: | C9: =Boshqaruv!C11&""
A10: Muddat / Срок: | C10: Har oyning 5-sanasigacha, soat 12:00 gacha / до 5-го числа каждого месяца, до 12:00
A11: Chiqish raqami / Исх. №:
A13: T/r | B13: Ko‘rsatkich | C13: Показатель | D13: Birlik | E13: Joriy davr
A14: 1 | B14: Tug'ilganlar | C14: Родившиеся | D14: nafar | E14: =IF(Boshqaruv!F17="","",Boshqaruv!F17)
A15: 2 | B15: O'lganlar | C15: Умершие | D15: nafar | E15: =IF(Boshqaruv!F18="","",Boshqaruv!F18)
A16: 3 | B16: Tabiiy o'sish | C16: Естественный прирост | D16: nafar | E16: =IF(Boshqaruv!F19="","",Boshqaruv!F19)
A17: 4 | B17: Chaqaloqlar o'limi | C17: Младенческая смертность | D17: ta | E17: =IF(Boshqaruv!F20="","",Boshqaruv!F20)
A18: 5 | B18: Onalar o'limi | C18: Материнская смертность | D18: ta | E18: =IF(Boshqaruv!F21="","",Boshqaruv!F21)
A19: 6 | B19: Tug'ish yoshidagi ayollar soni | C19: Женщин фертильного возраста | D19: nafar | E19: =IF(Boshqaruv!F22="","",Boshqaruv!F22)
A20: 7 | B20: Tug‘ruqlar soni (jami) | C20: Число родов (всего) | D20: ta | E20: =IF(Boshqaruv!F23="","",Boshqaruv!F23)
A21: 8 | B21: Shundan kesarcha kesish | C21: Из них кесарево сечение | D21: ta | E21: =IF(Boshqaruv!F24="","",Boshqaruv!F24)
A22: 9 | B22: Kesarcha kesish ulushi | C22: Доля кесарева сечения | D22: % | E22: =IF(Boshqaruv!F25="","",Boshqaruv!F25)
A23: 10 | B23: [Voyaga yetmaganlar] 0–17 yoshdagi aholi soni | C23: [Несовершеннолетние] Население 0–17 лет | D23: nafar | E23: =IF(Boshqaruv!F26="","",Boshqaruv!F26)
A24: 11 | B24: [Voyaga yetmaganlar] 0–17 yoshdagi o‘lim holatlari | C24: [Несовершеннолетние] Случаи смерти 0–17 лет | D24: ta | E24: =IF(Boshqaruv!F27="","",Boshqaruv!F27)
A25: 12 | B25: [Voyaga yetmaganlar] Tug‘ruqlar (18 yoshgacha) | C25: [Несовершеннолетние] Роды (до 18 лет) | D25: ta | E25: =IF(Boshqaruv!F28="","",Boshqaruv!F28)
A26: 13 | B26: [Voyaga yetmaganlar] Hisobdagi homilador qizlar (18 yoshgacha) | C26: [Несовершеннолетние] Беременные девочки на учёте (до 18 лет) | D26: nafar | E26: =IF(Boshqaruv!F29="","",Boshqaruv!F29)
A28: Eslatma: bu varaqda faqat yig‘ma sonlar bor; shaxsiy va tibbiy ma’lumotlar (F.I.Sh., tashxis) kiritilmagan. / Примечание: на листе только агрегированные числа; персональных и медицинских данных (ФИО, диагнозов) нет.
A30: Tayyorladi / Подготовил(а): | D30: Sana / Дата: ____.____.20____
A31: ______________________________________ lavozim, F.I.Sh., imzo / должность, ФИО, подпись
A33: Muassasa rahbari / Руководитель учреждения:
A34: ______________________________________ F.I.Sh., imzo / ФИО, подпись
E36: M.O. / М.П. (muhr o‘rni / место печати)

Sheet Eksport
A1: Bu varaq avtomatik to‘ladi — o‘zgartirmang. / Лист заполняется автоматически — не изменяйте.
A2: O‘rinbosar uchun: 4-qatorni (A dan oxirigacha) nusxalab, «Yigish_Svod» faylidagi tegishli varaqqa qiymat sifatida qo‘ying. / Для заместителя: скопируйте строку 4 (от A до конца) и вставьте как значения на соответствующий лист файла «Yigish_Svod».
A3: Muassasa | B3: Mas’ul F.I.Sh. | C3: Davr | D3: Telefon | E3: Tayyorlik | F3: Tug'ilganlar [nafar] (Papka 17) | G3: O'lganlar [nafar] (Papka 17) | H3: Tabiiy o'sish [nafar] (Papka 17) | I3: Chaqaloqlar o'limi [ta] (Papka 17) | J3: Onalar o'limi [ta] (Papka 15) | K3: Tug'ish yoshidagi ayollar soni [nafar] (Papka 17) | L3: Tug‘ruqlar soni (jami) [ta] (Papka 17) | M3: Shundan kesarcha kesish [ta] (Papka 17) | N3: Kesarcha kesish ulushi [%] (Papka 17) | O3: [Voyaga yetmaganlar] 0–17 yoshdagi aholi soni [nafar] (Papka 17) | P3: [Voyaga yetmaganlar] 0–17 yoshdagi o‘lim holatlari [ta] (Papka 17) | Q3: [Voyaga yetmaganlar] Tug‘ruqlar (18 yoshgacha) [ta] (Papka 17) | R3: [Voyaga yetmaganlar] Hisobdagi homilador qizlar (18 yoshgacha) [nafar] (Papka 17)
A4: =Boshqaruv!C5&"" | B4: =Boshqaruv!C6&"" | C4: =Boshqaruv!C11&"" | D4: =Boshqaruv!C8&"" | E4: =IF(LEFT(Boshqaruv!C13,1)="✔","TAYYOR","TO‘LIQ EMAS") | F4: =IF(Boshqaruv!F17="","",Boshqaruv!F17) | G4: =IF(Boshqaruv!F18="","",Boshqaruv!F18) | H4: =IF(Boshqaruv!F19="","",Boshqaruv!F19) | I4: =IF(Boshqaruv!F20="","",Boshqaruv!F20) | J4: =IF(Boshqaruv!F21="","",Boshqaruv!F21) | K4: =IF(Boshqaruv!F22="","",Boshqaruv!F22) | L4: =IF(Boshqaruv!F23="","",Boshqaruv!F23) | M4: =IF(Boshqaruv!F24="","",Boshqaruv!F24) | N4: =IF(Boshqaruv!F25="","",Boshqaruv!F25) | O4: =IF(Boshqaruv!F26="","",Boshqaruv!F26) | P4: =IF(Boshqaruv!F27="","",Boshqaruv!F27) | Q4: =IF(Boshqaruv!F28="","",Boshqaruv!F28) | R4: =IF(Boshqaruv!F29="","",Boshqaruv!F29)
